         7377140 function calls (6996443 primitive calls) in 2.711 seconds

   Ordered by: internal time

   ncalls  tottime  percall  cumtime  percall filename:lineno(function)
    22384    0.111    0.000    0.187    0.000 cache.py:74(add)
451877/449939    0.072    0.000    0.182    0.000 {method 'join' of 'str' objects}
   199757    0.068    0.000    0.100    0.000 dsn.py:28(join)
      155    0.062    0.000    0.062    0.000 {built-in method builtins.compile}
18021/17915    0.044    0.000    0.658    0.000 di.py:142(invoke)
 22384/14    0.044    0.000    0.115    0.008 finder.py:90(full_pathfy)
   346360    0.039    0.000    0.041    0.000 {built-in method builtins.isinstance}
   169550    0.039    0.000    0.039    0.000 {method 'split' of 'str' objects}
520089/519893    0.038    0.000    0.038    0.000 {built-in method builtins.len}
83319/67557    0.037    0.000    0.589    0.000 memo2.py:35(get)
    27267    0.037    0.000    0.096    0.000 query.py:196(values)
296801/188165    0.034    0.000    0.490    0.000 {built-in method builtins.getattr}
     4436    0.033    0.000    0.090    0.000 runtime.py:93(new_context)
    41188    0.032    0.000    0.084    0.000 module.py:32(full_joined)
86072/41188    0.032    0.000    0.062    0.000 reflection.py:337(types)
 22384/14    0.031    0.000    0.041    0.003 entry.py:164(__loads)
24412/7903    0.030    0.000    0.058    0.000 cache.py:49(group_by)
    89996    0.029    0.000    0.065    0.000 di.py:321(__symbolize)
35990/35821    0.029    0.000    0.577    0.000 di.py:359(resolve)
    35154    0.027    0.000    0.027    0.000 {method 'sub' of 're.Pattern' objects}
    56571    0.027    0.000    0.043    0.000 dsn.py:16(elements)
    73430    0.026    0.000    0.045    0.000 module.py:89(parsed)
    38161    0.025    0.000    0.138    0.000 module.py:146(join)
   162248    0.025    0.000    0.038    0.000 di.py:104(_acceptable_symbol)
   225886    0.023    0.000    0.023    0.000 {method 'pop' of 'list' objects}
    41250    0.023    0.000    0.052    0.000 path.py:10(join)
   100905    0.022    0.000    0.030    0.000 reflection.py:355(origin)
23425/20672    0.021    0.000    0.520    0.000 resolver.py:33(resolve)
    51249    0.021    0.000    0.045    0.000 path.py:57(joined)
9708/4652    0.021    0.000    1.590    0.000 procedure.py:136(__run_action)
1829/1828    0.020    0.000    0.026    0.000 {built-in method builtins.__build_class__}
    14498    0.020    0.000    0.029    0.000 finder.py:130(__aligned_children)
    64105    0.020    0.000    0.058    0.000 module.py:125(__init__)
     5070    0.019    0.000    0.204    0.000 finder.py:110(__make_scopes)
    53870    0.019    0.000    0.067    0.000 di.py:300(can_resolve)
    83398    0.019    0.000    0.019    0.000 __init__.py:1013(__getitem__)
    14314    0.019    0.000    0.042    0.000 finder.py:124(__allow_scope)
   108018    0.018    0.000    0.018    0.000 module.py:57(to_fullyname)
    37158    0.018    0.000    0.036    0.000 nodes.py:169(iter_child_nodes)
    34361    0.017    0.000    0.062    0.000 __init__.py:183(sub)
    20511    0.017    0.000    0.021    0.000 node.py:31(__init__)
    14837    0.017    0.000    0.117    0.000 finder.py:193(__each_find_raw)
     9681    0.017    0.000    0.022    0.000 reflection.py:321(__init__)
   107914    0.016    0.000    0.016    0.000 cache.py:14(exists)
    22110    0.016    0.000    0.074    0.000 path.py:170(shift)
     7149    0.016    0.000    0.029    0.000 lexer.py:669(tokeniter)
    27147    0.016    0.000    0.115    0.000 node.py:382(_values)
25934/25352    0.016    0.000    0.528    0.000 node.py:348(_children)
    68179    0.014    0.000    0.015    0.000 entry.py:26(name)
    72144    0.014    0.000    0.030    0.000 di.py:131(__find_symbol)
25934/25352    0.014    0.000    0.491    0.000 query.py:134(children)
83319/67557    0.014    0.000    0.561    0.000 memo2.py:16(get)
    38970    0.014    0.000    0.032    0.000 module.py:53(local_joined)
     8062    0.013    0.000    0.015    0.000 __init__.py:1027(__iter__)
      155    0.013    0.000    0.014    0.000 {built-in method _io.open}
     9708    0.013    0.000    0.059    0.000 procedure.py:176(__make_event)
    48581    0.013    0.000    0.022    0.000 cache.py:34(by)
    48295    0.013    0.000    0.052    0.000 path.py:47(elements)
    34730    0.012    0.000    0.022    0.000 __init__.py:330(_compile)
    27147    0.012    0.000    0.130    0.000 node.py:168(tokens)
    14180    0.012    0.000    0.065    0.000 string.py:15(snakelize)
       28    0.012    0.000    0.012    0.000 decoder.py:351(raw_decode)
     9731    0.012    0.000    0.102    0.000 finder.py:59(by_standard)
    13740    0.012    0.000    0.027    0.000 node.py:178(prop_keys)
3852/3332    0.012    0.000    0.461    0.000 query.py:145(factory)
9708/4652    0.012    0.000    1.530    0.000 middleware.py:110(__emit)
23425/20672    0.012    0.000    0.536    0.000 query.py:30(__resolve)
9708/4652    0.011    0.000    1.576    0.000 procedure.py:150(__emit)
    91603    0.011    0.000    0.011    0.000 {method 'append' of 'list' objects}
     3412    0.011    0.000    0.127    0.000 traits.py:59(actualize)
    42747    0.011    0.000    0.016    0.000 {built-in method builtins.hasattr}
9708/2431    0.010    0.000    0.481    0.000 node.py:236(procedural)
    21145    0.010    0.000    0.042    0.000 path.py:76(last)
     5070    0.010    0.000    0.347    0.000 finder.py:94(find_by_symbolic)
9708/4652    0.010    0.000    1.618    0.000 procedure.py:118(__action)
20502/11204    0.010    0.000    0.016    0.000 reflection.py:370(attrs)
     4436    0.010    0.000    0.020    0.000 runtime.py:165(__init__)
   121407    0.010    0.000    0.010    0.000 base.py:208(active)
    66622    0.010    0.000    0.013    0.000 nodes.py:147(iter_fields)
     9956    0.010    0.000    0.015    0.000 node.py:64(__eq__)
35990/35821    0.009    0.000    0.436    0.000 di.py:83(resolve)
6190/1938    0.009    0.000    0.022    0.000 sequence.py:32(expand)
     8760    0.008    0.000    0.013    0.000 reflection.py:240(__getattr__)
22879/19518    0.008    0.000    0.084    0.000 node.py:129(scope)
    14498    0.008    0.000    0.010    0.000 entry.py:43(children)
     6531    0.008    0.000    0.025    0.000 reflection.py:115(stack)
    76091    0.008    0.000    0.008    0.000 node.py:88(full_path)
12875/111    0.008    0.000    0.098    0.001 visitor.py:35(visit)
8760/8614    0.008    0.000    0.372    0.000 trait.py:132(<lambda>)
    36126    0.007    0.000    0.023    0.000 di.py:32(__inner_binded)
     2708    0.007    0.000    0.096    0.000 primary.py:818(is_decl_local_var)
    13767    0.007    0.000    0.075    0.000 path.py:103(parent_tag)
    35990    0.007    0.000    0.030    0.000 di.py:21(can_resolve)
     3488    0.007    0.000    0.051    0.000 query.py:77(factory)
4494/2502    0.007    0.000    0.019    0.000 runtime.py:262(call)
    89348    0.007    0.000    0.007    0.000 path.py:34(__init__)
10831/8623    0.007    0.000    0.015    0.000 utils.py:74(deserialize)
    22632    0.007    0.000    0.007    0.000 {method 'match' of 're.Pattern' objects}
    21145    0.007    0.000    0.010    0.000 path.py:112(__break_tag)
    14231    0.007    0.000    0.116    0.000 finder.py:160(__find_raw)
15518/14769    0.007    0.000    0.160    0.000 query.py:52(by)
    87024    0.007    0.000    0.014    0.000 <frozen _collections_abc>:873(__iter__)
    50868    0.007    0.000    0.007    0.000 {method 'items' of 'dict' objects}
    54072    0.007    0.000    0.007    0.000 di.py:311(__can_resolve)
    12243    0.006    0.000    0.023    0.000 node.py:278(_exists)
    33953    0.006    0.000    0.006    0.000 db.py:64(__contains__)
    42663    0.006    0.000    0.006    0.000 {method 'find' of 'str' objects}
5069/4001    0.006    0.000    0.397    0.000 defer.py:55(__getattribute__)
     8515    0.006    0.000    0.119    0.000 reflections.py:60(type_is)
11808/11678    0.006    0.000    0.258    0.000 node.py:300(_at)
12005/11256    0.006    0.000    0.167    0.000 node.py:288(_by)
     7009    0.006    0.000    0.010    0.000 node.py:430(one_of)
    35246    0.006    0.000    0.006    0.000 {method 'count' of 'str' objects}
     3243    0.006    0.000    0.009    0.000 nodes.py:129(__init__)
     4567    0.006    0.000    0.012    0.000 utils.py:497(__getitem__)
     1075    0.006    0.000    0.229    0.000 reflections.py:425(on_relay)
       14    0.006    0.000    0.307    0.022 query.py:16(__init__)
 9333/542    0.006    0.000    0.023    0.000 nodes.py:195(find_all)
    41289    0.005    0.000    0.005    0.000 {method 'values' of 'dict' objects}
     5841    0.005    0.000    0.009    0.000 trait.py:84(implements)
      824    0.005    0.000    0.010    0.000 template.py:49(__init__)
    58248    0.005    0.000    0.005    0.000 procedure.py:94(__stack)
     4822    0.005    0.000    0.038    0.000 lexer.py:615(wrap)
     4032    0.005    0.000    0.465    0.000 node.py:255(__prop_expand)
     3932    0.005    0.000    0.042    0.000 query.py:205(factory)
     3625    0.005    0.000    0.400    0.000 render.py:59(render)
    12510    0.005    0.000    0.062    0.000 node.py:98(classification)
     3625    0.005    0.000    0.209    0.000 environment.py:1272(render)
     5841    0.005    0.000    0.015    0.000 reflection.py:191(impl)
9708/4652    0.005    0.000    1.532    0.000 middleware.py:99(emit)
    27582    0.005    0.000    0.008    0.000 node.py:405(is_a)
   2431/1    0.005    0.000    2.066    2.066 procedure.py:72(__exec_impl)
     3972    0.005    0.000    0.005    0.000 {method 'remove' of 'collections.deque' objects}
 6814/898    0.005    0.000    0.027    0.000 visitor.py:44(generic_visit)
    10230    0.005    0.000    0.008    0.000 dsn.py:4(elem_counts)
     6526    0.005    0.000    0.042    0.000 statement_compound.py:346(_dig_embedder)
     1177    0.005    0.000    0.013    0.000 serializer.py:90(_deserialize_attrs)
      590    0.005    0.000    0.351    0.001 py2cpp.py:824(on_relay)
     1670    0.005    0.000    0.037    0.000 node.py:477(dirty_proxify)
       71    0.004    0.000    0.004    0.000 {built-in method _io.open_code}
    20745    0.004    0.000    0.006    0.000 node.py:415(as_a)
     8011    0.004    0.000    0.027    0.000 statement_compound.py:305(decorators)
    21351    0.004    0.000    0.004    0.000 db.py:18(__getitem__)
     1177    0.004    0.000    0.140    0.000 serializer.py:63(deserialize)
        1    0.004    0.004    0.008    0.008 lalr_analysis.py:60(deserialize)
      682    0.004    0.000    0.010    0.000 template.py:283(_normalize_props)
    18385    0.004    0.000    0.004    0.000 {method 'update' of 'dict' objects}
     6643    0.004    0.000    0.007    0.000 procedure.py:200(__is_prop_list_by)
     7277    0.004    0.000    0.006    0.000 procedure.py:212(__stack_pop)
     2933    0.004    0.000    0.043    0.000 traits.py:140(_actualize_type)
      111    0.004    0.000    0.004    0.000 {method 'read' of '_io.TextIOWrapper' objects}
      433    0.004    0.000    0.004    0.000 {built-in method nt._path_isfile}
     5070    0.004    0.000    0.011    0.000 module.py:101(expanded)
     2426    0.004    0.000    0.009    0.000 reflection.py:126(to)
    12875    0.004    0.000    0.006    0.000 visitor.py:28(get_visitor)
     4456    0.004    0.000    0.249    0.000 environment.py:953(_load_template)
     4265    0.004    0.000    0.074    0.000 statement_compound.py:582(symbol)
 1992/454    0.003    0.000    0.014    0.000 visitor.py:61(generic_visit)
     6001    0.003    0.000    0.016    0.000 path.py:146(de_identify)
        1    0.003    0.003    0.003    0.003 {built-in method _pickle.load}
     4032    0.003    0.000    0.456    0.000 node.py:270(__prop_of_nodes)
     5340    0.003    0.000    0.064    0.000 node.py:173(parent)
     5389    0.003    0.000    0.003    0.000 node.py:494(__getattribute__)
    41194    0.003    0.000    0.003    0.000 reflection.py:292(types)
   9777/9    0.003    0.000    0.011    0.001 utils.py:35(_deserialize)
    50219    0.003    0.000    0.003    0.000 typing.py:2371(cast)
    26058    0.003    0.000    0.003    0.000 {method 'endswith' of 'str' objects}
3395/1276    0.003    0.000    0.070    0.000 node.py:132(factory)
     5216    0.003    0.000    0.044    0.000 statement_compound.py:330(actual_symbol)
     9731    0.003    0.000    0.105    0.000 reflections.py:83(from_standard)
9708/4652    0.003    0.000    1.619    0.000 procedure.py:110(__process)
    17235    0.003    0.000    0.003    0.000 entry.py:55(value)
     5138    0.003    0.000    0.100    0.000 statement_compound.py:277(domain_name)
    12243    0.003    0.000    0.006    0.000 query.py:41(exists)
     6664    0.003    0.000    0.005    0.000 compiler.py:453(write)
     1597    0.003    0.000    0.027    0.000 template.py:227(unpack_templates)
    21175    0.003    0.000    0.003    0.000 {built-in method builtins.setattr}
    14569    0.003    0.000    0.003    0.000 {built-in method __new__ of type object at 0x00007FFEA9DA28A0}
     8715    0.003    0.000    0.004    0.000 lexer.py:277(test)
10660/5060    0.003    0.000    0.043    0.000 {built-in method builtins.next}
       79    0.003    0.000    0.003    0.000 {method 'read' of '_io.BufferedReader' objects}
     5340    0.003    0.000    0.060    0.000 query.py:66(parent)
     5851    0.003    0.000    0.003    0.000 {method 'mro' of 'type' objects}
    22249    0.003    0.000    0.003    0.000 {method 'startswith' of 'str' objects}
    22433    0.003    0.000    0.003    0.000 entry.py:37(has_child)
      622    0.003    0.000    0.161    0.000 py2cpp.py:919(on_var)
 1992/454    0.003    0.000    0.016    0.000 optimizer.py:31(generic_visit)
    11710    0.003    0.000    0.005    0.000 query.py:147(<lambda>)
     4456    0.003    0.000    0.252    0.000 environment.py:978(get_template)
    20199    0.003    0.000    0.003    0.000 node.py:83(module_path)
    14250    0.003    0.000    0.003    0.000 {method 'lower' of 'str' objects}
  345/111    0.003    0.000    0.073    0.001 parser.py:988(subparse)
     8947    0.002    0.000    0.004    0.000 resolver.py:93(resolve)
     5152    0.002    0.000    0.018    0.000 statement_compound.py:590(decorators)
     3950    0.002    0.000    0.164    0.000 primary.py:233(receiver)
   2431/1    0.002    0.000    2.066    2.066 procedure.py:55(exec)
      289    0.002    0.000    0.153    0.001 py2cpp.py:1211(analyze_func_call_spec)
      319    0.002    0.000    0.002    0.000 {built-in method nt.stat}
     3455    0.002    0.000    0.376    0.000 py2cpp.py:153(render)
     8760    0.002    0.000    0.002    0.000 trait.py:117(get)
4757/4427    0.002    0.000    0.356    0.000 reflections.py:245(__resolve_raw)
    12500    0.002    0.000    0.002    0.000 runtime.py:229(resolve_or_missing)
     3241    0.002    0.000    0.004    0.000 path.py:21(identify)
     2294    0.002    0.000    0.005    0.000 traits.py:119(_actualize_self)
     1999    0.002    0.000    0.005    0.000 dsn.py:111(relativefy)
     2775    0.002    0.000    0.002    0.000 defer.py:46(__init__)
     2604    0.002    0.000    0.718    0.000 reflections.py:107(type_of)
     1665    0.002    0.000    0.152    0.000 reflections.py:452(on_var)
    20525    0.002    0.000    0.002    0.000 memo2.py:31(__init__)
    13608    0.002    0.000    0.002    0.000 resolver.py:54(can_resolve)
    10536    0.002    0.000    0.002    0.000 middleware.py:89(usable)
      824    0.002    0.000    0.022    0.000 template.py:431(build)
      698    0.002    0.000    0.040    0.000 template.py:165(returns)
     1310    0.002    0.000    0.067    0.000 naming.py:57(domain_name)
    18097    0.002    0.000    0.002    0.000 {method 'keys' of 'dict' objects}
     1202    0.002    0.000    0.011    0.000 primary.py:750(is_decl_this_var)
     4436    0.002    0.000    0.092    0.000 environment.py:1378(new_context)
     3905    0.002    0.000    0.003    0.000 default.j2:4(root)
    15571    0.002    0.000    0.002    0.000 {method 'pop' of 'dict' objects}
   125/19    0.002    0.000    0.062    0.003 <frozen importlib._bootstrap>:480(_call_with_frames_removed)
     3707    0.002    0.000    0.015    0.000 primary.py:240(prop)
     9533    0.002    0.000    0.003    0.000 node.py:153(can_expand)
     1558    0.002    0.000    0.102    0.000 traits.py:242(prop_of)
     9327    0.002    0.000    0.003    0.000 utils.py:81(from_obj)
    13217    0.002    0.000    0.002    0.000 {method 'write' of '_io.StringIO' objects}
     2775    0.002    0.000    0.004    0.000 defer.py:19(new)
     7241    0.002    0.000    0.019    0.000 path.py:94(last_tag)
    23361    0.002    0.000    0.002    0.000 reflection.py:97(_traits)
    21596    0.002    0.000    0.002    0.000 reflection.py:343(decl)
      111    0.002    0.000    0.098    0.001 compiler.py:829(visit_Template)
     2431    0.002    0.000    0.003    0.000 procedure.py:99(__result)
     1581    0.002    0.000    0.039    0.000 primary.py:538(arguments)
    19815    0.002    0.000    0.002    0.000 convertion.py:4(safe_cast)
     1806    0.002    0.000    0.003    0.000 embed.py:98(get_from_method)
    14931    0.002    0.000    0.002    0.000 memo2.py:7(__init__)
     4547    0.002    0.000    0.002    0.000 nodes.py:76(__init__)
     1806    0.002    0.000    0.005    0.000 embed.py:170(dig_for_method)
      289    0.002    0.000    0.223    0.001 py2cpp.py:1038(on_func_call)
    12692    0.002    0.000    0.002    0.000 {method 'group' of 're.Match' objects}
     2696    0.002    0.000    0.055    0.000 traits.py:101(_actualize_nullable)
        1    0.002    0.002    0.013    0.013 lexer.py:631(__init__)
      890    0.002    0.000    0.002    0.000 node.py:222(__embed_classes)
     6544    0.002    0.000    0.002    0.000 {method 'get' of 'dict' objects}
     3647    0.002    0.000    0.002    0.000 <frozen _collections_abc>:823(keys)
      972    0.002    0.000    0.009    0.000 primary.py:709(is_decl_class_var)
     4563    0.002    0.000    0.005    0.000 path.py:42(valid)
     4427    0.002    0.000    0.358    0.000 reflections.py:228(resolve)
      824    0.002    0.000    0.007    0.000 traits.py:462(_build_schema)
      288    0.002    0.000    0.014    0.000 compiler.py:1482(visit_Output)
      731    0.002    0.000    0.067    0.000 traits.py:378(returns)
     2906    0.002    0.000    0.046    0.000 traits.py:47(type_is)
     4983    0.002    0.000    0.002    0.000 lexer.py:213(_future_new)
     4983    0.002    0.000    0.004    0.000 lexer.py:202(__new__)
     1501    0.002    0.000    0.025    0.000 primary.py:773(is_param_class)
     4905    0.002    0.000    0.041    0.000 lexer.py:380(__next__)
      472    0.002    0.000    0.002    0.000 <frozen importlib._bootstrap_external>:101(_path_join)
    22384    0.001    0.000    0.001    0.000 entry.py:12(__init__)
1130/1022    0.001    0.000    0.015    0.000 parser.py:646(parse_primary)
     5002    0.001    0.000    0.004    0.000 {built-in method builtins.any}
     1901    0.001    0.000    0.116    0.000 general.py:50(whole_by)
      947    0.001    0.000    0.022    0.000 node.py:503(dirty_child)
      192    0.001    0.000    0.001    0.000 {method '__exit__' of '_io._IOBase' objects}
     2849    0.001    0.000    0.012    0.000 statement_compound.py:428(decorators)
     1670    0.001    0.000    0.001    0.000 node.py:493(Proxy)
      971    0.001    0.000    0.005    0.000 primary.py:723(is_decl_this_var_forward)
     4567    0.001    0.000    0.013    0.000 utils.py:463(get)
     2777    0.001    0.000    0.015    0.000 element.py:60(path)
     3268    0.001    0.000    0.006    0.000 compiler.py:467(writeline)
      666    0.001    0.000    0.008    0.000 finder.py:238(__find_library_raw)
     4661    0.001    0.000    0.002    0.000 resolver.py:23(can_resolve)
    10134    0.001    0.000    0.001    0.000 reflection.py:17(__init__)
      341    0.001    0.000    0.014    0.000 template.py:251(make_updates)
     1027    0.001    0.000    0.005    0.000 lexer.py:556(<genexpr>)
     4144    0.001    0.000    0.003    0.000 lexer.py:559(<lambda>)
     1486    0.001    0.000    0.012    0.000 primary.py:788(is_param_this)
     9681    0.001    0.000    0.001    0.000 base.py:181(__init__)
       14    0.001    0.000    0.143    0.010 db.py:169(import_json)
      824    0.001    0.000    0.025    0.000 traits.py:452(_build_helper)
     9708    0.001    0.000    0.001    0.000 procedure.py:223(__put_log_action)
  170/139    0.001    0.000    0.059    0.000 py2cpp.py:209(to_accessible_name)
2185/2169    0.001    0.000    0.004    0.000 typing.py:426(inner)
     2873    0.001    0.000    0.001    0.000 {method 'replace' of 'str' objects}
     1727    0.001    0.000    0.010    0.000 primary.py:842(in_decl_class_type)
      111    0.001    0.000    0.008    0.000 nodes.py:231(set_environment)
     1244    0.001    0.000    0.002    0.000 var.j2:4(root)
     8767    0.001    0.000    0.001    0.000 {built-in method builtins.iter}
     1275    0.001    0.000    0.010    0.000 primary.py:803(is_param)
 1093/683    0.001    0.000    0.029    0.000 parser.py:628(parse_unary)
      590    0.001    0.000    0.042    0.000 primary.py:222(match_feature)
     8760    0.001    0.000    0.001    0.000 trait.py:107(has_method)
      212    0.001    0.000    0.006    0.000 custom_type.j2:14(macro)
     1271    0.001    0.000    0.011    0.000 statement_compound.py:485(_has_annotation)
      291    0.001    0.000    0.005    0.000 statement_compound.py:317(statements)
  978/597    0.001    0.000    0.033    0.000 parser.py:563(parse_compare)
    10134    0.001    0.000    0.001    0.000 reflection.py:43(__init__)
     2276    0.001    0.000    0.005    0.000 traits.py:155(_actualize_template)
      824    0.001    0.000    0.001    0.000 template.py:454(__resolve_injector)
      948    0.001    0.000    0.003    0.000 reflection.py:82(context)
     2118    0.001    0.000    0.070    0.000 primary.py:130(match_feature)
     1431    0.001    0.000    0.009    0.000 primary.py:854(in_decl_alt_class_type)
     3626    0.001    0.000    0.002    0.000 __init__.py:1036(__bool__)
     3757    0.001    0.000    0.001    0.000 enum.py:199(__get__)
     9731    0.001    0.000    0.001    0.000 {built-in method builtins.issubclass}
      637    0.001    0.000    0.038    0.000 primary.py:313(domain_name)
     1387    0.001    0.000    0.011    0.000 statement_simple.py:13(receivers)
      567    0.001    0.000    0.003    0.000 nodes.py:590(from_untrusted)
      239    0.001    0.000    0.004    0.000 {method 'sort' of 'list' objects}
      806    0.001    0.000    0.063    0.000 primary.py:22(label)
      424    0.001    0.000    0.010    0.000 custom_type.j2:4(root)
     4062    0.001    0.000    0.004    0.000 lexer.py:376(skip_if)
    14498    0.001    0.000    0.001    0.000 tree.py:57(__init__)
    14498    0.001    0.000    0.001    0.000 tree.py:28(__init__)
      119    0.001    0.000    0.009    0.000 statement_compound.py:701(decl_this_vars)
      832    0.001    0.000    0.016    0.000 method.j2:4(root)
     2757    0.001    0.000    0.007    0.000 {method 'extend' of 'collections.deque' objects}
     1898    0.001    0.000    0.002    0.000 {built-in method builtins.sorted}
     1938    0.001    0.000    0.023    0.000 template.py:240(unpack_symbols)
     2304    0.001    0.000    0.005    0.000 traits.py:171(_actualize_alt)
     1426    0.001    0.000    0.008    0.000 primary.py:873(in_decl_import)
     3455    0.001    0.000    0.001    0.000 middleware.py:34(usable)
      666    0.001    0.000    0.003    0.000 finder.py:216(__find_imported_raw)
       15    0.001    0.000    0.094    0.006 cache.py:167(load_cache)
     4062    0.001    0.000    0.003    0.000 lexer.py:367(next_if)
     1714    0.001    0.000    0.006    0.000 primary.py:31(value)
     2430    0.001    0.000    0.703    0.000 reflections.py:334(resolve)
      463    0.001    0.000    0.002    0.000 parse_tree_builder.py:162(maybe_create_child_filter)
     1663    0.001    0.000    0.001    0.000 typing.py:1313(__call__)
     2728    0.001    0.000    0.003    0.000 lexer.py:81(to_regexp)
      779    0.001    0.000    0.006    0.000 element.py:65(arguments)
     4417    0.001    0.000    0.002    0.000 environment.py:482(getattr)
      951    0.001    0.000    0.015    0.000 statement_compound.py:420(symbol)
     4567    0.001    0.000    0.001    0.000 {method '__exit__' of '_thread.lock' objects}
     1558    0.001    0.000    0.088    0.000 reflections.py:203(resolve_property)
      454    0.001    0.000    0.002    0.000 nodes.py:240(__eq__)
     3339    0.001    0.000    0.001    0.000 compiler.py:474(newline)
     1310    0.001    0.000    0.013    0.000 statement_compound.py:335(alias_embedder)
     3139    0.001    0.000    0.009    0.000 primary.py:247(domain_name)
  632/621    0.001    0.000    0.036    0.000 parser.py:680(parse_tuple)
     2003    0.001    0.000    0.001    0.000 i18n.py:38(t)
     1310    0.001    0.000    0.049    0.000 naming.py:119(__alias_or_domain_name)
     1340    0.001    0.000    0.004    0.000 module.py:18(full_join)
     9674    0.001    0.000    0.001    0.000 reflection.py:349(node)
      606    0.001    0.000    0.010    0.000 finder.py:175(__find_raw_for_type)
      770    0.001    0.000    0.002    0.000 dsn.py:53(right)
     1748    0.001    0.000    0.002    0.000 translation.py:4(alias_dsn)
      639    0.001    0.000    0.002    0.000 compiler.py:1593(visit_Name)
     2735    0.001    0.000    0.001    0.000 {method 'translate' of 'str' objects}
      467    0.001    0.000    0.059    0.000 cvars.py:189(resolve)
     6737    0.001    0.000    0.001    0.000 {method 'end' of 're.Match' objects}
     2485    0.001    0.000    0.001    0.000 {built-in method _abc._abc_instancecheck}
     1177    0.001    0.000    0.002    0.000 db.py:33(__setitem__)
      229    0.001    0.000    0.092    0.000 py2cpp.py:980(on_var_of_type)
     2735    0.001    0.000    0.002    0.000 __init__.py:305(escape)
      590    0.001    0.000    0.009    0.000 py2cpp.py:882(is_relay_literalizer)
     2609    0.001    0.000    0.009    0.000 node.py:93(tag)
      583    0.001    0.000    0.002    0.000 idtracking.py:86(copy)
     1340    0.001    0.000    0.002    0.000 module.py:66(expand_elements)
     1510    0.001    0.000    0.014    0.000 node.py:108(fullyname)
     2430    0.001    0.000    0.704    0.000 reflections.py:296(__resolve_procedural)
     8582    0.001    0.000    0.001    0.000 reflection.py:364(via)
     2558    0.001    0.000    0.001    0.000 reflection.py:397(extends)
       98    0.001    0.000    0.146    0.001 py2cpp.py:665(proc_move_assign_single)
     4144    0.001    0.000    0.001    0.000 lexer.py:394(_regexp_has_newline)
      889    0.001    0.000    0.041    0.000 py2cpp.py:299(to_domain_name_by_class)
      357    0.001    0.000    0.001    0.000 {method 'decode' of 'bytes' objects}
      343    0.001    0.000    0.002    0.000 template.py:322(_find_actual_path)
     1575    0.001    0.000    0.015    0.000 lexer.py:403(expect)
      111    0.001    0.000    0.020    0.000 loaders.py:194(get_source)
   106/22    0.001    0.000    0.002    0.000 _parser.py:511(_parse)
     2485    0.001    0.000    0.001    0.000 <frozen abc>:117(__instancecheck__)
      667    0.001    0.000    0.008    0.000 _method_body.j2:4(root)
     4032    0.001    0.000    0.001    0.000 {built-in method from_iterable}
       85    0.001    0.000    0.001    0.000 {built-in method _hashlib.openssl_md5}
      339    0.001    0.000    0.001    0.000 di.py:202(__assert_invoke)
     1501    0.001    0.000    0.026    0.000 primary.py:143(match_feature)
  419/341    0.001    0.000    0.003    0.000 reflection.py:169(to_temporary)
     1332    0.001    0.000    0.001    0.000 finder.py:255(__find_raw_recursive)
     4362    0.001    0.000    0.001    0.000 lexer.py:528(<genexpr>)
  454/257    0.001    0.000    0.023    0.000 compiler.py:46(new_func)
      153    0.001    0.000    0.029    0.000 reflections.py:539(on_func_call)
 1070/683    0.001    0.000    0.030    0.000 parser.py:597(parse_concat)
       55    0.001    0.000    0.041    0.001 py2cpp.py:575(on_method)
      218    0.001    0.000    0.010    0.000 lexer.py:526(__init__)
     4620    0.001    0.000    0.001    0.000 {built-in method builtins.callable}
      603    0.001    0.000    0.006    0.000 primary.py:322(annotations)
        1    0.001    0.001    0.001    0.001 parse_tree_builder.py:358(create_callback)
     1806    0.001    0.000    0.001    0.000 embed.py:26(class_path)
      390    0.001    0.000    0.033    0.000 py2cpp.py:894(is_relay_cvar)
     6687    0.001    0.000    0.001    0.000 node.py:452(match_feature)
       78    0.001    0.000    0.005    0.000 comment.py:48(parse)
     4167    0.001    0.000    0.001    0.000 {method 'append' of 'collections.deque' objects}
   108/67    0.001    0.000    0.050    0.001 parser.py:255(parse_if)
      389    0.001    0.000    0.001    0.000 comment.py:68(__trim_description)
      109    0.001    0.000    0.113    0.001 py2cpp.py:1406(proc_binary_operation)
     2582    0.001    0.000    0.001    0.000 {method 'extend' of 'list' objects}
  967/586    0.001    0.000    0.035    0.000 parser.py:548(parse_and)
     1486    0.001    0.000    0.013    0.000 primary.py:153(match_feature)
  983/597    0.001    0.000    0.034    0.000 parser.py:557(parse_not)
      483    0.001    0.000    0.086    0.000 py2cpp.py:828(<lambda>)
      824    0.001    0.000    0.001    0.000 template.py:395(__current_key)
      194    0.001    0.000    0.001    0.000 cvars.py:71(in_value)
      590    0.001    0.000    0.170    0.000 py2cpp.py:826(<lambda>)
     1762    0.001    0.000    0.006    0.000 primary.py:533(calls)
 2544/770    0.001    0.000    0.001    0.000 {built-in method builtins.hash}
  158/156    0.001    0.000    0.010    0.000 parser.py:864(parse_call_args)
     7483    0.001    0.000    0.001    0.000 entry.py:78(empty_name)
      538    0.001    0.000    0.001    0.000 dsn.py:66(shift)
     1556    0.000    0.000    0.000    0.000 {method 'groupdict' of 're.Match' objects}
     5544    0.000    0.000    0.000    0.000 reflection.py:91(attrs)
      410    0.000    0.000    0.015    0.000 element.py:25(var_type)
      339    0.000    0.000    0.001    0.000 di.py:176(__to_annotated)
      971    0.000    0.000    0.006    0.000 primary.py:95(match_feature)
      189    0.000    0.000    0.016    0.000 py2cpp.py:333(__analyze_prop_alias_embedder)
      239    0.000    0.000    0.048    0.000 statement_compound.py:534(match_feature)
      622    0.000    0.000    0.014    0.000 py2cpp.py:921(<lambda>)
      349    0.000    0.000    0.001    0.000 <frozen _collections_abc>:473(__new__)
      365    0.000    0.000    0.019    0.000 py2cpp.py:786(on_argument)
     1275    0.000    0.000    0.011    0.000 primary.py:137(match_feature)
      453    0.000    0.000    0.001    0.000 reflection.py:269(instantiate)
      989    0.000    0.000    0.001    0.000 doc_string.j2:4(root)
  338/314    0.000    0.000    0.033    0.000 reflections.py:262(__resolve_raw_recursive)
      585    0.000    0.000    0.085    0.000 py2cpp.py:827(<lambda>)
      648    0.000    0.000    0.003    0.000 parameter.j2:4(root)
  961/583    0.000    0.000    0.036    0.000 parser.py:539(parse_or)
   175/21    0.000    0.000    0.001    0.000 _compiler.py:37(_compile)
       92    0.000    0.000    0.004    0.000 <frozen importlib._bootstrap_external>:1624(find_spec)
 1034/651    0.000    0.000    0.030    0.000 parser.py:586(parse_math1)
  241/106    0.000    0.000    0.062    0.001 parser.py:167(parse_statement)
      428    0.000    0.000    0.003    0.000 statement_compound.py:661(__org_inherits)
      470    0.000    0.000    0.002    0.000 async_utils.py:34(wrapper)
      111    0.000    0.000    0.232    0.002 loaders.py:107(load)
      193    0.000    0.000    0.002    0.000 _params.j2:4(root)
     1508    0.000    0.000    0.010    0.000 primary.py:52(match_feature)
     3647    0.000    0.000    0.000    0.000 <frozen _collections_abc>:850(__init__)
  779/466    0.000    0.000    0.027    0.000 parser.py:524(parse_condexpr)
      111    0.000    0.000    0.010    0.000 compiler.py:538(pull_dependencies)
      961    0.000    0.000    0.005    0.000 statement_simple.py:57(receiver)
   156/73    0.000    0.000    0.009    0.000 idtracking.py:252(visit_If)
      586    0.000    0.000    0.001    0.000 parser.py:998(flush_data)
      161    0.000    0.000    0.016    0.000 py2cpp.py:650(on_parameter)
 1070/683    0.000    0.000    0.029    0.000 parser.py:618(parse_pow)
     1137    0.000    0.000    0.007    0.000 primary.py:167(match_feature)
      250    0.000    0.000    0.024    0.000 py2cpp.py:283(to_domain_name)
  148/117    0.000    0.000    0.059    0.001 {built-in method builtins.exec}
      972    0.000    0.000    0.009    0.000 primary.py:88(match_feature)
 1070/683    0.000    0.000    0.029    0.000 parser.py:607(parse_math2)
 1093/818    0.000    0.000    0.014    0.000 parser.py:773(parse_postfix)
      233    0.000    0.000    0.008    0.000 runtime.py:692(__call__)
      191    0.000    0.000    0.058    0.000 py2cpp.py:916(is_relay_type)
     3488    0.000    0.000    0.000    0.000 {built-in method builtins.max}
     1610    0.000    0.000    0.000    0.000 nodes.py:472(as_const)
      240    0.000    0.000    0.001    0.000 {built-in method builtins.all}
      183    0.000    0.000    0.001    0.000 filters.py:812(do_indent)
     4144    0.000    0.000    0.000    0.000 lexer.py:70(_get_flags)
      102    0.000    0.000    0.012    0.000 reflections.py:469(on_indexer)
      156    0.000    0.000    0.001    0.000 idtracking.py:120(branch_update)
      483    0.000    0.000    0.002    0.000 lexer.py:292(test_any)
     1055    0.000    0.000    0.010    0.000 statement_compound.py:556(is_property)
      341    0.000    0.000    0.001    0.000 template.py:360(apply)
      111    0.000    0.000    0.211    0.002 environment.py:728(compile)
      218    0.000    0.000    0.001    0.000 copy.py:62(copy)
     1582    0.000    0.000    0.001    0.000 resolver.py:64(register)
      311    0.000    0.000    0.004    0.000 primary.py:72(declare)
     2728    0.000    0.000    0.001    0.000 lexer.py:88(max_width)
      168    0.000    0.000    0.008    0.000 py2cpp.py:168(explicit_class_attrs)
      535    0.000    0.000    0.008    0.000 _signature_common.j2:4(root)
      388    0.000    0.000    0.001    0.000 dsn.py:40(left)
      292    0.000    0.000    0.069    0.000 py2cpp.py:901(is_relay_cvar_link)
  947/577    0.000    0.000    0.037    0.000 parser.py:515(parse_expression)
      166    0.000    0.000    0.006    0.000 parser.py:801(parse_subscript)
      189    0.000    0.000    0.000    0.000 {method 'split' of 're.Pattern' objects}
      458    0.000    0.000    0.001    0.000 var_of_type.j2:4(root)
      591    0.000    0.000    0.051    0.000 reflections.py:466(on_this_ref)
      156    0.000    0.000    0.001    0.000 comment.py:142(parse_attributes)
      258    0.000    0.000    0.018    0.000 class_method.j2:4(root)
      678    0.000    0.000    0.001    0.000 compiler.py:1434(_output_child_to_const)
       21    0.000    0.000    0.001    0.000 inspect.py:579(_getmembers)
     1634    0.000    0.000    0.001    0.000 serializer.py:100(<lambda>)
      276    0.000    0.000    0.002    0.000 _block.j2:4(root)
      155    0.000    0.000    0.001    0.000 compiler.py:584(enter_frame)
        1    0.000    0.000    0.000    0.000 {built-in method _imp.create_dynamic}
      772    0.000    0.000    0.001    0.000 typing.py:1368(__setattr__)
      432    0.000    0.000    0.006    0.000 template.py:216(has_templates)
      583    0.000    0.000    0.000    0.000 {method 'copy' of 'set' objects}
     1264    0.000    0.000    0.000    0.000 lexer.py:342(__bool__)
      810    0.000    0.000    0.000    0.000 runtime.py:251(get_all)
      922    0.000    0.000    0.001    0.000 <frozen importlib._bootstrap>:645(parent)
      109    0.000    0.000    0.032    0.000 py2cpp.py:1436(proc_binary_operation_expression)
      146    0.000    0.000    0.003    0.000 statement_compound.py:442(parameters)
        1    0.000    0.000    0.039    0.039 lark.py:505(load)
     2362    0.000    0.000    0.000    0.000 template.py:30(__getattr__)
     3082    0.000    0.000    0.000    0.000 enum.py:1333(value)
      216    0.000    0.000    0.073    0.000 py2cpp.py:1213(<lambda>)
      841    0.000    0.000    0.006    0.000 primary.py:178(match_feature)
      383    0.000    0.000    0.005    0.000 statement_compound.py:605(inherits)
      782    0.000    0.000    0.003    0.000 py2cpp.py:1535(on_fallback)
  595/567    0.000    0.000    0.000    0.000 compiler.py:125(has_safe_repr)
      339    0.000    0.000    0.000    0.000 di.py:191(__pluck_annotations)
      612    0.000    0.000    0.008    0.000 primary.py:102(match_feature)
      310    0.000    0.000    0.001    0.000 <frozen ntpath>:99(join)
      532    0.000    0.000    0.000    0.000 cpp_view_helper.py:117(annotated)
  167/164    0.000    0.000    0.001    0.000 compiler.py:481(signature)
     1346    0.000    0.000    0.000    0.000 enum.py:795(<genexpr>)
      689    0.000    0.000    0.002    0.000 primary.py:367(type_name)
  251/250    0.000    0.000    0.016    0.000 naming.py:243(__make_general)
      333    0.000    0.000    0.001    0.000 environment.py:459(iter_extensions)
      666    0.000    0.000    0.000    0.000 binary_operator.j2:4(root)
  234/141    0.000    0.000    0.046    0.000 parser.py:196(parse_statements)
   108/67    0.000    0.000    0.027    0.000 compiler.py:1299(visit_If)
       14    0.000    0.000    0.001    0.000 resolver.py:27(load)
      584    0.000    0.000    0.003    0.000 py2cpp.py:891(is_relay_this)
     2236    0.000    0.000    0.000    0.000 {method 'rstrip' of 'str' objects}
      206    0.000    0.000    0.003    0.000 loader.py:93(__resolve_filepath)
     1915    0.000    0.000    0.471    0.000 entrypoints.py:50(load)
      501    0.000    0.000    0.000    0.000 move_assign_declare.j2:4(root)
      824    0.000    0.000    0.001    0.000 template.py:420(schema)
      397    0.000    0.000    0.001    0.000 compiler.py:1632(visit_Const)
      824    0.000    0.000    0.008    0.000 traits.py:460(<lambda>)
      111    0.000    0.000    0.006    0.000 parser.py:53(__init__)
      723    0.000    0.000    0.002    0.000 literal.py:68(as_string)
      836    0.000    0.000    0.005    0.000 primary.py:185(match_feature)
  322/161    0.000    0.000    0.000    0.000 dict.py:6(dict_pluck)
     2840    0.000    0.000    0.000    0.000 {method 'popleft' of 'collections.deque' objects}
      453    0.000    0.000    0.000    0.000 reflection.py:281(__init__)
       21    0.000    0.000    0.026    0.001 py2cpp.py:441(make_string_formatters)
      734    0.000    0.000    0.000    0.000 argument.j2:4(root)
  468/219    0.000    0.000    0.007    0.000 idtracking.py:256(inner_visit)
      189    0.000    0.000    0.003    0.000 py2cpp.py:359(__prop_name_via_decl)
        1    0.000    0.000    0.014    0.014 parser_frontends.py:150(create_contextual_lexer)
      773    0.000    0.000    0.000    0.000 compiler.py:281(visit_Name)
      111    0.000    0.000    0.000    0.000 <frozen posixpath>:72(join)
      502    0.000    0.000    0.002    0.000 primary.py:117(tokens_without_this)
      111    0.000    0.000    0.081    0.001 parser.py:1037(parse)
      124    0.000    0.000    0.002    0.000 typing.py:1423(__init__)
        3    0.000    0.000    0.000    0.000 {built-in method marshal.loads}
      470    0.000    0.000    0.000    0.000 async_utils.py:24(is_async)
      532    0.000    0.000    0.001    0.000 cpp_view_helper.py:206(<lambda>)
      464    0.000    0.000    0.002    0.000 parse_tree_builder.py:340(_init_builders)
     1385    0.000    0.000    0.000    0.000 {method 'rpartition' of 'str' objects}
      195    0.000    0.000    0.001    0.000 typing.py:173(_type_check)
     1416    0.000    0.000    0.000    0.000 lexer.py:111(max_width)
      684    0.000    0.000    0.001    0.000 idtracking.py:238(visit_Name)
       30    0.000    0.000    0.012    0.000 compiler.py:1160(visit_For)
      311    0.000    0.000    0.000    0.000 {built-in method nt._getfullpathname}
      392    0.000    0.000    0.001    0.000 if.j2:4(root)
     1465    0.000    0.000    0.000    0.000 template.py:60(is_a)
       78    0.000    0.000    0.001    0.000 comment.py:125(split_block)
      919    0.000    0.000    0.000    0.000 typing.py:1294(_is_dunder)
      287    0.000    0.000    0.002    0.000 statement_compound.py:32(domain_name)
     1642    0.000    0.000    0.000    0.000 grammar.py:25(__hash__)
      111    0.000    0.000    0.000    0.000 compiler.py:301(__init__)
     1416    0.000    0.000    0.000    0.000 lexer.py:98(to_regexp)
       21    0.000    0.000    0.001    0.000 _str_format.j2:30(macro)
  345/111    0.000    0.000    0.043    0.000 compiler.py:442(blockvisit)
      301    0.000    0.000    0.011    0.000 statement_compound.py:491(match_feature)
      418    0.000    0.000    0.006    0.000 statement_simple.py:24(receivers)
      194    0.000    0.000    0.004    0.000 py2cpp.py:909(is_relay_cvar_cast)
     1953    0.000    0.000    0.000    0.000 filters.py:850(<genexpr>)
     1055    0.000    0.000    0.001    0.000 lexer.py:294(<genexpr>)
1447/1374    0.000    0.000    0.000    0.000 idtracking.py:68(find_ref)
      611    0.000    0.000    0.024    0.000 statement_simple.py:17(_elements)
      621    0.000    0.000    0.001    0.000 idtracking.py:116(load)
      111    0.000    0.000    0.099    0.001 compiler.py:101(generate)
  172/132    0.000    0.000    0.064    0.000 <frozen importlib._bootstrap>:1349(_find_and_load)
  806/493    0.000    0.000    0.000    0.000 utils.py:742(__getattribute__)
  293/278    0.000    0.000    0.000    0.000 nodes.py:865(as_const)
      170    0.000    0.000    0.013    0.000 naming.py:87(accessible_name)
      164    0.000    0.000    0.001    0.000 helper.py:47(<lambda>)
       44    0.000    0.000    0.076    0.002 py2cpp.py:938(on_indexer)
      692    0.000    0.000    0.001    0.000 lexer.py:598(_normalize_newlines)
      332    0.000    0.000    0.000    0.000 filters.py:566(sync_do_join)
       73    0.000    0.000    0.003    0.000 template.py:186(templates)
      119    0.000    0.000    0.003    0.000 query.py:164(factory)
1070/1035    0.000    0.000    0.003    0.000 parser.py:786(parse_filter_expr)
      365    0.000    0.000    0.003    0.000 primary.py:37(unpacking)
     1177    0.000    0.000    0.000    0.000 db.py:125(completed)
      399    0.000    0.000    0.024    0.000 element.py:19(symbol)
      111    0.000    0.000    0.002    0.000 lexer.py:325(__init__)
      394    0.000    0.000    0.008    0.000 reflections.py:707(on_empty)
      824    0.000    0.000    0.000    0.000 template.py:386(__init__)
      148    0.000    0.000    0.001    0.000 _accessor.j2:4(root)
       14    0.000    0.000    0.000    0.000 db.py:114(has_module)
     1208    0.000    0.000    0.000    0.000 {method 'copy' of 'dict' objects}
      161    0.000    0.000    0.000    0.000 cpp_view_helper.py:89(annotated)
     1394    0.000    0.000    0.000    0.000 {method 'isidentifier' of 'str' objects}
      111    0.000    0.000    0.005    0.000 environment.py:658(_tokenize)
      111    0.000    0.000    0.087    0.001 environment.py:615(_parse)
      369    0.000    0.000    0.016    0.000 statement_compound.py:322(_org_statements)
      404    0.000    0.000    0.006    0.000 primary.py:44(class_type)
      169    0.000    0.000    0.016    0.000 py2cpp.py:309(to_prop_name)
     1088    0.000    0.000    0.000    0.000 _parser.py:167(__getitem__)
        3    0.000    0.000    0.055    0.018 __init__.py:1(<module>)
  123/108    0.000    0.000    0.000    0.000 nodes.py:750(as_const)
        4    0.000    0.000    0.000    0.000 {built-in method nt.listdir}
      838    0.000    0.000    0.002    0.000 primary.py:255(match_feature)
       39    0.000    0.000    0.000    0.000 _compiler.py:241(_optimize_charset)
  117/115    0.000    0.000    0.008    0.000 parser.py:920(parse_call)
     1404    0.000    0.000    0.000    0.000 {method 'add' of 'set' objects}
      422    0.000    0.000    0.000    0.000 {built-in method nt._path_normpath}
      790    0.000    0.000    0.000    0.000 {method 'groups' of 're.Match' objects}
      389    0.000    0.000    0.000    0.000 comment.py:82(__find_dedent)
      213    0.000    0.000    0.000    0.000 runtime.py:663(__init__)
      206    0.000    0.000    0.000    0.000 <frozen ntpath>:80(isabs)
      111    0.000    0.000    0.000    0.000 loaders.py:25(split_template_path)
       76    0.000    0.000    0.009    0.000 reflections.py:459(on_class_ref)
      389    0.000    0.000    0.000    0.000 idtracking.py:50(_define_ref)
       37    0.000    0.000    0.047    0.001 <frozen importlib._bootstrap_external>:1093(get_code)
      233    0.000    0.000    0.007    0.000 runtime.py:778(_invoke)
      112    0.000    0.000    0.000    0.000 utils.py:519(__setitem__)
      100    0.000    0.000    0.001    0.000 compiler.py:1756(_filter_test_common)
      106    0.000    0.000    0.156    0.001 py2cpp.py:659(on_move_assign)
     1648    0.000    0.000    0.000    0.000 template.py:22(__init__)
  117/114    0.000    0.000    0.003    0.000 compiler.py:1843(visit_Call)
      634    0.000    0.000    0.000    0.000 parser.py:150(is_tuple_end)
      447    0.000    0.000    0.056    0.000 cvars.py:199(resolve_type)
       44    0.000    0.000    0.067    0.002 py2cpp.py:957(analyze_indexer_spec)
      820    0.000    0.000    0.002    0.000 primary.py:266(match_feature)
      183    0.000    0.000    0.000    0.000 {method 'splitlines' of 'str' objects}
      219    0.000    0.000    0.000    0.000 {method 'fullmatch' of 're.Pattern' objects}
      215    0.000    0.000    0.000    0.000 compiler.py:168(__init__)
      293    0.000    0.000    0.061    0.000 reflections.py:512(on_var_of_type)
       15    0.000    0.000    0.026    0.002 py2cpp.py:547(on_class_method)
    67/21    0.000    0.000    0.002    0.000 _parser.py:451(_parse_sub)
      587    0.000    0.000    0.028    0.000 statement_compound.py:24(statements)
      111    0.000    0.000    0.099    0.001 environment.py:679(_generate)
      170    0.000    0.000    0.013    0.000 py2cpp.py:225(<lambda>)
      218    0.000    0.000    0.000    0.000 copy.py:248(_reconstruct)
      250    0.000    0.000    0.016    0.000 naming.py:191(domain_name)
      288    0.000    0.000    0.000    0.000 compiler.py:1379(_make_finalize)
      143    0.000    0.000    0.011    0.000 compiler.py:142(find_undeclared)
      686    0.000    0.000    0.000    0.000 idtracking.py:77(ref)
  190/184    0.000    0.000    0.000    0.000 nodes.py:841(as_const)
       46    0.000    0.000    0.005    0.000 <frozen importlib._bootstrap>:1240(_find_spec)
      168    0.000    0.000    0.001    0.000 query.py:166(tester)
      122    0.000    0.000    0.001    0.000 primary.py:111(fullyname)
      189    0.000    0.000    0.019    0.000 py2cpp.py:319(to_prop_name_by_decl)
       52    0.000    0.000    0.001    0.000 compiler.py:1033(visit_Include)
   210/59    0.000    0.000    0.000    0.000 _parser.py:177(getwidth)
      251    0.000    0.000    0.015    0.000 naming.py:100(make_manualy)
      166    0.000    0.000    0.000    0.000 environment.py:495(_filter_test_common)
      290    0.000    0.000    0.045    0.000 primary.py:549(match_feature)
       46    0.000    0.000    0.000    0.000 block.py:342(break_separator)
      157    0.000    0.000    0.012    0.000 idtracking.py:46(analyze_node)
      388    0.000    0.000    0.000    0.000 compiler.py:1427(_output_const_repr)
      247    0.000    0.000    0.001    0.000 node.py:362(_ancestor)
      134    0.000    0.000    0.012    0.000 node.py:121(factory)
       49    0.000    0.000    0.000    0.000 <frozen importlib._bootstrap>:304(acquire)
      170    0.000    0.000    0.001    0.000 naming.py:141(__namespace)
       14    0.000    0.000    0.012    0.001 __init__.py:274(load)
      664    0.000    0.000    0.000    0.000 {built-in method nt._path_splitroot_ex}
      778    0.000    0.000    0.000    0.000 lexer.py:734(<genexpr>)
      233    0.000    0.000    0.000    0.000 comment.py:114(__each_trim)
       73    0.000    0.000    0.002    0.000 parser.py:473(parse_assign_target)
      292    0.000    0.000    0.006    0.000 primary.py:282(keys)
      434    0.000    0.000    0.028    0.000 operator.py:29(elements)
      294    0.000    0.000    0.000    0.000 node.py:158(id)
      390    0.000    0.000    0.000    0.000 comment.py:99(__find_dedent_line)
      111    0.000    0.000    0.001    0.000 environment.py:642(preprocess)
      111    0.000    0.000    0.003    0.000 lexer.py:604(tokenize)
       74    0.000    0.000    0.001    0.000 <frozen importlib._bootstrap_external>:513(cache_from_source)
      294    0.000    0.000    0.000    0.000 cache.py:24(index_of)
      198    0.000    0.000    0.008    0.000 py2cpp.py:935(on_this_ref)
      483    0.000    0.000    0.000    0.000 __init__.py:1033(__contains__)
      111    0.000    0.000    0.000    0.000 <frozen codecs>:322(decode)
      592    0.000    0.000    0.001    0.000 primary.py:62(domain_name)
      138    0.000    0.000    0.000    0.000 typing.py:260(_collect_type_parameters)
      313    0.000    0.000    0.014    0.000 finder.py:77(by_symbolic)
       33    0.000    0.000    0.000    0.000 block.py:197(_skip_other_block)
       73    0.000    0.000    0.010    0.000 py2cpp.py:372(fetch_function_template_names)
      111    0.000    0.000    0.000    0.000 environment.py:1244(_from_namespace)
       78    0.000    0.000    0.018    0.000 py2cpp.py:1465(on_doc_string)
      438    0.000    0.000    0.001    0.000 primary.py:287(sliced)
      192    0.000    0.000    0.009    0.000 primary.py:277(receiver)
   156/89    0.000    0.000    0.000    0.000 nodes.py:499(as_const)
      198    0.000    0.000    0.014    0.000 statement_compound.py:450(return_type)
       20    0.000    0.000    0.012    0.001 traits.py:190(try_operation)
       30    0.000    0.000    0.013    0.000 parser.py:236(parse_for)
      789    0.000    0.000    0.000    0.000 {built-in method builtins.repr}
      171    0.000    0.000    0.004    0.000 statement_simple.py:62(var_type)
      144    0.000    0.000    0.010    0.000 throw.j2:4(root)
      111    0.000    0.000    0.001    0.000 environment.py:1213(from_code)
      194    0.000    0.000    0.000    0.000 enum.py:791(__iter__)
       78    0.000    0.000    0.001    0.000 comment.py:165(parse_returns)
       21    0.000    0.000    0.000    0.000 {built-in method builtins.dir}
      806    0.000    0.000    0.000    0.000 {method 'discard' of 'set' objects}
      373    0.000    0.000    0.000    0.000 {method 'encode' of 'str' objects}
       43    0.000    0.000    0.004    0.000 parser.py:927(parse_filter)
     1416    0.000    0.000    0.000    0.000 lexer.py:102(_get_width)
      463    0.000    0.000    0.001    0.000 grammar.py:112(_deserialize)
      156    0.000    0.000    0.000    0.000 else_if.j2:4(root)
      247    0.000    0.000    0.000    0.000 query.py:89(ancestor)
       36    0.000    0.000    0.016    0.000 class.j2:4(root)
    50/43    0.000    0.000    0.002    0.000 compiler.py:1798(visit_Filter)
       28    0.000    0.000    0.004    0.000 module.py:61(identity)
      155    0.000    0.000    0.003    0.000 literal.py:75(match_feature)
      777    0.000    0.000    0.000    0.000 runtime.py:816(__init__)
     46/6    0.000    0.000    0.064    0.011 <frozen importlib._bootstrap>:1304(_find_and_load_unlocked)
      718    0.000    0.000    0.000    0.000 parse_tree_builder.py:158(_should_expand)
       14    0.000    0.000    0.147    0.011 persistent.py:89(restore)
       64    0.000    0.000    0.004    0.000 py2cpp.py:726(on_return)
      173    0.000    0.000    0.002    0.000 primary.py:373(sub_types)
      161    0.000    0.000    0.010    0.000 element.py:34(default_value)
       78    0.000    0.000    0.013    0.000 statement_compound.py:309(comment)
      256    0.000    0.000    0.025    0.000 statement_compound.py:513(match_feature)
      500    0.000    0.000    0.000    0.000 compiler.py:945(<genexpr>)
       81    0.000    0.000    0.006    0.000 reflections.py:134(__from_declable)
      115    0.000    0.000    0.001    0.000 compiler.py:219(copy)
      969    0.000    0.000    0.000    0.000 {built-in method nt.fspath}
       19    0.000    0.000    0.013    0.001 reflections.py:620(each_binary_operator)
      225    0.000    0.000    0.001    0.000 statement_compound.py:468(block)
      166    0.000    0.000    0.001    0.000 filters.py:1776(<lambda>)
      637    0.000    0.000    0.000    0.000 {method 'strip' of 'str' objects}
      377    0.000    0.000    0.000    0.000 nodes.py:614(as_const)
       73    0.000    0.000    0.006    0.000 traits.py:397(function_templates)
      113    0.000    0.000    0.000    0.000 nodes.py:718(args_as_const)
      127    0.000    0.000    0.010    0.000 idtracking.py:178(_simple_visit)
      111    0.000    0.000    0.002    0.000 lexer.py:428(get_lexer)
     1345    0.000    0.000    0.000    0.000 nodes.py:94(get_eval_context)
   225/15    0.000    0.000    0.000    0.000 <frozen importlib._bootstrap_external>:1384(_recalculate)
      235    0.000    0.000    0.001    0.000 filters.py:1779(select_or_reject)
      185    0.000    0.000    0.000    0.000 compiler.py:495(<genexpr>)
       84    0.000    0.000    0.001    0.000 py2cpp.py:412(to_accessor)
      126    0.000    0.000    0.001    0.000 <frozen genericpath>:89(getmtime)
      294    0.000    0.000    0.000    0.000 module.py:113(identify)
      161    0.000    0.000    0.000    0.000 helper.py:42(<lambda>)
      372    0.000    0.000    0.000    0.000 decorator.py:227(contains)
      111    0.000    0.000    0.000    0.000 {method 'getvalue' of '_io.StringIO' objects}
      397    0.000    0.000    0.001    0.000 reflections.py:387(on_argument)
       52    0.000    0.000    0.004    0.000 parser.py:345(parse_include)
      111    0.000    0.000    0.001    0.000 compiler.py:723(write_commons)
      386    0.000    0.000    0.019    0.000 statement_simple.py:30(value)
      482    0.000    0.000    0.002    0.000 primary.py:106(domain_name)
        1    0.000    0.000    0.039    0.039 lark.py:524(_load)
      311    0.000    0.000    0.001    0.000 <frozen ntpath>:573(abspath)
       69    0.000    0.000    0.001    0.000 filters.py:1348(sync_do_list)
      152    0.000    0.000    0.002    0.000 statement_compound.py:461(statements)
     1094    0.000    0.000    0.000    0.000 nodes.py:587(as_const)
      289    0.000    0.000    0.000    0.000 compiler.py:1455(_output_child_pre)
       49    0.000    0.000    0.000    0.000 <frozen importlib._bootstrap>:426(_get_module_lock)
       18    0.000    0.000    0.033    0.002 py2cpp.py:735(on_throw)
       45    0.000    0.000    0.005    0.000 <frozen importlib._bootstrap_external>:1522(_get_spec)
      198    0.000    0.000    0.001    0.000 __init__.py:169(fullmatch)
       62    0.000    0.000    0.001    0.000 typing.py:1634(__getitem__)
       79    0.000    0.000    0.013    0.000 constructor.j2:4(root)
       20    0.000    0.000    0.003    0.000 template.py:142(parameter)
       41    0.000    0.000    0.001    0.000 <frozen importlib._bootstrap>:733(_init_module_attrs)
       78    0.000    0.000    0.006    0.000 py2cpp.py:814(on_types_name)
       98    0.000    0.000    0.000    0.000 path.py:155(relativefy)
       71    0.000    0.000    0.006    0.000 <frozen importlib._bootstrap_external>:1214(get_data)
        4    0.000    0.000    0.023    0.006 py2cpp.py:597(on_class)
      111    0.000    0.000    0.000    0.000 environment.py:1110(make_globals)
      161    0.000    0.000    0.001    0.000 cpp_view_helper.py:201(<lambda>)
       52    0.000    0.000    0.008    0.000 py2cpp.py:472(on_if)
       78    0.000    0.000    0.005    0.000 literal.py:85(data)
      483    0.000    0.000    0.000    0.000 <frozen _collections_abc>:870(__contains__)
      111    0.000    0.000    0.000    0.000 lexer.py:397(close)
       78    0.000    0.000    0.000    0.000 decorator.py:138(parse)
      320    0.000    0.000    0.000    0.000 return.j2:4(root)
      131    0.000    0.000    0.064    0.000 module.py:20(load_module_path)
      104    0.000    0.000    0.003    0.000 statement_compound.py:91(else_ifs)
      145    0.000    0.000    0.001    0.000 primary.py:452(sub_types)
       69    0.000    0.000    0.067    0.001 py2cpp.py:1385(on_comparison)
   101/94    0.000    0.000    0.001    0.000 compiler.py:1713(visit_Getattr)
       16    0.000    0.000    0.000    0.000 {built-in method nt._path_exists}
      102    0.000    0.000    0.008    0.000 statement_compound.py:715(match_feature)
       43    0.000    0.000    0.000    0.000 cache.py:40(identifier)
      794    0.000    0.000    0.000    0.000 {built-in method builtins.min}
       93    0.000    0.000    0.005    0.000 reflections.py:153(__from_class_def)
      138    0.000    0.000    0.000    0.000 _return_type.j2:4(root)
      124    0.000    0.000    0.001    0.000 typing.py:1307(__init__)
       98    0.000    0.000    0.002    0.000 py2cpp.py:388(allow_move_assign)
       28    0.000    0.000    0.004    0.000 loader.py:32(load)
      156    0.000    0.000    0.002    0.000 statement_compound.py:101(if_clause)
       62    0.000    0.000    0.000    0.000 nodes.py:206(set_ctx)
      125    0.000    0.000    0.001    0.000 len.j2:4(root)
     41/8    0.000    0.000    0.062    0.008 <frozen importlib._bootstrap>:911(_load_unlocked)
      108    0.000    0.000    0.000    0.000 di.py:331(bind)
       35    0.000    0.000    0.007    0.000 parser.py:225(parse_set)
      161    0.000    0.000    0.001    0.000 element.py:53(packing)
    65/61    0.000    0.000    0.002    0.000 compiler.py:1725(visit_Getitem)
      170    0.000    0.000    0.000    0.000 naming.py:157(__ancestor_classes)
      147    0.000    0.000    0.000    0.000 typing.py:1358(__getattr__)
       35    0.000    0.000    0.000    0.000 compiler.py:784(pop_assign_tracking)
      143    0.000    0.000    0.000    0.000 compiler.py:277(__init__)
      215    0.000    0.000    0.000    0.000 idtracking.py:31(__init__)
      139    0.000    0.000    0.003    0.000 statement_compound.py:649(statements)
      218    0.000    0.000    0.000    0.000 {method '__reduce_ex__' of 'object' objects}
      289    0.000    0.000    0.000    0.000 compiler.py:1471(_output_child_post)
      294    0.000    0.000    0.000    0.000 query.py:210(id)
      156    0.000    0.000    0.001    0.000 statement_compound.py:56(block)
  598/579    0.000    0.000    0.000    0.000 idtracking.py:59(find_load)
      111    0.000    0.000    0.000    0.000 <frozen codecs>:312(__init__)
      675    0.000    0.000    0.000    0.000 enum.py:1328(name)
       21    0.000    0.000    0.001    0.000 <frozen _collections_abc>:657(<genexpr>)
      227    0.000    0.000    0.000    0.000 <frozen importlib._bootstrap_external>:1380(_get_parent_path)
      142    0.000    0.000    0.003    0.000 query.py:153(expand)
       15    0.000    0.000    0.000    0.000 typing.py:1207(_generic_class_getitem)
       49    0.000    0.000    0.000    0.000 <frozen importlib._bootstrap>:372(release)
      157    0.000    0.000    0.000    0.000 idtracking.py:175(__init__)
      413    0.000    0.000    0.000    0.000 _parser.py:260(get)
  135/120    0.000    0.000    0.001    0.000 nodes.py:797(as_const)
       44    0.000    0.000    0.026    0.001 py2cpp.py:958(<lambda>)
      639    0.000    0.000    0.000    0.000 _parser.py:239(__next)
       26    0.000    0.000    0.001    0.000 typing.py:753(Union)
       14    0.000    0.000    0.056    0.004 parser.py:73(__load_entry)
      556    0.000    0.000    0.000    0.000 compiler.py:414(indent)
       14    0.000    0.000    0.040    0.003 parser.py:49(__load_parser)
       78    0.000    0.000    0.000    0.000 comment.py:181(parse_raises)
      142    0.000    0.000    0.003    0.000 node.py:374(_under_expand)
       66    0.000    0.000    0.064    0.001 di.py:376(__bind_proxy)
       78    0.000    0.000    0.000    0.000 {method 'findall' of 're.Pattern' objects}
       28    0.000    0.000    0.095    0.003 cache.py:257(wrapper)
       49    0.000    0.000    0.003    0.000 terminal.py:9(match_terminal)
       38    0.000    0.000    0.000    0.000 <frozen importlib._bootstrap_external>:833(spec_from_file_location)
      140    0.000    0.000    0.000    0.000 decorator.j2:4(root)
      396    0.000    0.000    0.000    0.000 this_ref.j2:4(root)
      556    0.000    0.000    0.000    0.000 compiler.py:418(outdent)
       73    0.000    0.000    0.001    0.000 statement_compound.py:297(accessor)
      469    0.000    0.000    0.000    0.000 {method 'update' of 'set' objects}
       67    0.000    0.000    0.004    0.000 py2cpp.py:1462(on_string)
      268    0.000    0.000    0.000    0.000 string.j2:4(root)
      113    0.000    0.000    0.000    0.000 anno_assign.j2:4(root)
      144    0.000    0.000    0.001    0.000 statement_compound.py:656(block)
      154    0.000    0.000    0.000    0.000 _comment.j2:4(root)
      966    0.000    0.000    0.000    0.000 __init__.py:1034(<genexpr>)
       69    0.000    0.000    0.000    0.000 filters.py:1745(prepare_select_or_reject)
       85    0.000    0.000    0.000    0.000 {method 'hexdigest' of '_hashlib.HASH' objects}
      111    0.000    0.000    0.000    0.000 {built-in method _codecs.utf_8_decode}
       76    0.000    0.000    0.000    0.000 _template_types.j2:4(root)
        2    0.000    0.000    0.000    0.000 {built-in method builtins.eval}
       42    0.000    0.000    0.003    0.000 py2cpp.py:1023(on_custom_type)
      111    0.000    0.000    0.002    0.000 environment.py:454(lexer)
       49    0.000    0.000    0.000    0.000 <frozen importlib._bootstrap>:124(setdefault)
      121    0.000    0.000    0.000    0.000 utils.py:738(__init__)
      175    0.000    0.000    0.012    0.000 parser.py:712(parse)
    53/27    0.000    0.000    0.004    0.000 compiler.py:62(visitor)
      131    0.000    0.000    0.064    0.000 __init__.py:71(import_module)
       13    0.000    0.000    0.000    0.000 block.py:311(break_last_block)
       28    0.000    0.000    0.004    0.000 persistent.py:101(_gen_filepath)
     37/6    0.000    0.000    0.062    0.010 <frozen importlib._bootstrap_external>:1020(exec_module)
      340    0.000    0.000    0.000    0.000 runtime.py:892(__iter__)
       74    0.000    0.000    0.000    0.000 <frozen importlib._bootstrap_external>:137(_path_split)
      831    0.000    0.000    0.000    0.000 environment.py:941(join_path)
       33    0.000    0.000    0.000    0.000 {built-in method _abc._abc_init}
       35    0.000    0.000    0.005    0.000 compiler.py:1561(visit_Assign)
       65    0.000    0.000    0.002    0.000 parser.py:832(parse_subscribed)
       14    0.000    0.000    0.470    0.034 entrypoints.py:26(handler)
       31    0.000    0.000    0.000    0.000 typing.py:1256(_generic_init_subclass)
      113    0.000    0.000    0.000    0.000 compiler.py:611(func)
       21    0.000    0.000    0.003    0.000 _compiler.py:743(compile)
       84    0.000    0.000    0.000    0.000 _parser.py:371(_escape)
       91    0.000    0.000    0.000    0.000 {method 'search' of 're.Pattern' objects}
  133/131    0.000    0.000    0.063    0.000 <frozen importlib._bootstrap>:1375(_gcd_import)
      166    0.000    0.000    0.000    0.000 environment.py:570(call_test)
       45    0.000    0.000    0.001    0.000 statement_compound.py:611(inherit_sub_types)
      175    0.000    0.000    0.001    0.000 terminal.py:18(can_expand)
       19    0.000    0.000    0.005    0.000 py2cpp.py:695(on_anno_assign)
      111    0.000    0.000    0.000    0.000 {built-in method _functools.reduce}
       28    0.000    0.000    0.000    0.000 decorator.py:20(_parse)
       21    0.000    0.000    0.000    0.000 _compiler.py:514(_compile_info)
        1    0.000    0.000    0.035    0.035 load_grammar.py:1(<module>)
      104    0.000    0.000    0.001    0.000 statement_compound.py:105(block)
       28    0.000    0.000    0.012    0.000 decoder.py:340(decode)
      166    0.000    0.000    0.000    0.000 filters.py:1770(func)
        2    0.000    0.000    0.000    0.000 __init__.py:358(namedtuple)
      374    0.000    0.000    0.000    0.000 _parser.py:163(__len__)
      155    0.000    0.000    0.000    0.000 compiler.py:600(leave_frame)
    37/36    0.000    0.000    0.000    0.000 sequence.py:64(update)
       88    0.000    0.000    0.000    0.000 nodes.py:920(as_const)
      607    0.000    0.000    0.000    0.000 runtime.py:899(__bool__)
      111    0.000    0.000    0.007    0.000 nodes.py:186(find)
      193    0.000    0.000    0.001    0.000 <frozen importlib._bootstrap_external>:145(_path_stat)
       31    0.000    0.000    0.002    0.000 statement_compound.py:632(depended_types)
        3    0.000    0.000    0.001    0.000 visitors.py:50(_apply_v_args)
      115    0.000    0.000    0.001    0.000 compiler.py:232(soft)
      223    0.000    0.000    0.000    0.000 typing.py:164(_type_convert)
      137    0.000    0.000    0.000    0.000 module.py:83(module_path_to_filepath)
       40    0.000    0.000    0.000    0.000 list_type.j2:4(root)
       56    0.000    0.000    0.002    0.000 compiler.py:1701(visit_Compare)
      218    0.000    0.000    0.000    0.000 copyreg.py:98(__newobj__)
      146    0.000    0.000    0.000    0.000 statement_compound.py:434(template_params)
       33    0.000    0.000    0.001    0.000 template.py:107(returns)
       70    0.000    0.000    0.001    0.000 statement_compound.py:481(is_pure)
       70    0.000    0.000    0.000    0.000 module.py:48(filepath)
       52    0.000    0.000    0.000    0.000 compiler.py:716(dump_local_context)
       18    0.000    0.000    0.007    0.000 py2cpp.py:931(on_class_ref)
      168    0.000    0.000    0.000    0.000 py2cpp.py:268(__accessible_name_for_class)
      295    0.000    0.000    0.000    0.000 _parser.py:175(append)
       28    0.000    0.000    0.012    0.000 __init__.py:299(loads)
      379    0.000    0.000    0.000    0.000 typing.py:1437(__eq__)
      104    0.000    0.000    0.006    0.000 statement_compound.py:85(statements)
      132    0.000    0.000    0.000    0.000 decorator.py:44(path)
      180    0.000    0.000    0.000    0.000 utils.py:751(__setitem__)
       52    0.000    0.000    0.000    0.000 _initializer.j2:4(root)
       83    0.000    0.000    0.001    0.000 lexer.py:354(look)
      131    0.000    0.000    0.064    0.000 module.py:8(load_module)
       25    0.000    0.000    0.000    0.000 nodes.py:887(as_const)
       14    0.000    0.000    0.053    0.004 parser.py:159(load)
       78    0.000    0.000    0.000    0.000 literal.py:80(as_string)
       41    0.000    0.000    0.001    0.000 <frozen importlib._bootstrap>:806(module_from_spec)
      131    0.000    0.000    0.001    0.000 primary.py:298(match_feature)
       20    0.000    0.000    0.004    0.000 traits.py:358(parameter_at)
       46    0.000    0.000    0.000    0.000 {built-in method _imp.is_builtin}
      108    0.000    0.000    0.000    0.000 di.py:42(bind)
       25    0.000    0.000    0.000    0.000 typing.py:3794(__getattr__)
        3    0.000    0.000    0.018    0.006 py2cpp.py:555(on_constructor)
       72    0.000    0.000    0.001    0.000 typing.py:1658(copy_with)
      395    0.000    0.000    0.000    0.000 primary.py:318(type_name)
       14    0.000    0.000    0.001    0.000 resolver.py:11(__init__)
       42    0.000    0.000    0.000    0.000 <frozen importlib._bootstrap_external>:177(_path_isabs)
       49    0.000    0.000    0.003    0.000 py2cpp.py:1456(on_integer)
     48/1    0.000    0.000    0.645    0.645 modules.py:58(load)
       50    0.000    0.000    0.000    0.000 contextlib.py:108(__init__)
        1    0.000    0.000    0.002    0.002 parse_tree_builder.py:332(__init__)
       73    0.000    0.000    0.012    0.000 statement_compound.py:455(comment)
      120    0.000    0.000    0.000    0.000 node.py:390(query_raw)
       21    0.000    0.000    0.002    0.000 _parser.py:970(parse)
       11    0.000    0.000    0.017    0.002 py2cpp.py:478(on_for)
       84    0.000    0.000    0.000    0.000 accessible.py:7(to_accessor)
       12    0.000    0.000    0.005    0.000 parser.py:437(parse_filter_block)
      459    0.000    0.000    0.000    0.000 <frozen importlib._bootstrap>:491(_verbose_message)
       48    0.000    0.000    0.000    0.000 cast_char.j2:4(root)
      227    0.000    0.000    0.000    0.000 <frozen importlib._bootstrap_external>:1370(_find_parent_path_names)
      104    0.000    0.000    0.000    0.000 compiler.py:226(inner)
      111    0.000    0.000    0.024    0.000 environment.py:700(_compile)
      380    0.000    0.000    0.000    0.000 _parser.py:255(match)
       31    0.000    0.000    0.005    0.000 traits.py:310(constructor)
      132    0.000    0.000    0.000    0.000 decorator.py:94(any)
      926    0.000    0.000    0.000    0.000 grammar.py:121(__hash__)
       28    0.000    0.000    0.020    0.001 general.py:45(imports)
      222    0.000    0.000    0.000    0.000 <frozen importlib._bootstrap_external>:139(<genexpr>)
      321    0.000    0.000    0.000    0.000 parse_tree_builder.py:166(<genexpr>)
      269    0.000    0.000    0.000    0.000 compiler.py:765(get_resolve_func)
       50    0.000    0.000    0.000    0.000 contextlib.py:303(helper)
       78    0.000    0.000    0.000    0.000 __init__.py:270(findall)
      122    0.000    0.000    0.000    0.000 primary.py:121(class_types)
       38    0.000    0.000    0.000    0.000 <frozen importlib._bootstrap_external>:1619(_get_spec)
        2    0.000    0.000    0.007    0.004 compiler.py:614(macro_body)
       26    0.000    0.000    0.000    0.000 typing.py:379(_remove_dups_flatten)
      130    0.000    0.000    0.000    0.000 move_assign.j2:4(root)
       49    0.000    0.000    0.000    0.000 <frozen importlib._bootstrap>:162(__enter__)
      128    0.000    0.000    0.007    0.000 statement_simple.py:105(return_value)
       78    0.000    0.000    0.001    0.000 reflections.py:652(on_string)
    33/17    0.000    0.000    0.002    0.000 reflections.py:279(__resolve_raw_fallback)
      199    0.000    0.000    0.000    0.000 cvars.py:215(to_operator)
       55    0.000    0.000    0.000    0.000 statement_compound.py:560(class_types)
       28    0.000    0.000    0.003    0.000 statement_compound.py:67(statements)
    56/50    0.000    0.000    0.000    0.000 reflection.py:235(__hash__)
       78    0.000    0.000    0.000    0.000 __init__.py:241(split)
       12    0.000    0.000    0.004    0.000 compiler.py:1338(visit_FilterBlock)
       57    0.000    0.000    0.000    0.000 _signature_prefix.j2:4(root)
       82    0.000    0.000    0.007    0.000 primary.py:384(match_feature)
       62    0.000    0.000    0.000    0.000 filters.py:177(do_replace)
       11    0.000    0.000    0.000    0.000 query.py:101(factory)
       36    0.000    0.000    0.000    0.000 finder.py:25(get_object)
        1    0.000    0.000    0.000    0.000 {method 'write' of '_io.BufferedWriter' objects}
       58    0.000    0.000    0.000    0.000 py2cpp.py:376(allow_override_from_method)
      112    0.000    0.000    0.000    0.000 range.j2:4(root)
       14    0.000    0.000    0.001    0.000 parser.py:746(parse_list)
      456    0.000    0.000    0.000    0.000 reflection.py:304(node)
      111    0.000    0.000    0.000    0.000 __init__.py:1003(__init__)
       49    0.000    0.000    0.003    0.000 literal.py:31(match_feature)
      185    0.000    0.000    0.000    0.000 _parser.py:292(tell)
       49    0.000    0.000    0.000    0.000 path.py:136(consists_of_only)
       56    0.000    0.000    0.001    0.000 compiler.py:1709(visit_Operand)
       38    0.000    0.000    0.003    0.000 loader.py:72(hash)
      129    0.000    0.000    0.001    0.000 py2cpp.py:1530(on_terminal)
      453    0.000    0.000    0.000    0.000 reflection.py:298(decl)
   118/18    0.000    0.000    0.000    0.000 <frozen importlib._bootstrap_external>:1398(__iter__)
        1    0.000    0.000    0.004    0.004 utils.py:1(<module>)
       31    0.000    0.000    0.001    0.000 statement_compound.py:396(definition_type)
       28    0.000    0.000    0.022    0.001 py2cpp.py:1400(on_sum)
       92    0.000    0.000    0.000    0.000 tuple.j2:4(root)
       98    0.000    0.000    0.000    0.000 py2cpp.py:1799(sub_cvar_relay)
       98    0.000    0.000    0.002    0.000 loader.py:21(exists)
       52    0.000    0.000    0.000    0.000 compiler.py:434(simple_write)
       28    0.000    0.000    0.000    0.000 cache.py:227(get)
      111    0.000    0.000    0.000    0.000 compiler.py:255(__init__)
       14    0.000    0.000    0.097    0.007 parser.py:37(__call__)
       21    0.000    0.000    0.001    0.000 environment.py:1428(_get_default_module)
       50    0.000    0.000    0.000    0.000 contextlib.py:136(__enter__)
       98    0.000    0.000    0.000    0.000 integer.j2:4(root)
       54    0.000    0.000    0.004    0.000 statement_simple.py:144(throws)
       73    0.000    0.000    0.000    0.000 sequence.py:20(last_index_of)
      453    0.000    0.000    0.000    0.000 reflection.py:76(via)
       49    0.000    0.000    0.000    0.000 <frozen importlib._bootstrap>:74(__new__)
       34    0.000    0.000    0.040    0.001 <frozen importlib._bootstrap_external>:1085(source_to_code)
      147    0.000    0.000    0.000    0.000 typing.py:1639(<genexpr>)
     14/3    0.000    0.000    0.211    0.070 modules.py:91(__load_dependencies)
      292    0.000    0.000    0.000    0.000 <frozen _collections_abc>:515(_is_param_expr)
       42    0.000    0.000    0.001    0.000 loader.py:52(mtime)
       46    0.000    0.000    0.000    0.000 <frozen importlib._bootstrap>:232(__init__)
       52    0.000    0.000    0.003    0.000 statement_compound.py:96(else_clause)
       54    0.000    0.000    0.000    0.000 _signature_suffix.j2:4(root)
       38    0.000    0.000    0.001    0.000 <frozen importlib._bootstrap_external>:642(_get_cached)
       52    0.000    0.000    0.004    0.000 statement_compound.py:50(statements)
    61/60    0.000    0.000    0.003    0.000 primary.py:421(match_feature)
       42    0.000    0.000    0.000    0.000 else.j2:4(root)
        1    0.000    0.000    0.002    0.002 lexer.py:1(<module>)
       46    0.000    0.000    0.000    0.000 <frozen importlib._bootstrap>:445(cb)
      750    0.000    0.000    0.000    0.000 inspect.py:618(<lambda>)
       78    0.000    0.000    0.000    0.000 comment.py:204(parse_note)
       61    0.000    0.000    0.001    0.000 reflections.py:646(on_integer)
       88    0.000    0.000    0.000    0.000 statement_compound.py:301(operations)
      325    0.000    0.000    0.000    0.000 typing.py:1427(<genexpr>)
       14    0.000    0.000    0.146    0.010 persistent.py:164(_restore)
      174    0.000    0.000    0.000    0.000 enum.py:1308(__hash__)
       15    0.000    0.000    0.000    0.000 cache.py:108(gen_cache_path)
       69    0.000    0.000    0.000    0.000 filters.py:1533(sync_do_select)
      113    0.000    0.000    0.000    0.000 convertion.py:18(as_a)
       21    0.000    0.000    0.001    0.000 _compiler.py:576(_code)
       46    0.000    0.000    0.001    0.000 <frozen importlib._bootstrap>:416(__enter__)
        9    0.000    0.000    0.007    0.001 traits.py:325(iterates)
   107/40    0.000    0.000    0.000    0.000 <frozen importlib._bootstrap_external>:1407(__len__)
       29    0.000    0.000    0.000    0.000 nodes.py:523(as_const)
       56    0.000    0.000    0.000    0.000 node.py:59(__hash__)
       31    0.000    0.000    0.000    0.000 statement_compound.py:615(expand_sub_types)
       28    0.000    0.000    0.002    0.000 py2cpp.py:654(on_decorator)
        4    0.000    0.000    0.000    0.000 <frozen importlib._bootstrap_external>:1675(_fill_cache)
      133    0.000    0.000    0.000    0.000 <frozen importlib._bootstrap>:1285(_sanity_check)
       26    0.000    0.000    0.004    0.000 py2cpp.py:466(on_else_if)
       60    0.000    0.000    0.000    0.000 <frozen importlib._bootstrap_external>:155(_path_is_mode_type)
        3    0.000    0.000    0.007    0.002 py2cpp.py:1335(on_comp_for)
       49    0.000    0.000    0.000    0.000 <frozen importlib._bootstrap>:79(__init__)
        8    0.000    0.000    0.010    0.001 py2cpp.py:687(proc_move_assign_destruction)
      111    0.000    0.000    0.000    0.000 py2cpp.py:805(on_decl_local_var)
      412    0.000    0.000    0.000    0.000 parse_tree_builder.py:182(<genexpr>)
        8    0.000    0.000    0.000    0.000 _statements.j2:4(root)
      111    0.000    0.000    0.000    0.000 <frozen posixpath>:42(_get_sep)
        7    0.000    0.000    0.006    0.001 py2cpp.py:761(on_import)
       66    0.000    0.000    0.000    0.000 slice_string.j2:4(root)
       55    0.000    0.000    0.000    0.000 cast_bin_to_str.j2:4(root)
       66    0.000    0.000    0.001    0.000 statement_compound.py:147(for_in)
       36    0.000    0.000    0.000    0.000 idtracking.py:94(store)
        1    0.000    0.000    0.002    0.002 lexer.py:479(__init__)
       14    0.000    0.000    0.152    0.011 restore_symbols.py:21(__call__)
       83    0.000    0.000    0.000    0.000 lexer.py:350(push)
       39    0.000    0.000    0.035    0.001 py2cpp.py:959(<lambda>)
       17    0.000    0.000    0.000    0.000 enum.py:1603(__and__)
        6    0.000    0.000    0.000    0.000 _block_constructor.j2:4(root)
    50/43    0.000    0.000    0.001    0.000 compiler.py:259(visit_Filter)
      108    0.000    0.000    0.001    0.000 primary.py:305(match_feature)
        8    0.000    0.000    0.000    0.000 _compiler.py:389(_mk_bitmap)
       60    0.000    0.000    0.000    0.000 statement_compound.py:385(symbol)
       54    0.000    0.000    0.000    0.000 parser.py:333(parse_import_context)
        1    0.000    0.000    0.001    0.001 visitors.py:1(<module>)
       28    0.000    0.000    0.000    0.000 di.py:347(unbind)
       78    0.000    0.000    0.000    0.000 comment.py:215(parse_examples)
       15    0.000    0.000    0.095    0.006 cache.py:91(get)
      101    0.000    0.000    0.000    0.000 <frozen importlib._bootstrap_external>:1500(_path_importer_cache)
       20    0.000    0.000    0.003    0.000 py2cpp.py:998(on_list_type)
       30    0.000    0.000    0.001    0.000 idtracking.py:202(visit_For)
       52    0.000    0.000    0.000    0.000 idtracking.py:147(dump_stores)
       39    0.000    0.000    0.000    0.000 _compiler.py:214(_compile_charset)
        1    0.000    0.000    0.044    0.044 lark.py:1(<module>)
       52    0.000    0.000    0.008    0.000 statement_compound.py:80(condition)
      203    0.000    0.000    0.000    0.000 compiler.py:608(choose_async)
       41    0.000    0.000    0.000    0.000 statement_compound.py:596(template_params)
       37    0.000    0.000    0.000    0.000 <frozen importlib._bootstrap_external>:674(_check_name_wrapper)
       60    0.000    0.000    0.000    0.000 list_extend.j2:4(root)
       49    0.000    0.000    0.000    0.000 <frozen importlib._bootstrap>:82(remove)
       78    0.000    0.000    0.010    0.000 statement_compound.py:45(condition)
        9    0.000    0.000    0.006    0.001 traits.py:341(_resolve_method)
      463    0.000    0.000    0.000    0.000 parse_tree_builder.py:29(__init__)
       14    0.000    0.000    0.000    0.000 __init__.py:244(detect_encoding)
       38    0.000    0.000    0.000    0.000 _parser.py:85(opengroup)
       43    0.000    0.000    0.000    0.000 {built-in method nt.getcwd}
        1    0.000    0.000    0.014    0.014 parser_frontends.py:48(__init__)
    26/18    0.000    0.000    0.000    0.000 _compiler.py:439(_get_literal_prefix)
       62    0.000    0.000    0.000    0.000 primary.py:397(match_feature)
       53    0.000    0.000    0.001    0.000 statement_simple.py:176(import_path)
       50    0.000    0.000    0.000    0.000 contextlib.py:145(__exit__)
       55    0.000    0.000    0.000    0.000 statement_compound.py:552(is_override)
       20    0.000    0.000    0.002    0.000 traits.py:224(_find_method)
      166    0.000    0.000    0.000    0.000 {built-in method _operator.ne}
       37    0.000    0.000    0.001    0.000 idtracking.py:286(visit_Assign)
       54    0.000    0.000    0.000    0.000 <frozen importlib._bootstrap_external>:164(_path_isfile)
       81    0.000    0.000    0.000    0.000 enum.py:1585(_get_value)
       45    0.000    0.000    0.005    0.000 <frozen importlib._bootstrap_external>:1551(find_spec)
        1    0.000    0.000    0.000    0.000 resolver.py:6(symbol_mapping)
        2    0.000    0.000    0.000    0.000 typing.py:3142(__new__)
       40    0.000    0.000    0.000    0.000 cpp_view_helper.py:137(to_immutable)
       27    0.000    0.000    0.000    0.000 enum.py:1152(__new__)
       16    0.000    0.000    0.005    0.000 _definition_class.j2:4(root)
      220    0.000    0.000    0.000    0.000 parser.py:879(ensure)
       42    0.000    0.000    0.000    0.000 idtracking.py:112(declare_parameter)
      218    0.000    0.000    0.000    0.000 cvars.py:207(equals)
      136    0.000    0.000    0.000    0.000 <frozen importlib._bootstrap>:1226(__exit__)
       46    0.000    0.000    0.001    0.000 reflections.py:348(on_fallback)
    88/71    0.000    0.000    0.000    0.000 typing.py:1443(__hash__)
       14    0.000    0.000    0.153    0.011 module.py:85(preprocess)
       42    0.000    0.000    0.000    0.000 cvar_to.j2:4(root)
       78    0.000    0.000    0.002    0.000 primary.py:171(class_types)
       39    0.000    0.000    0.000    0.000 <frozen importlib._bootstrap>:48(_new_module)
       21    0.000    0.000    0.001    0.000 <frozen _collections_abc>:652(__rsub__)
       36    0.000    0.000    0.000    0.000 while.j2:4(root)
      136    0.000    0.000    0.000    0.000 <frozen importlib._bootstrap>:1222(__enter__)
       24    0.000    0.000    0.004    0.000 delete.j2:4(root)
        1    0.000    0.000    0.001    0.001 lalr_analysis.py:1(<module>)
      149    0.000    0.000    0.000    0.000 {method 'rfind' of 'str' objects}
        9    0.000    0.000    0.008    0.001 reflections.py:556(on_for_in)
       33    0.000    0.000    0.001    0.000 <frozen abc>:105(__new__)
       16    0.000    0.000    0.001    0.000 typing.py:806(Optional)
       31    0.000    0.000    0.005    0.000 reflections.py:216(resolve_constructor)
       77    0.000    0.000    0.000    0.000 _decorators.j2:4(root)
       86    0.000    0.000    0.003    0.000 primary.py:578(iterates)
       21    0.000    0.000    0.000    0.000 py2cpp.py:1686(break_relay)
       42    0.000    0.000    0.000    0.000 {built-in method nt._path_splitroot}
       14    0.000    0.000    0.000    0.000 di.py:257(instantiate)
      231    0.000    0.000    0.000    0.000 {built-in method _imp.acquire_lock}
        7    0.000    0.000    0.003    0.000 py2cpp.py:490(proc_for_range)
       51    0.000    0.000    0.000    0.000 statement_compound.py:158(iterates)
       71    0.000    0.000    0.000    0.000 typing.py:1122(_is_unpacked_typevartuple)
        1    0.000    0.000    0.056    0.056 parser.py:1(<module>)
       55    0.000    0.000    0.000    0.000 _compiler.py:401(_simple)
      202    0.000    0.000    0.000    0.000 environment.py:463(getitem)
       27    0.000    0.000    0.001    0.000 py2cpp.py:1035(on_null_type)
        8    0.000    0.000    0.007    0.001 enum.j2:4(root)
      157    0.000    0.000    0.000    0.000 idtracking.py:235(__init__)
      172    0.000    0.000    0.000    0.000 compiler.py:497(<genexpr>)
       28    0.000    0.000    0.001    0.000 persistent.py:137(_can_restore)
       14    0.000    0.000    0.000    0.000 di.py:398(combine)
      231    0.000    0.000    0.000    0.000 {built-in method _imp.release_lock}
       58    0.000    0.000    0.000    0.000 compiler.py:384(temporary_identifier)
       55    0.000    0.000    0.000    0.000 statement_compound.py:548(is_abstract)
       28    0.000    0.000    0.000    0.000 di.py:71(rebind)
       31    0.000    0.000    0.000    0.000 statement_compound.py:567(match_feature)
      103    0.000    0.000    0.000    0.000 {method '__exit__' of '_thread.RLock' objects}
       10    0.000    0.000    0.000    0.000 typing.py:1748(__getitem__)
      182    0.000    0.000    0.000    0.000 _parser.py:112(__init__)
        1    0.000    0.000    0.000    0.000 pkgutil.py:1(<module>)
       75    0.000    0.000    0.001    0.000 <frozen importlib._bootstrap>:632(cached)
       92    0.000    0.000    0.000    0.000 <frozen importlib._bootstrap_external>:67(_relax_case)
       64    0.000    0.000    0.000    0.000 compiler.py:422(start_write)
       48    0.000    0.000    0.000    0.000 move_assign_destruction.j2:4(root)
       40    0.000    0.000    0.000    0.000 {built-in method fromkeys}
       22    0.000    0.000    0.000    0.000 statement_compound.py:141(symbols)
    44/28    0.000    0.000    0.001    0.000 typing.py:574(__getitem__)
        1    0.000    0.000    0.006    0.006 earley.py:1(<module>)
        2    0.000    0.000    0.007    0.004 py2cpp.py:706(on_delete)
        1    0.000    0.000    0.019    0.019 parser_frontends.py:1(<module>)
       25    0.000    0.000    0.000    0.000 str_find.j2:4(root)
       45    0.000    0.000    0.000    0.000 <frozen importlib._bootstrap>:1128(find_spec)
       46    0.000    0.000    0.000    0.000 <frozen importlib._bootstrap>:420(__exit__)
      111    0.000    0.000    0.000    0.000 compiler.py:943(<genexpr>)
       31    0.000    0.000    0.000    0.000 runtime.py:559(__next__)
       14    0.000    0.000    0.000    0.000 di.py:230(combine)
       46    0.000    0.000    0.000    0.000 lexer.py:265(__eq__)
       37    0.000    0.000    0.000    0.000 <frozen importlib._bootstrap_external>:1233(path_stats)
        2    0.000    0.000    0.000    0.000 _statements_enum.j2:4(root)
       19    0.000    0.000    0.013    0.001 reflections.py:614(on_sum)
       25    0.000    0.000    0.000    0.000 reflection.py:207(__eq__)
       56    0.000    0.000    0.000    0.000 list_comp.j2:4(root)
       97    0.000    0.000    0.000    0.000 compiler.py:717(<genexpr>)
       58    0.000    0.000    0.000    0.000 py2cpp.py:811(on_decl_this_param)
        8    0.000    0.000    0.000    0.000 functools.py:36(update_wrapper)
      118    0.000    0.000    0.000    0.000 _parser.py:82(groups)
       79    0.000    0.000    0.000    0.000 typing.py:789(<genexpr>)
        3    0.000    0.000    0.010    0.003 py2cpp.py:523(proc_for_each)
        4    0.000    0.000    0.000    0.000 _inherits.j2:4(root)
       14    0.000    0.000    0.000    0.000 typing.py:1599(__mro_entries__)
       14    0.000    0.000    0.097    0.007 ast.py:30(make_root_entry)
      111    0.000    0.000    0.000    0.000 optimizer.py:28(__init__)
       91    0.000    0.000    0.000    0.000 {method 'find' of 'bytearray' objects}
       27    0.000    0.000    0.000    0.000 enum.py:695(__call__)
       15    0.000    0.000    0.000    0.000 str_format.j2:4(root)
       36    0.000    0.000    0.000    0.000 class_ref.j2:4(root)
       15    0.000    0.000    0.000    0.000 _compiler.py:470(_get_charset_prefix)
        7    0.000    0.000    0.000    0.000 compiler.py:1820(visit_CondExpr)
       98    0.000    0.000    0.000    0.000 di.py:277(__register)
        1    0.000    0.000    0.000    0.000 earley_forest.py:1(<module>)
    14/10    0.000    0.000    0.221    0.022 modules.py:80(__load_libraries)
       39    0.000    0.000    0.000    0.000 unary_operator.j2:4(root)
     11/4    0.000    0.000    0.000    0.000 {built-in method _abc._abc_subclasscheck}
      221    0.000    0.000    0.000    0.000 {built-in method builtins.ord}
       28    0.000    0.000    0.000    0.000 module.py:53(in_storage)
       21    0.000    0.000    0.000    0.000 {built-in method _sre.compile}
      112    0.000    0.000    0.000    0.000 module.py:38(path)
       28    0.000    0.000    0.001    0.000 statement_compound.py:73(block)
      111    0.000    0.000    0.000    0.000 <frozen codecs>:263(__init__)
       68    0.000    0.000    0.000    0.000 nodes.py:552(can_assign)
       14    0.000    0.000    0.001    0.000 entrypoints.py:42(entrypoint)
        1    0.000    0.000    0.000    0.000 lark.py:188(__init__)
       13    0.000    0.000    0.000    0.000 typing.py:1719(__getitem__)
       54    0.000    0.000    0.000    0.000 null_type.j2:4(root)
       14    0.000    0.000    0.471    0.034 module.py:64(load)
        1    0.000    0.000    0.004    0.004 parse_tree_builder.py:1(<module>)
       21    0.000    0.000    0.001    0.000 inspect.py:621(getmembers)
     11/5    0.000    0.000    0.011    0.002 <frozen importlib._bootstrap>:1390(_handle_fromlist)
       62    0.000    0.000    0.000    0.000 _parser.py:171(__setitem__)
       14    0.000    0.000    0.004    0.000 persistent.py:66(stored)
       56    0.000    0.000    0.000    0.000 aug_assign.j2:4(root)
        8    0.000    0.000    0.000    0.000 typing.py:1733(__getitem_inner__)
       35    0.000    0.000    0.000    0.000 compiler.py:780(push_assign_tracking)
      166    0.000    0.000    0.000    0.000 filters.py:1763(transfunc)
       14    0.000    0.000    0.000    0.000 di.py:219(_clone)
      166    0.000    0.000    0.000    0.000 filters.py:1561(<lambda>)
       49    0.000    0.000    0.000    0.000 <frozen importlib._bootstrap>:173(__exit__)
       10    0.000    0.000    0.000    0.000 statement_compound.py:789(_merged_by)
       45    0.000    0.000    0.000    0.000 {built-in method _imp.find_frozen}
       17    0.000    0.000    0.002    0.000 py2cpp.py:1501(on_tuple)
       19    0.000    0.000    0.000    0.000 compiler.py:1746(visit_Slice)
       98    0.000    0.000    0.000    0.000 {built-in method _thread.get_ident}
       10    0.000    0.000    0.000    0.000 cpp_view_helper.py:31(parse)
       15    0.000    0.000    0.000    0.000 statement_compound.py:506(class_types)
       46    0.000    0.000    0.000    0.000 <frozen importlib._bootstrap>:982(find_spec)
       42    0.000    0.000    0.000    0.000 <frozen importlib._bootstrap_external>:190(_path_abspath)
        3    0.000    0.000    0.000    0.000 statement_compound.py:758(_collect_impl)
        3    0.000    0.000    0.000    0.000 statement_compound.py:668(constructor_exists)
       24    0.000    0.000    0.000    0.000 reflections.py:536(on_null_type)
       38    0.000    0.000    0.000    0.000 _parser.py:97(closegroup)
        1    0.000    0.000    2.712    2.712 transpile.py:303(_run_impl)
      254    0.000    0.000    0.000    0.000 parse_tree_builder.py:141(__init__)
       53    0.000    0.000    0.000    0.000 cvars.py:211(contains)
       10    0.000    0.000    0.003    0.000 py2cpp.py:801(on_decl_this_var)
       25    0.000    0.000    0.000    0.000 reflections.py:599(on_comparison)
       36    0.000    0.000    0.000    0.000 reflections.py:73(get_object)
       14    0.000    0.000    0.041    0.003 entry.py:153(loads)
       38    0.000    0.000    0.000    0.000 statement_simple.py:67(value)
        1    0.000    0.000    0.000    0.000 lark.py:245(Lark)
       18    0.000    0.000    0.000    0.000 dict.j2:4(root)
        8    0.000    0.000    0.001    0.000 py2cpp.py:703(on_aug_assign)
        9    0.000    0.000    0.000    0.000 _parser.py:273(getuntil)
       22    0.000    0.000    0.000    0.000 _parser.py:230(__init__)
       22    0.000    0.000    0.003    0.000 statement_compound.py:152(statements)
       30    0.000    0.000    0.020    0.001 general.py:35(statements)
        7    0.000    0.000    0.000    0.000 compiler.py:1618(visit_NSRef)
       82    0.000    0.000    0.000    0.000 decorator.py:149(__init__)
       10    0.000    0.000    0.000    0.000 enum.py:1592(__or__)
        1    0.000    0.000    0.000    0.000 serializer.py:1(<module>)
       49    0.000    0.000    0.000    0.000 {built-in method _weakref._remove_dead_weakref}
       10    0.000    0.000    0.000    0.000 statement_compound.py:803(_merged)
       42    0.000    0.000    0.000    0.000 ternary_operator.j2:4(root)
        3    0.000    0.000    0.000    0.000 statement_compound.py:673(constructor)
       18    0.000    0.000    0.000    0.000 comp_for.j2:4(root)
       14    0.000    0.000    0.002    0.000 py2cpp.py:469(on_else)
       21    0.000    0.000    0.001    0.000 <frozen _collections_abc>:866(_from_iterable)
       34    0.000    0.000    0.004    0.000 literal.py:151(values)
        5    0.000    0.000    0.000    0.000 trait.py:35(impl_methods)
       28    0.000    0.000    0.000    0.000 di.py:272(__init__)
        3    0.000    0.000    0.001    0.000 statement_compound.py:689(this_vars)
        1    0.000    0.000    0.000    0.000 lark.py:47(LarkOptions)
       40    0.000    0.000    0.000    0.000 _decl_this_var.j2:4(root)
        1    0.000    0.000    0.000    0.000 {method 'disable' of '_lsprof.Profiler' objects}
        2    0.000    0.000    0.007    0.004 compiler.py:1320(visit_Macro)
       31    0.000    0.000    0.000    0.000 idtracking.py:291(visit_For)
       14    0.000    0.000    0.003    0.000 operator.py:17(operator)
        1    0.000    0.000    0.007    0.007 lalr_parser.py:1(<module>)
        2    0.000    0.000    0.000    0.000 parser.py:357(parse_import)
        2    0.000    0.000    0.006    0.003 parser.py:443(parse_macro)
       63    0.000    0.000    0.000    0.000 nodes.py:890(const)
    12/10    0.000    0.000    0.221    0.022 modules.py:26(libralies)
       22    0.000    0.000    0.000    0.000 statement_compound.py:162(block)
       83    0.000    0.000    0.000    0.000 typing.py:1096(__eq__)
       14    0.000    0.000    0.000    0.000 nodes.py:650(as_const)
        1    0.000    0.000    0.000    0.000 lalr_parser_state.py:1(<module>)
       48    0.000    0.000    0.000    0.000 <frozen importlib._bootstrap>:599(__init__)
       26    0.000    0.000    0.000    0.000 typing.py:351(_deduplicate)
       24    0.000    0.000    0.000    0.000 import.j2:4(root)
        1    0.000    0.000    0.002    0.002 query.py:1(<module>)
       14    0.000    0.000    0.000    0.000 statement_simple.py:180(symbols)
       20    0.000    0.000    0.000    0.000 list.j2:4(root)
        1    0.000    0.000    0.000    0.000 tree.py:1(<module>)
       20    0.000    0.000    0.000    0.000 primary.py:592(for_in)
       21    0.000    0.000    0.000    0.000 nodes.py:706(as_const)
       14    0.000    0.000    0.000    0.000 di.py:387(_clone)
        1    0.000    0.000    0.000    0.000 lexer.py:142(Token)
       49    0.000    0.000    0.000    0.000 {method 'remove' of 'list' objects}
        2    0.000    0.000    0.000    0.000 parser.py:406(parse_signature)
       15    0.000    0.000    0.000    0.000 reflections.py:527(on_custom_type)
        1    0.000    0.000    0.001    0.001 grammar_analysis.py:1(<module>)
       28    0.000    0.000    0.000    0.000 list_insert.j2:4(root)
       28    0.000    0.000    0.000    0.000 di.py:57(unbind)
        4    0.000    0.000    0.000    0.000 <frozen importlib._bootstrap_external>:1487(_path_hooks)
        1    0.000    0.000    0.003    0.003 lark.py:467(_prepare_callbacks)
       14    0.000    0.000    0.000    0.000 statement_compound.py:366(symbol)
       14    0.000    0.000    0.000    0.000 compiler.py:389(buffer)
       26    0.000    0.000    0.002    0.000 primary.py:377(primary_type)
      110    0.000    0.000    0.000    0.000 nodes.py:722(<genexpr>)
        1    0.000    0.000    0.000    0.000 common.py:1(<module>)
        4    0.000    0.000    0.000    0.000 <frozen zipimport>:68(__init__)
       10    0.000    0.000    0.000    0.000 primary.py:621(fors)
       46    0.000    0.000    0.000    0.000 compiler.py:134(<genexpr>)
       31    0.000    0.000    0.000    0.000 typing.py:1221(<genexpr>)
       18    0.000    0.000    0.000    0.000 statement_simple.py:149(via)
        4    0.000    0.000    0.000    0.000 default.j2:1(<module>)
        1    0.000    0.000    0.006    0.006 exceptions.py:1(<module>)
       15    0.000    0.000    0.000    0.000 statement_compound.py:502(is_override)
       42    0.000    0.000    0.000    0.000 {method 'startswith' of 'bytes' objects}
        3    0.000    0.000    0.008    0.003 py2cpp.py:1357(on_list_comp)
       28    0.000    0.000    0.000    0.000 di.py:291(__unregister)
       21    0.000    0.000    0.000    0.000 cvar_new_smart.j2:4(root)
        1    0.000    0.000    0.002    0.002 py2cpp.py:460(on_entrypoint)
       22    0.000    0.000    0.000    0.000 _delete.j2:4(root)
        1    0.000    0.000    0.000    0.000 entry.py:1(<module>)
        4    0.000    0.000    0.000    0.000 _prepare.j2:4(root)
        4    0.000    0.000    0.000    0.000 <frozen importlib._bootstrap_external>:1598(__init__)
        1    0.000    0.000    0.000    0.000 cyk.py:1(<module>)
       12    0.000    0.000    0.000    0.000 _signature_constructor.j2:4(root)
        1    0.000    0.000    0.000    0.000 parser_frontends.py:127(_get_lexer_callbacks)
        1    0.000    0.000    0.000    0.000 xearley.py:1(<module>)
       10    0.000    0.000    0.000    0.000 primary.py:586(symbols)
        1    0.000    0.000    0.000    0.000 load_grammar.py:1085(GrammarBuilder)
       10    0.000    0.000    0.000    0.000 typing.py:1023(__init__)
        8    0.000    0.000    0.000    0.000 py2cpp.py:1702(pluck_func_call_arguments)
       30    0.000    0.000    0.000    0.000 decl_this_var.j2:4(root)
       14    0.000    0.000    0.000    0.000 _parser.py:448(_uniq)
       12    0.000    0.000    0.001    0.000 statement_compound.py:128(statements)
       24    0.000    0.000    0.000    0.000 literalize.j2:4(root)
       10    0.000    0.000    0.004    0.000 py2cpp.py:1477(on_list)
       10    0.000    0.000    0.000    0.000 str_join.j2:4(root)
        1    0.000    0.000    0.001    0.001 __init__.py:71(search_function)
        8    0.000    0.000    0.000    0.000 lexer.py:362(skip)
       10    0.000    0.000    0.001    0.000 lexer.py:483(c)
        2    0.000    0.000    0.000    0.000 typing.py:3240(TypedDict)
       21    0.000    0.000    0.000    0.000 _parser.py:954(fix_flags)
        4    0.000    0.000    0.012    0.003 {built-in method builtins.__import__}
       32    0.000    0.000    0.000    0.000 {method 'index' of 'list' objects}
       53    0.000    0.000    0.000    0.000 {method 'count' of 'tuple' objects}
       42    0.000    0.000    0.000    0.000 _compiler.py:573(isstring)
        1    0.000    0.000    0.000    0.000 enum.py:1455(_missing_)
       54    0.000    0.000    0.000    0.000 _compiler.py:31(_combine_flags)
        1    0.000    0.000    0.000    0.000 lexer.py:213(compile_rules)
       14    0.000    0.000    0.001    0.000 semantics.py:43(handler)
        7    0.000    0.000    0.013    0.002 py2cpp.py:1379(on_or_compare)
        1    0.000    0.000    0.022    0.022 parser_frontends.py:30(_deserialize_parsing_frontend)
       46    0.000    0.000    0.000    0.000 {built-in method _thread.allocate_lock}
       34    0.000    0.000    0.000    0.000 general.py:25(scope)
    15/13    0.000    0.000    0.000    0.000 nodes.py:996(as_const)
       30    0.000    0.000    0.000    0.000 typing.py:1757(<genexpr>)
        1    0.000    0.000    0.000    0.000 entry.py:9(EntryOfLark)
       26    0.000    0.000    0.001    0.000 compiler.py:1173(<genexpr>)
        1    0.000    0.000    0.000    0.000 __init__.py:43(normalize_encoding)
       11    0.000    0.000    0.000    0.000 typing.py:310(_check_generic_specialization)
       10    0.000    0.000    0.000    0.000 str_count.j2:4(root)
       93    0.000    0.000    0.000    0.000 module.py:33(module_path)
       31    0.000    0.000    0.000    0.000 entrypoint.j2:4(root)
       28    0.000    0.000    0.000    0.000 cache.py:256(decorator)
        1    0.000    0.000    0.001    0.001 lalr_interactive_parser.py:1(<module>)
        3    0.000    0.000    0.000    0.000 primary.py:554(can_resolve_super)
       24    0.000    0.000    0.000    0.000 literal.py:125(values)
       10    0.000    0.000    0.002    0.000 primary.py:197(symbol)
       11    0.000    0.000    0.000    0.000 reflections.py:393(on_argument_label)
        1    0.000    0.000    0.000    0.000 functools.py:826(singledispatch)
       10    0.000    0.000    0.002    0.000 primary.py:206(alias)
       56    0.000    0.000    0.000    0.000 compiler.py:774(parameter_is_undeclared)
        1    0.000    0.000    0.000    0.000 {built-in method _imp.exec_dynamic}
       10    0.000    0.000    0.000    0.000 cpp_view_helper.py:191(<lambda>)
    14/11    0.000    0.000    0.000    0.000 nodes.py:1006(as_const)
        1    0.000    0.000    0.000    0.000 indenter.py:1(<module>)
        8    0.000    0.000    0.000    0.000 typing.py:1715(copy_with)
        1    0.000    0.000    0.000    0.000 getpass.py:1(<module>)
       11    0.000    0.000    0.000    0.000 {method '__typing_prepare_subst__' of 'typing.TypeVar' objects}
        3    0.000    0.000    0.005    0.002 py2cpp.py:525(<lambda>)
        8    0.000    0.000    0.000    0.000 runtime.py:406(__init__)
        2    0.000    0.000    0.000    0.000 resolver.py:1(<module>)
        1    0.000    0.000    0.000    0.000 trait.py:70(__ensure_traits)
       15    0.000    0.000    0.000    0.000 statement_compound.py:498(is_abstract)
       28    0.000    0.000    0.000    0.000 decorator.py:11(__init__)
        7    0.000    0.000    0.001    0.000 py2cpp.py:1451(on_ternary_operator)
       25    0.000    0.000    0.000    0.000 {method '__contains__' of 'frozenset' objects}
        2    0.000    0.000    0.000    0.000 compiler.py:1099(visit_Import)
        8    0.000    0.000    0.000    0.000 _classify.j2:4(root)
        1    0.000    0.000    0.000    0.000 indenter.py:15(Indenter)
       10    0.000    0.000    0.000    0.000 pair.j2:4(root)
       26    0.000    0.000    0.002    0.000 primary.py:389(value_type)
       10    0.000    0.000    0.000    0.000 enumerate.j2:4(root)
        5    0.000    0.000    0.011    0.002 py2cpp.py:1382(on_and_compare)
       12    0.000    0.000    0.000    0.000 statement_compound.py:134(block)
       12    0.000    0.000    0.000    0.000 primary.py:597(iterates)
       20    0.000    0.000    0.000    0.000 accessible.py:37(operation_by)
        8    0.000    0.000    0.000    0.000 statement_simple.py:85(operator)
       32    0.000    0.000    0.000    0.000 typing.py:1765(__eq__)
        3    0.000    0.000    0.004    0.001 py2cpp.py:1337(<lambda>)
        1    0.000    0.000    0.000    0.000 lalr_analysis.py:148(LALR_Analyzer)
        4    0.000    0.000    0.001    0.000 visitors.py:456(_apply_v_args)
        4    0.000    0.000    0.000    0.000 <frozen importlib._bootstrap_external>:1716(path_hook_for_FileFinder)
       46    0.000    0.000    0.000    0.000 <frozen importlib._bootstrap>:412(__init__)
        1    0.000    0.000    0.000    0.000 query.py:13(Nodes)
        1    0.000    0.000    0.000    0.000 writer.py:39(_flush)
        1    0.000    0.000    0.000    0.000 load_grammar.py:679(Grammar)
       39    0.000    0.000    0.000    0.000 {method 'partition' of 'str' objects}
        1    0.000    0.000    0.000    0.000 transpile.py:351(output_filepath)
       14    0.000    0.000    0.003    0.000 __init__.py:287(compile)
       14    0.000    0.000    0.000    0.000 config.py:51(<lambda>)
       10    0.000    0.000    0.001    0.000 py2cpp.py:1376(on_not_compare)
        8    0.000    0.000    0.000    0.000 typing.py:2528(get_origin)
        5    0.000    0.000    0.001    0.000 compiler.py:85(visitor)
        2    0.000    0.000    0.000    0.000 reflections.py:667(on_list)
        3    0.000    0.000    0.000    0.000 reflections.py:550(on_super)
        4    0.000    0.000    0.000    0.000 types.py:334(__getattr__)
        1    0.000    0.000    0.000    0.000 _parser.py:997(parse_template)
        7    0.000    0.000    0.000    0.000 primary.py:611(domain_name)
       76    0.000    0.000    0.000    0.000 parse_tree_builder.py:17(__init__)
        3    0.000    0.000    0.000    0.000 <frozen importlib._bootstrap_external>:782(_compile_bytecode)
       49    0.000    0.000    0.000    0.000 <frozen importlib._bootstrap>:158(__init__)
        1    0.000    0.000    0.000    0.000 writer.py:25(flush)
       14    0.000    0.000    0.000    0.000 db.py:135(on_complete)
        6    0.000    0.000    0.000    0.000 statement_compound.py:527(class_types)
        6    0.000    0.000    0.002    0.000 py2cpp.py:475(on_while)
        1    0.000    0.000    0.000    0.000 grammar.py:1(<module>)
        1    0.000    0.000    0.000    0.000 common.py:57(_deserialize)
        9    0.000    0.000    0.000    0.000 <frozen importlib._bootstrap_external>:89(_unpack_uint32)
        4    0.000    0.000    0.000    0.000 decorator.py:187(any)
       10    0.000    0.000    0.000    0.000 typing.py:1773(__hash__)
        2    0.000    0.000    0.000    0.000 typing.py:709(ClassVar)
       19    0.000    0.000    0.000    0.000 lark.py:217(__getattr__)
        5    0.000    0.000    0.001    0.000 py2cpp.py:1474(on_pair)
        1    0.000    0.000    0.000    0.000 __init__.py:374(_compile_template)
       10    0.000    0.000    0.000    0.000 primary.py:202(entity_symbol)
        1    0.000    0.000    0.000    0.000 encoder.py:205(iterencode)
       10    0.000    0.000    0.000    0.000 statement_simple.py:35(symbols)
        2    0.000    0.000    0.000    0.000 compiler.py:1084(_import_common)
       64    0.000    0.000    0.000    0.000 compiler.py:429(end_write)
       10    0.000    0.000    0.002    0.000 py2cpp.py:798(on_decl_this_var_forward)
       15    0.000    0.000    0.000    0.000 cache.py:123(cache_exists)
        1    0.000    0.000    0.008    0.008 lalr_parser.py:27(deserialize)
       23    0.000    0.000    0.000    0.000 {built-in method _operator.neg}
        4    0.000    0.000    0.000    0.000 typing.py:2696(overload)
        3    0.000    0.000    0.000    0.000 statement_compound.py:746(collect)
        1    0.000    0.000    0.000    0.000 environment.py:1526(__init__)
        1    0.000    0.000    0.000    0.000 finder.py:8(ASTFinder)
        1    0.000    0.000    0.000    0.000 str_join.j2:1(<module>)
        7    0.000    0.000    0.000    0.000 literal.py:40(as_int)
        6    0.000    0.000    0.000    0.000 compiler.py:699(<genexpr>)
       15    0.000    0.000    0.000    0.000 py2cpp.py:808(on_decl_class_param)
        3    0.000    0.000    0.000    0.000 <frozen importlib._bootstrap_external>:697(_classify_pyc)
        1    0.000    0.000    0.000    0.000 tree.py:36(Tree)
        2    0.000    0.000    0.000    0.000 idtracking.py:160(dump_param_targets)
        1    0.000    0.000    0.000    0.000 lalr_parser_state.py:11(ParseConf)
        1    0.000    0.000    0.000    0.000 serializer.py:14(ReflectionSerializer)
       60    0.000    0.000    0.000    0.000 primary.py:446(match_feature)
        1    0.000    0.000    0.000    0.000 common.py:27(LexerConf)
        7    0.000    0.000    0.000    0.000 visitors.py:474(__init__)
        2    0.000    0.000    0.000    0.000 cvar_to.j2:1(<module>)
       21    0.000    0.000    0.000    0.000 _parser.py:76(__init__)
       20    0.000    0.000    0.000    0.000 accessible.py:47(arthmetical)
       10    0.000    0.000    0.000    0.000 trait.py:21(implements)
       12    0.000    0.000    0.000    0.000 idtracking.py:300(visit_FilterBlock)
        1    0.000    0.000    0.000    0.000 lalr_parser_state.py:32(ParserState)
        2    0.000    0.000    0.000    0.000 compiler.py:697(macro_def)
        6    0.000    0.000    0.000    0.000 statement_simple.py:97(targets)
        3    0.000    0.000    0.001    0.000 py2cpp.py:758(on_comment)
        1    0.000    0.000    0.000    0.000 __init__.py:1846(LoggerAdapter)
        1    0.000    0.000    0.000    0.000 {built-in method _imp.create_builtin}
       37    0.000    0.000    0.000    0.000 <frozen importlib._bootstrap_external>:1184(__init__)
       10    0.000    0.000    0.002    0.000 primary.py:192(tokens)
       16    0.000    0.000    0.000    0.000 <string>:1(<lambda>)
       21    0.000    0.000    0.000    0.000 inspect.py:302(isclass)
       10    0.000    0.000    0.002    0.000 py2cpp.py:821(on_import_as_name)
       53    0.000    0.000    0.000    0.000 parse_tree_builder.py:95(__init__)
        2    0.000    0.000    0.000    0.000 _accessor.j2:1(<module>)
       28    0.000    0.000    0.000    0.000 di.py:15(__init__)
        2    0.000    0.000    0.000    0.000 callable_type.j2:4(root)
        1    0.000    0.000    0.004    0.004 py2cpp.py:505(proc_for_enumerate)
        5    0.000    0.000    0.001    0.000 py2cpp.py:752(on_break)
        4    0.000    0.000    0.001    0.000 py2cpp.py:1471(on_falsy)
       29    0.000    0.000    0.000    0.000 {method 'items' of 'mappingproxy' objects}
       19    0.000    0.000    0.000    0.000 typing.py:1742(<genexpr>)
        1    0.000    0.000    0.000    0.000 lalr_analysis.py:34(ParseTableBase)
        2    0.000    0.000    0.000    0.000 __init__.py:930(__init__)
       41    0.000    0.000    0.000    0.000 _compiler.py:431(_get_iscased)
        6    0.000    0.000    0.000    0.000 statement_compound.py:339(is_internal)
       14    0.000    0.000    0.000    0.000 operator.py:22(value)
        1    0.000    0.000    0.000    0.000 parser.py:17(SyntaxParserOfLark)
        3    0.000    0.000    0.000    0.000 py2cpp.py:1783(pluck_cvar_new)
        1    0.000    0.000    0.000    0.000 lexer.py:33(Pattern)
        1    0.000    0.000    0.039    0.039 parser.py:127(load)
        1    0.000    0.000    0.000    0.000 parser_frontends.py:116(_validate_frontend_args)
        2    0.000    0.000    0.000    0.000 _compiler.py:394(_bytes_to_codes)
        2    0.000    0.000    0.000    0.000 functools.py:867(_is_union_type)
        3    0.000    0.000    0.000    0.000 compiler.py:1656(visit_List)
        2    0.000    0.000    0.000    0.000 cache.py:1(<module>)
        5    0.000    0.000    0.000    0.000 str_rfind.j2:4(root)
        5    0.000    0.000    0.000    0.000 str_startswith.j2:4(root)
        2    0.000    0.000    0.000    0.000 tuple.j2:1(<module>)
        2    0.000    0.000    0.000    0.000 compiler.py:1647(visit_Tuple)
        1    0.000    0.000    0.000    0.000 entry.py:112(Serialization)
        5    0.000    0.000    0.000    0.000 cast_str_to_bin.j2:4(root)
        1    0.000    0.000    0.000    0.000 module.py:107(handler)
        1    0.000    0.000    0.000    0.000 exceptions.py:37(UnexpectedInput)
        2    0.000    0.000    0.000    0.000 _template_types.j2:1(<module>)
       18    0.000    0.000    0.000    0.000 typing.py:553(__repr__)
        2    0.000    0.000    0.000    0.000 py2cpp.py:275(__accessible_name_for_alt_class)
        1    0.000    0.000    0.000    0.000 __init__.py:183(dumps)
        1    0.000    0.000    0.000    0.000 utils.py:50(Serialize)
        1    0.000    0.000    0.000    0.000 weakref.py:104(__init__)
        5    0.000    0.000    0.000    0.000 compiler.py:1866(visit_Keyword)
       37    0.000    0.000    0.000    0.000 <frozen importlib._bootstrap_external>:1209(get_filename)
        2    0.000    0.000    0.000    0.000 functools.py:878(register)
       15    0.000    0.000    0.000    0.000 cache.py:51(__init__)
        2    0.000    0.000    0.000    0.000 _comment.j2:1(<module>)
       29    0.000    0.000    0.000    0.000 module.py:43(entrypoint)
        1    0.000    0.000    2.066    2.066 py2cpp.py:138(transpile)
        1    0.000    0.000    0.000    0.000 utils.py:238(FS)
        3    0.000    0.000    0.000    0.000 _compiler.py:410(_generate_overlap_table)
       42    0.000    0.000    0.000    0.000 <frozen importlib._bootstrap>:653(has_location)
        3    0.000    0.000    0.000    0.000 statement_compound.py:343(_decl_vars_with)
        3    0.000    0.000    0.000    0.000 cvars.py:219(to_move)
        1    0.000    0.000    0.000    0.000 finder.py:1(<module>)
        1    0.000    0.000    0.000    0.000 dict.j2:1(<module>)
        9    0.000    0.000    0.000    0.000 _parser.py:303(checkgroupname)
        8    0.000    0.000    0.001    0.000 primary.py:616(projection)
        2    0.000    0.000    0.000    0.000 primary.py:438(sub_types)
        5    0.000    0.000    0.001    0.000 statement_compound.py:643(comment)
        2    0.000    0.000    0.000    0.000 dict_type.j2:4(root)
       14    0.000    0.000    0.000    0.000 entrypoints.py:35(<lambda>)
        2    0.000    0.000    0.000    0.000 __init__.py:1477(__init__)
        1    0.000    0.000    0.000    0.000 grammar.py:9(Symbol)
        8    0.000    0.000    0.001    0.000 statement_simple.py:80(receiver)
       24    0.000    0.000    0.000    0.000 inspect.py:758(getmro)
       14    0.000    0.000    0.000    0.000 parser.py:151(__init__)
        1    0.000    0.000    0.000    0.000 unicode_escape.py:1(<module>)
       31    0.000    0.000    0.000    0.000 {built-in method _sre.unicode_iscased}
       40    0.000    0.000    0.000    0.000 {built-in method _sre.unicode_tolower}
       11    0.000    0.000    0.000    0.000 {method 'index' of 'tuple' objects}
        2    0.000    0.000    0.000    0.000 _decorators.j2:1(<module>)
        8    0.000    0.000    0.000    0.000 module.py:136(elements)
       14    0.000    0.000    0.000    0.000 resolver.py:44(__init__)
        1    0.000    0.000    0.000    0.000 lexer.py:518(BasicLexer)
       32    0.000    0.000    0.000    0.000 <frozen importlib._bootstrap_external>:1604(<genexpr>)
        1    0.000    0.000    0.000    0.000 transpile.py:365(fetch_output_path)
        1    0.000    0.000    0.000    0.000 copyreg.py:107(_slotnames)
        1    0.000    0.000    0.000    0.000 py2cpp.py:428(make_depends)
        1    0.000    0.000    0.000    0.000 __init__.py:1110(StreamHandler)
        1    0.000    0.000    0.000    0.000 grammar.py:60(RuleOptions)
        1    0.000    0.000    0.000    0.000 ternary_operator.j2:1(<module>)
       31    0.000    0.000    0.000    0.000 {method '__init_subclass__' of 'object' objects}
        1    0.000    0.000    0.000    0.000 encoder.py:183(encode)
        1    0.000    0.000    0.000    0.000 header.py:77(to_json)
        1    0.000    0.000    0.000    0.000 cache.py:5(<generic parameters of EntryCache>)
        1    0.000    0.000    0.000    0.000 load_grammar.py:819(FromPackageLoader)
        1    0.000    0.000    0.000    0.000 grammar.py:85(Rule)
        1    0.000    0.000    0.000    0.000 import_i18n.j2:1(<module>)
        1    0.000    0.000    0.000    0.000 class.j2:1(<module>)
        1    0.000    0.000    0.000    0.000 else.j2:1(<module>)
        1    0.000    0.000    0.000    0.000 <frozen ntpath>:222(split)
       14    0.000    0.000    0.000    0.000 module.py:14(__init__)
        9    0.000    0.000    0.002    0.000 operator.py:81(primary)
        9    0.000    0.000    0.000    0.000 operator.py:91(secondary)
        2    0.000    0.000    0.000    0.000 idtracking.py:273(visit_Import)
        1    0.000    0.000    0.000    0.000 _str_format.j2:4(root)
        1    0.000    0.000    0.000    0.000 lark.py:514(_deserialize_lexer_conf)
        6    0.000    0.000    0.000    0.000 reflections.py:518(on_list_type)
        1    0.000    0.000    0.000    0.000 utils.py:97(SerializeMemoizer)
        1    0.000    0.000    0.000    0.000 slice_string.j2:1(<module>)
        1    0.000    0.000    0.000    0.000 throw.j2:1(<module>)
        2    0.000    0.000    0.000    0.000 compiler.py:736(push_parameter_definitions)
        1    0.000    0.000    0.000    0.000 __init__.py:1361(getLogger)
        1    0.000    0.000    0.000    0.000 earley_forest.py:25(SymbolNode)
        1    0.000    0.000    0.000    0.000 lalr_interactive_parser.py:13(InteractiveParser)
        1    0.000    0.000    0.000    0.000 move_assign_destruction.j2:1(<module>)
        1    0.000    0.000    0.000    0.000 truthy.j2:1(<module>)
        4    0.000    0.000    0.000    0.000 _constructor_inherits.j2:4(root)
        7    0.000    0.000    0.000    0.000 translation.py:17(import_dsn)
        1    0.000    0.000    0.000    0.000 cache.py:5(EntryCache)
        1    0.000    0.000    0.000    0.000 earley.py:27(Parser)
        9    0.000    0.000    0.000    0.000 comment.j2:4(root)
        1    0.000    0.000    0.000    0.000 cast_str_to_bin.j2:1(<module>)
        1    0.000    0.000    0.000    0.000 _decl_this_var.j2:1(<module>)
       37    0.000    0.000    0.000    0.000 <frozen importlib._bootstrap_external>:1017(create_module)
     11/4    0.000    0.000    0.000    0.000 <frozen abc>:121(__subclasscheck__)
        9    0.000    0.000    0.000    0.000 operator.py:86(condition)
        8    0.000    0.000    0.001    0.000 statement_simple.py:89(value)
        1    0.000    0.000    0.000    0.000 lark.py:230(deserialize)
        1    0.000    0.000    0.000    0.000 parser_frontends.py:41(ParsingFrontend)
        1    0.000    0.000    0.000    0.000 unicode_escape.py:37(getregentry)
        1    0.000    0.000    0.000    0.000 class_method.j2:1(<module>)
        1    0.000    0.000    0.000    0.000 dict_type.j2:1(<module>)
        3    0.000    0.000    0.000    0.000 <frozen importlib._bootstrap>:463(_lock_unlock_module)
        3    0.000    0.000    0.000    0.000 <frozen importlib._bootstrap_external>:730(_validate_timestamp_pyc)
        1    0.000    0.000    0.000    0.000 typing.py:1326(__mro_entries__)
        7    0.000    0.000    0.000    0.000 idtracking.py:249(visit_NSRef)
        1    0.000    0.000    0.009    0.009 py2cpp.py:636(on_enum)
       12    0.000    0.000    0.000    0.000 compiler.py:1369(_default_finalize)
        2    0.000    0.000    0.000    0.000 reflections.py:579(on_list_comp)
        1    0.000    0.000    0.000    0.000 __init__.py:1446(_clear_cache)
        1    0.000    0.000    0.000    0.000 xearley.py:30(Parser)
        1    0.000    0.000    0.000    0.000 lexer.py:625(ContextualLexer)
       10    0.000    0.000    0.000    0.000 break.j2:4(root)
        1    0.000    0.000    0.000    0.000 doc_string.j2:1(<module>)
        1    0.000    0.000    0.000    0.000 this_ref.j2:1(<module>)
        1    0.000    0.000    0.000    0.000 enumerate.j2:1(<module>)
        8    0.000    0.000    0.000    0.000 {method 'translate' of 'bytearray' objects}
        8    0.000    0.000    0.000    0.000 runtime.py:428(_to_iterator)
        1    0.000    0.000    0.000    0.000 __init__.py:600(__init__)
        1    0.000    0.000    0.000    0.000 earley_forest.py:501(ForestToParseTree)
        1    0.000    0.000    0.000    0.000 lalr_parser.py:17(LALR_Parser)
        1    0.000    0.000    0.000    0.000 _str_format.j2:1(<module>)
        1    0.000    0.000    0.000    0.000 _prepare.j2:1(<module>)
        1    0.000    0.000    0.000    0.000 callable_type.j2:1(<module>)
        1    0.000    0.000    0.000    0.000 delete.j2:1(<module>)
        6    0.000    0.000    0.000    0.000 <frozen importlib._bootstrap_external>:169(_path_isdir)
        1    0.000    0.000    0.000    0.000 weakref.py:367(__init__)
        2    0.000    0.000    0.000    0.000 super.j2:4(root)
        1    0.000    0.000    0.000    0.000 environment.py:1395(make_module)
        7    0.000    0.000    0.000    0.000 compiler.py:1824(write_expr2)
        1    0.000    0.000    0.003    0.003 py2cpp.py:1328(on_super)
        1    0.000    0.000    0.000    0.000 visitors.py:360(Visitor)
        3    0.000    0.000    0.000    0.000 py2cpp.py:1815(sub_cvar_to)
        2    0.000    0.000    0.000    0.000 reflections.py:406(on_decl_local_var)
        1    0.000    0.000    0.000    0.000 visitors.py:379(Visitor_Recursive)
        1    0.000    0.000    0.000    0.000 visitors.py:74(Transformer)
        1    0.000    0.000    0.000    0.000 visitors.py:407(Interpreter)
        1    0.000    0.000    0.000    0.000 custom_type.j2:1(<module>)
        1    0.000    0.000    0.000    0.000 binary_operator.j2:1(<module>)
        1    0.000    0.000    0.000    0.000 if.j2:1(<module>)
        1    0.000    0.000    0.000    0.000 cast_bin_to_str.j2:1(<module>)
        1    0.000    0.000    0.000    0.000 _constructor_inherits.j2:1(<module>)
        1    0.000    0.000    0.000    0.000 _block_constructor.j2:1(<module>)
        1    0.000    0.000    0.000    0.000 _decl_class_var.j2:1(<module>)
        6    0.000    0.000    0.000    0.000 typing.py:3119(_get_typeddict_qualifiers)
        3    0.000    0.000    0.000    0.000 statement_compound.py:523(is_override)
        7    0.000    0.000    0.000    0.000 py2cpp.py:792(on_argument_label)
        8    0.000    0.000    0.000    0.000 falsy.j2:4(root)
        1    0.000    0.000    0.000    0.000 list_insert.j2:1(<module>)
        3    0.000    0.000    0.000    0.000 enum.py:1435(_iter_member_by_value_)
        2    0.000    0.000    0.000    0.000 <frozen _collections_abc>:971(clear)
        2    0.000    0.000    0.000    0.000 idtracking.py:270(visit_Macro)
        3    0.000    0.000    0.000    0.000 py2cpp.py:1373(on_factor)
        1    0.000    0.000    0.000    0.000 lark.py:40(PostLex)
        1    0.000    0.000    0.000    0.000 load_grammar.py:382(SimplifyRule_Visitor)
       14    0.000    0.000    0.000    0.000 resolver.py:85(fallback)
        2    0.000    0.000    0.000    0.000 __init__.py:898(_addHandlerRef)
        1    0.000    0.000    0.000    0.000 grammar_analysis.py:12(RulePtr)
        1    0.000    0.000    0.000    0.000 grammar_analysis.py:140(GrammarAnalyzer)
        1    0.000    0.000    0.000    0.000 __init__.py:2128(getLogger)
        1    0.000    0.000    0.000    0.000 load_grammar.py:197(FindRuleSize)
        1    0.000    0.000    0.000    0.000 move_assign_declare.j2:1(<module>)
        1    0.000    0.000    0.000    0.000 class_ref.j2:1(<module>)
        1    0.000    0.000    0.000    0.000 unary_operator.j2:1(<module>)
        1    0.000    0.000    0.000    0.000 cast_char.j2:1(<module>)
        1    0.000    0.000    0.000    0.000 null_type.j2:1(<module>)
        1    0.000    0.000    0.000    0.000 constructor.j2:1(<module>)
        1    0.000    0.000    0.000    0.000 _initializer.j2:1(<module>)
        1    0.000    0.000    0.000    0.000 super.j2:1(<module>)
        1    0.000    0.000    0.000    0.000 cvar_new_smart.j2:1(<module>)
        1    0.000    0.000    0.000    0.000 _method_body.j2:1(<module>)
        1    0.000    0.000    0.000    0.000 <frozen importlib._bootstrap>:662(spec_from_loader)
        3    0.000    0.000    0.000    0.000 threading.py:122(RLock)
        1    0.000    0.000    0.011    0.011 utils.py:112(deserialize)
        1    0.000    0.000    0.000    0.000 semantics.py:24(<lambda>)
        4    0.000    0.000    0.001    0.000 visitors.py:569(_visitor_args_dec)
        1    0.000    0.000    0.000    0.000 _statements_enum.j2:1(<module>)
        1    0.000    0.000    0.000    0.000 else_if.j2:1(<module>)
        1    0.000    0.000    0.000    0.000 _definition_class.j2:1(<module>)
        1    0.000    0.000    0.000    0.000 list_comp.j2:1(<module>)
        6    0.000    0.000    0.000    0.000 statement_compound.py:123(condition)
        1    0.000    0.000    0.000    0.000 cpp_view_helper.py:19(parse)
        1    0.000    0.000    0.000    0.000 __init__.py:444(PercentStyle)
       14    0.000    0.000    0.000    0.000 restore_symbols.py:12(__init__)
        1    0.000    0.000    0.000    0.000 utils.py:319(OrderedSet)
        1    0.000    0.000    0.000    0.000 __init__.py:1337(Manager)
        1    0.000    0.000    0.000    0.000 load_grammar.py:616(TerminalTreeToPattern)
        1    0.000    0.000    0.000    0.000 list.j2:1(<module>)
        1    0.000    0.000    0.000    0.000 while.j2:1(<module>)
        1    0.000    0.000    0.000    0.000 _inherits.j2:1(<module>)
        1    0.000    0.000    0.000    0.000 decl_this_var.j2:1(<module>)
        1    0.000    0.000    0.000    0.000 literalize.j2:1(<module>)
        1    0.000    0.000    0.000    0.000 comp_for.j2:1(<module>)
        1    0.000    0.000    0.000    0.000 _delete.j2:1(<module>)
        1    0.000    0.000    0.000    0.000 comment.j2:1(<module>)
        1    0.000    0.000    0.000    0.000 str_startswith.j2:1(<module>)
        1    0.000    0.000    0.000    0.000 transpile.py:192(make_parser_setting)
        1    0.000    0.000    0.000    0.000 <frozen ntpath>:50(normcase)
        2    0.000    0.000    0.000    0.000 weakref.py:495(popitem)
        1    0.000    0.000    0.002    0.002 py2cpp.py:1002(on_dict_type)
        2    0.000    0.000    0.006    0.003 reflections.py:187(__from_comprehension)
        1    0.000    0.000    0.000    0.000 __init__.py:921(Handler)
        1    0.000    0.000    0.000    0.000 load_grammar.py:226(EBNF_to_BNF)
        1    0.000    0.000    0.000    0.000 list_extend.j2:1(<module>)
        1    0.000    0.000    0.000    0.000 len.j2:1(<module>)
        1    0.000    0.000    0.000    0.000 str_format.j2:1(<module>)
        1    0.000    0.000    0.000    0.000 method.j2:1(<module>)
        1    0.000    0.000    0.000    0.000 str_rfind.j2:1(<module>)
        9    0.000    0.000    0.000    0.000 {method 'copy' of 'list' objects}
        1    0.000    0.000    0.645    0.645 transpile.py:327(by_entrypoint)
        9    0.000    0.000    0.000    0.000 typing.py:1230(<genexpr>)
        1    0.000    0.000    0.000    0.000 cpp_view_helper.py:186(<lambda>)
        6    0.000    0.000    0.000    0.000 alt_class.j2:4(root)
        2    0.000    0.000    0.000    0.000 py2cpp.py:1767(break_indexer)
        1    0.000    0.000    0.000    0.000 common.py:72(ParserConf)
        1    0.000    0.000    0.000    0.000 resolver.py:8(NodeResolver)
        1    0.000    0.000    0.000    0.000 lexer.py:501(AbstractBasicLexer)
        1    0.000    0.000    0.000    0.000 import.j2:1(<module>)
        1    0.000    0.000    0.000    0.000 var_of_type.j2:1(<module>)
        1    0.000    0.000    0.000    0.000 enum.j2:1(<module>)
        1    0.000    0.000    0.000    0.000 _definition_enum.j2:1(<module>)
        1    0.000    0.000    0.000    0.000 _block.j2:1(<module>)
        1    0.000    0.000    0.000    0.000 _params.j2:1(<module>)
        1    0.000    0.000    0.000    0.000 str_find.j2:1(<module>)
        1    0.000    0.000    0.000    0.000 _classify.j2:1(<module>)
        1    0.000    0.000    0.000    0.000 _statements.j2:1(<module>)
        1    0.000    0.000    0.000    0.000 falsy.j2:1(<module>)
        1    0.000    0.000    0.000    0.000 _signature_prefix.j2:1(<module>)
        1    0.000    0.000    0.000    0.000 group.j2:1(<module>)
        1    0.000    0.000    0.000    0.000 str_count.j2:1(<module>)
        2    0.000    0.000    0.000    0.000 _parser.py:1005(addliteral)
        1    0.000    0.000    0.000    0.000 parser.py:116(LarkStored)
       14    0.000    0.000    0.000    0.000 cache.py:8(__init__)
        1    0.000    0.000    0.000    0.000 lexer.py:405(LexerState)
        1    0.000    0.000    0.000    0.000 lalr_parser.py:73(_Parser)
        1    0.000    0.000    0.000    0.000 _signature_common.j2:1(<module>)
        1    0.000    0.000    0.000    0.000 anno_assign.j2:1(<module>)
        1    0.000    0.000    0.000    0.000 move_assign.j2:1(<module>)
        1    0.000    0.000    0.000    0.000 pair.j2:1(<module>)
        1    0.000    0.000    0.000    0.000 range.j2:1(<module>)
        1    0.000    0.000    0.000    0.000 null.j2:1(<module>)
       13    0.000    0.000    0.000    0.000 <frozen abc>:7(abstractmethod)
        5    0.000    0.000    0.000    0.000 primary.py:626(condition)
        3    0.000    0.000    0.000    0.000 primary.py:568(_fetch_decl_class)
        5    0.000    0.000    0.000    0.000 literal.py:112(second)
        2    0.000    0.000    0.000    0.000 reflections.py:638(on_ternary_operator)
        6    0.000    0.000    0.000    0.000 __init__.py:205(_checkLevel)
       14    0.000    0.000    0.000    0.000 entrypoints.py:36(<lambda>)
        2    0.000    0.000    0.000    0.000 __init__.py:957(createLock)
        1    0.000    0.000    0.000    0.000 __init__.py:1462(Logger)
        1    0.000    0.000    0.001    0.001 __init__.py:477(StrFormatStyle)
        1    0.000    0.000    0.000    0.000 visitors.py:47(_Decoratable)
        1    0.000    0.000    0.000    0.000 alt_class.j2:1(<module>)
        1    0.000    0.000    0.000    0.000 parameter.j2:1(<module>)
        1    0.000    0.000    0.000    0.000 break.j2:1(<module>)
        1    0.000    0.000    0.000    0.000 continue.j2:1(<module>)
        1    0.000    0.000    0.000    0.000 _before.j2:1(<module>)
        4    0.000    0.000    0.000    0.000 _after.j2:4(root)
        1    0.000    0.000    0.000    0.000 {built-in method _winapi.LCMapStringEx}
        1    0.000    0.000    0.000    0.000 <frozen importlib._bootstrap>:501(_requires_builtin_wrapper)
        1    0.000    0.000    0.000    0.000 <frozen codecs>:94(__new__)
        3    0.000    0.000    0.000    0.000 enum.py:1445(_iter_member_by_def_)
        1    0.000    0.000    0.002    0.002 py2cpp.py:1006(on_callable_type)
        1    0.000    0.000    0.001    0.001 py2cpp.py:640(on_alt_class)
        1    0.000    0.000    0.000    0.000 py2cpp.py:795(on_decl_class_var)
        1    0.000    0.000    0.000    0.000 visitors.py:255(TransformerChain)
        1    0.000    0.000    0.000    0.000 py2cpp.py:132(meta)
        1    0.000    0.000    0.000    0.000 tree.py:16(Meta)
        1    0.000    0.000    0.000    0.000 grammar_analysis.py:52(LR0ItemSet)
        1    0.000    0.000    0.000    0.000 return.j2:1(<module>)
        1    0.000    0.000    0.000    0.000 list_type.j2:1(<module>)
        1    0.000    0.000    0.000    0.000 argument.j2:1(<module>)
        1    0.000    0.000    0.000    0.000 var.j2:1(<module>)
        1    0.000    0.000    0.000    0.000 aug_assign.j2:1(<module>)
        1    0.000    0.000    0.000    0.000 _signature_constructor.j2:1(<module>)
        1    0.000    0.000    0.000    0.000 entrypoint.j2:1(<module>)
        1    0.000    0.000    0.000    0.000 _signature_suffix.j2:1(<module>)
        1    0.000    0.000    0.000    0.000 <frozen ntpath>:261(dirname)
        3    0.000    0.000    0.000    0.000 statement_compound.py:519(is_abstract)
        2    0.000    0.000    0.000    0.000 compiler.py:158(__init__)
        3    0.000    0.000    0.000    0.000 _definition_enum.j2:4(root)
        1    0.000    0.000    0.001    0.001 py2cpp.py:1468(on_truthy)
        1    0.000    0.000    0.000    0.000 exceptions.py:212(UnexpectedToken)
        1    0.000    0.000    0.000    0.000 earley_forest.py:204(ForestVisitor)
        1    0.000    0.000    0.000    0.000 lexer.py:93(PatternRE)
        1    0.000    0.000    0.000    0.000 integer.j2:1(<module>)
        1    0.000    0.000    0.000    0.000 decorator.j2:1(<module>)
        1    0.000    0.000    0.000    0.000 string.j2:1(<module>)
        1    0.000    0.000    0.000    0.000 _return_type.j2:1(<module>)
        9    0.000    0.000    0.000    0.000 {built-in method from_bytes}
        1    0.000    0.000    0.000    0.000 weakref.py:289(update)
        2    0.000    0.000    0.000    0.000 primary.py:519(type_params)
        3    0.000    0.000    0.000    0.000 statement_simple.py:169(text)
        2    0.000    0.000    0.000    0.000 nodes.py:637(can_assign)
        4    0.000    0.000    0.000    0.000 compiler.py:749(mark_parameter_stored)
        5    0.000    0.000    0.000    0.000 traits.py:34(__init__)
        1    0.000    0.000    0.000    0.000 earley_forest.py:110(PackedNode)
        1    0.000    0.000    0.000    0.000 __init__.py:554(Formatter)
        1    0.000    0.000    0.000    0.000 lexer.py:431(LexerThread)
        4    0.000    0.000    0.000    0.000 _before.j2:4(root)
        1    0.000    0.000    0.000    0.000 _after.j2:1(<module>)
        7    0.000    0.000    0.000    0.000 {built-in method sys.intern}
        2    0.000    0.000    0.000    0.000 <frozen importlib._bootstrap_external>:1363(__init__)
       19    0.000    0.000    0.000    0.000 annotation.py:5(implements)
        4    0.000    0.000    0.000    0.000 decorator.py:167(__len__)
        1    0.000    0.000    0.000    0.000 visitors.py:274(Transformer_InPlace)
        1    0.000    0.000    0.000    0.000 earley_forest.py:641(TreeForestTransformer)
        1    0.000    0.000    0.000    0.000 cache.py:4(cache_setting)
        1    0.000    0.000    0.000    0.000 <frozen importlib._bootstrap_external>:1318(create_module)
        5    0.000    0.000    0.000    0.000 typing.py:1105(__hash__)
        5    0.000    0.000    0.000    0.000 typing.py:1127(_is_typevar_like)
        5    0.000    0.000    0.001    0.000 literal.py:107(first)
        2    0.000    0.000    0.000    0.000 lexer.py:461(__new__)
        1    0.000    0.000    0.000    0.000 exceptions.py:171(UnexpectedCharacters)
        1    0.000    0.000    0.000    0.000 grammar.py:37(Terminal)
        1    0.000    0.000    0.004    0.004 py2cpp.py:1498(on_dict)
        4    0.000    0.000    0.000    0.000 _decl_class_var.j2:4(root)
        1    0.000    0.000    0.000    0.000 cyk.py:21(Rule)
        1    0.000    0.000    0.000    0.000 lalr_analysis.py:78(IntParseTable)
        1    0.000    0.000    0.000    0.000 lexer.py:76(PatternStr)
        1    0.000    0.000    0.000    0.000 __init__.py:458(validate)
        1    0.000    0.000    0.000    0.000 visitors.py:465(_VArgsWrapper)
        2    0.000    0.000    0.000    0.000 import_i18n.j2:4(root)
        1    0.000    0.000    0.000    0.000 _post_definition.j2:1(<module>)
        6    0.000    0.000    0.000    0.000 {method 'has_default' of 'typing.TypeVar' objects}
        2    0.000    0.000    0.000    0.000 typing.py:1973(_caller)
        7    0.000    0.000    0.000    0.000 __init__.py:432(<genexpr>)
        2    0.000    0.000    0.000    0.000 compiler.py:394(return_buffer_contents)
        2    0.000    0.000    0.000    0.000 primary.py:428(parameters)
        1    0.000    0.000    0.000    0.000 header.py:45(__init__)
       14    0.000    0.000    0.000    0.000 py2cpp.py:1332(on_for_in)
        1    0.000    0.000    0.000    0.000 parser.py:148(EntryStored)
        1    0.000    0.000    0.000    0.000 utils.py:194(Enumerator)
        1    0.000    0.000    0.000    0.000 __init__.py:1490(setLevel)
        1    0.000    0.000    0.000    0.000 reflections.py:691(on_null)
        1    0.000    0.000    0.000    0.000 earley_forest.py:480(PackedData)
        1    0.000    0.000    0.000    0.000 visitors.py:494(__set_name__)
        1    0.000    0.000    0.000    0.000 lexer.py:116(TerminalDef)
        2    0.000    0.000    0.000    0.000 {method 'tolist' of 'memoryview' objects}
        3    0.000    0.000    0.000    0.000 enum.py:115(_iter_bits_lsb)
        1    0.000    0.000    0.000    0.000 _parser.py:1013(addgroup)
        1    0.000    0.000    0.000    0.000 ast.py:1831(__getattr__)
        1    0.000    0.000    0.000    0.000 reflections.py:661(on_falsy)
        2    0.000    0.000    0.000    0.000 lexer.py:259(__init__)
        4    0.000    0.000    0.000    0.000 __init__.py:819(__init__)
        1    0.000    0.000    0.001    0.001 py2cpp.py:1512(on_group)
        2    0.000    0.000    0.000    0.000 earley_forest.py:461(__init__)
        1    0.000    0.000    0.000    0.000 lalr_analysis.py:39(__init__)
       14    0.000    0.000    0.000    0.000 {method 'isalnum' of 'str' objects}
        1    0.000    0.000    0.000    0.000 __init__.py:174(search)
        3    0.000    0.000    0.000    0.000 _parser.py:294(seek)
        1    0.000    0.000    0.000    0.000 encoder.py:105(__init__)
        1    0.000    0.000    0.000    0.000 __init__.py:1835(__init__)
        1    0.000    0.000    0.000    0.000 earley_forest.py:364(ForestTransformer)
        1    0.000    0.000    0.000    0.000 lexer.py:454(Lexer)
        1    0.000    0.000    0.000    0.000 visitors.py:289(Transformer_NonRecursive)
        4    0.000    0.000    0.000    0.000 group.j2:4(root)
        4    0.000    0.000    0.000    0.000 _post_definition.j2:4(root)
        4    0.000    0.000    0.000    0.000 {built-in method sys._getframemodulename}
        1    0.000    0.000    0.000    0.000 primary.py:433(return_type)
        1    0.000    0.000    0.000    0.000 header.py:85(to_header_str)
        7    0.000    0.000    0.000    0.000 nodes.py:563(can_assign)
        1    0.000    0.000    0.000    0.000 py2cpp.py:1750(pluck_class_var_name)
        1    0.000    0.000    0.000    0.000 __init__.py:511(StringTemplateStyle)
        1    0.000    0.000    0.000    0.000 persistent.py:53(__init__)
        1    0.000    0.000    0.000    0.000 py2cpp.py:1504(on_null)
        2    0.000    0.000    0.000    0.000 lalr_analysis.py:22(__init__)
        1    0.000    0.000    0.000    0.000 earley_common.py:5(Item)
        1    0.000    0.000    0.000    0.000 earley_forest.py:725(ForestToPyDotVisitor)
        3    0.000    0.000    0.000    0.000 annotation.py:16(duck_typed)
        4    0.000    0.000    0.000    0.000 annotation.py:41(injectable)
        2    0.000    0.000    0.000    0.000 literal.py:138(items)
        2    0.000    0.000    0.000    0.000 reflections.py:576(on_comp_for)
        1    0.000    0.000    0.000    0.000 __init__.py:814(Filterer)
        1    0.000    0.000    0.000    0.000 load_grammar.py:440(PrepareAnonTerminals)
        1    0.000    0.000    0.000    0.000 __init__.py:1342(__init__)
        1    0.000    0.000    0.000    0.000 earley_common.py:1(<module>)
        1    0.000    0.000    0.000    0.000 lexer.py:274(LineCounter)
        1    0.000    0.000    0.000    0.000 parser_frontends.py:220(CYK_FrontEnd)
        1    0.000    0.000    0.000    0.000 indenter.py:130(PythonIndenter)
        1    0.000    0.000    0.000    0.000 unicode_escape.py:13(Codec)
        2    0.000    0.000    0.000    0.000 functools.py:871(_is_valid_dispatch_type)
        1    0.000    0.000    0.000    0.000 __init__.py:1409(_fixupParents)
        1    0.000    0.000    0.000    0.000 __init__.py:286(LogRecord)
        1    0.000    0.000    0.000    0.000 __init__.py:1277(__init__)
        1    0.000    0.000    0.000    0.000 load_grammar.py:495(_ReplaceSymbols)
        1    0.000    0.000    0.000    0.000 exceptions.py:147(UnexpectedEOF)
        1    0.000    0.000    0.001    0.001 py2cpp.py:755(on_continue)
        2    0.000    0.000    0.000    0.000 earley_forest.py:223(__init__)
        2    0.000    0.000    0.000    0.000 truthy.j2:4(root)
       13    0.000    0.000    0.000    0.000 {method 'isascii' of 'str' objects}
        1    0.000    0.000    0.000    0.000 <frozen importlib._bootstrap>:989(create_module)
        1    0.000    0.000    0.000    0.000 <frozen importlib._bootstrap_external>:1326(exec_module)
        2    0.000    0.000    0.000    0.000 typing.py:1754(<genexpr>)
        7    0.000    0.000    0.000    0.000 element.py:48(declare)
        1    0.000    0.000    0.000    0.000 trait.py:60(__init__)
        3    0.000    0.000    0.000    0.000 exceptions.py:19(assert_config)
        1    0.000    0.000    0.000    0.000 __init__.py:451(__init__)
        1    0.000    0.000    0.000    0.000 cyk.py:66(RuleNode)
        1    0.000    0.000    0.000    0.000 lalr_analysis.py:21(Action)
        1    0.000    0.000    0.000    0.000 lalr_parser.py:78(__init__)
        1    0.000    0.000    0.000    0.000 indenter.py:12(DedentError)
        1    0.000    0.000    0.000    0.000 earley_forest.py:445(ForestSumVisitor)
        1    0.000    0.000    0.000    0.000 lalr_interactive_parser.py:130(ImmutableInteractiveParser)
        1    0.000    0.000    0.000    0.000 {built-in method time.time_ns}
        2    0.000    0.000    0.000    0.000 {method 'setter' of 'property' objects}
        2    0.000    0.000    0.000    0.000 {method 'popitem' of 'dict' objects}
        1    0.000    0.000    0.000    0.000 <frozen ntpath>:34(_get_bothseps)
        1    0.000    0.000    0.000    0.000 primary.py:407(value_type)
        1    0.000    0.000    0.000    0.000 writer.py:17(put)
        2    0.000    0.000    0.000    0.000 compiler.py:745(pop_parameter_definitions)
        8    0.000    0.000    0.000    0.000 runtime.py:556(__iter__)
        1    0.000    0.000    0.000    0.000 __init__.py:1271(_StderrHandler)
        1    0.000    0.000    0.000    0.000 __init__.py:2264(NullHandler)
        1    0.000    0.000    0.000    0.000 grammar.py:54(NonTerminal)
        1    0.000    0.000    0.000    0.000 exceptions.py:264(VisitError)
        1    0.000    0.000    0.000    0.000 __init__.py:1119(__init__)
        1    0.000    0.000    0.000    0.000 __init__.py:1682(addHandler)
        1    0.000    0.000    0.000    0.000 cyk.py:215(UnitSkipRule)
        1    0.000    0.000    0.000    0.000 lexer.py:356(Scanner)
        1    0.000    0.000    0.000    0.000 cyk.py:49(Grammar)
        1    0.000    0.000    0.000    0.000 __init__.py:1357(disable)
        1    0.000    0.000    0.000    0.000 load_grammar.py:906(PrepareGrammar)
        1    0.000    0.000    0.000    0.000 visitors.py:21(_DiscardType)
        1    0.000    0.000    0.000    0.000 parse_tree_builder.py:83(make_propagate_positions)
        3    0.000    0.000    0.000    0.000 {built-in method _imp._fix_co_filename}
        1    0.000    0.000    0.000    0.000 primary.py:402(key_type)
        1    0.000    0.000    0.000    0.000 statement_compound.py:377(actual_type)
        1    0.000    0.000    0.000    0.000 writer.py:8(__init__)
        1    0.000    0.000    0.000    0.000 __init__.py:1189(FileHandler)
        1    0.000    0.000    0.000    0.000 cache.py:218(__init__)
        1    0.000    0.000    0.000    0.000 utils.py:249(fzset)
        1    0.000    0.000    0.000    0.000 parser_frontends.py:135(PostLexConnector)
        1    0.000    0.000    0.000    0.000 tree.py:215(SlottedTree)
        1    0.000    0.000    0.000    0.000 cyk.py:79(Parser)
        1    0.000    0.000    0.000    0.000 parse_tree_builder.py:331(ParseTreeBuilder)
        1    0.000    0.000    0.000    0.000 earley_forest.py:174(TokenNode)
        1    0.000    0.000    0.000    0.000 load_grammar.py:427(RuleTreeToText)
        1    0.000    0.000    0.000    0.000 __init__.py:1829(RootLogger)
        1    0.000    0.000    0.000    0.000 lexer.py:318(CallChain)
        2    0.000    0.000    0.000    0.000 {method 'cast' of 'memoryview' objects}
        2    0.000    0.000    0.000    0.000 <frozen _collections_abc>:439(__subclasshook__)
        1    0.000    0.000    0.000    0.000 expression.py:7(expression)
        1    0.000    0.000    0.000    0.000 <string>:2(__init__)
        1    0.000    0.000    0.000    0.000 runtime.py:247(get_exported)
        1    0.000    0.000    0.000    0.000 parser.py:20(__init__)
        1    0.000    0.000    0.000    0.000 semantics.py:15(trait_provider)
        1    0.000    0.000    0.000    0.000 visitors.py:345(VisitorBase)
        1    0.000    0.000    0.000    0.000 parser_frontends.py:167(EarleyRegexpMatcher)
        1    0.000    0.000    0.000    0.000 earley_forest.py:106(StableSymbolNode)
        1    0.000    0.000    0.000    0.000 parse_tree_builder.py:28(PropagatePositions)
        1    0.000    0.000    0.000    0.000 load_grammar.py:513(ApplyTemplates)
        1    0.000    0.000    0.000    0.000 load_grammar.py:599(PrepareLiterals)
        1    0.000    0.000    0.000    0.000 load_grammar.py:833(__init__)
        1    0.000    0.000    0.000    0.000 load_grammar.py:1078(Definition)
        2    0.000    0.000    0.000    0.000 null.j2:4(root)
        1    0.000    0.000    0.000    0.000 ast.py:18(source_provider)
        1    0.000    0.000    0.000    0.000 reflections.py:587(on_factor)
        1    0.000    0.000    0.000    0.000 traits.py:16(export_classes)
        1    0.000    0.000    0.000    0.000 __init__.py:735(BufferingFormatter)
        1    0.000    0.000    0.000    0.000 getpass.py:25(GetPassWarning)
        1    0.000    0.000    0.000    0.000 visitors.py:513(v_args)
        1    0.000    0.000    0.000    0.000 visitors.py:336(Transformer_InPlaceRecursive)
        1    0.000    0.000    0.000    0.000 parser_frontends.py:136(__init__)
        1    0.000    0.000    0.000    0.000 lalr_analysis.py:70(ParseTable)
        1    0.000    0.000    0.000    0.000 visitors.py:579(CollapseAmbiguities)
        1    0.000    0.000    0.000    0.000 cyk.py:184(CnfWrapper)
        1    0.000    0.000    0.000    0.000 load_grammar.py:667(ValidateSymbols)
        1    0.000    0.000    0.000    0.000 lexer.py:307(UnlessCallback)
        1    0.000    0.000    0.000    0.000 parse_tree_builder.py:16(ExpandSingleChild)
        2    0.000    0.000    0.000    0.000 continue.j2:4(root)
        1    0.000    0.000    0.000    0.000 unicode_escape.py:20(IncrementalEncoder)
        1    0.000    0.000    0.000    0.000 {method 'setdefault' of 'dict' objects}
        1    0.000    0.000    0.000    0.000 {built-in method _imp.exec_builtin}
        1    0.000    0.000    0.000    0.000 <frozen importlib._bootstrap>:997(exec_module)
        2    0.000    0.000    0.000    0.000 enum.py:1452(<lambda>)
        1    0.000    0.000    0.000    0.000 exceptions.py:11(LarkError)
        1    0.000    0.000    0.000    0.000 __init__.py:777(Filter)
        1    0.000    0.000    0.000    0.000 visitors.py:243(InlineTransformer)
        1    0.000    0.000    0.000    0.000 earley_forest.py:22(ForestNode)
        1    0.000    0.000    0.000    0.000 __init__.py:1295(PlaceHolder)
        1    0.000    0.000    0.000    0.000 parse_tree_builder.py:94(ChildFilter)
        1    0.000    0.000    0.000    0.000 parse_tree_builder.py:117(ChildFilterLALR)
        1    0.000    0.000    0.000    0.000 parse_tree_builder.py:139(ChildFilterLALR_NoPlaceholders)
        1    0.000    0.000    0.000    0.000 parse_tree_builder.py:190(AmbiguousExpander)
        1    0.000    0.000    0.000    0.000 parse_tree_builder.py:230(AmbiguousIntermediateExpander)
        1    0.000    0.000    0.000    0.000 unicode_escape.py:24(IncrementalDecoder)
        1    0.000    0.000    0.000    0.000 {method 'get' of 'mappingproxy' objects}
        1    0.000    0.000    0.000    0.000 {method 'insert' of 'list' objects}
        2    0.000    0.000    0.000    0.000 typing.py:3155(<genexpr>)
        1    0.000    0.000    0.000    0.000 typing.py:3719(override)
        1    0.000    0.000    0.000    0.000 primary.py:412(primary_type)
        1    0.000    0.000    0.000    0.000 grammar.py:15(__init__)
        1    0.000    0.000    0.000    0.000 indenter.py:82(always_accept)
        1    0.000    0.000    0.000    0.000 earley_forest.py:485(_NoData)
        1    0.000    0.000    0.000    0.000 serializer.py:25(__init__)
        1    0.000    0.000    0.000    0.000 unicode_escape.py:28(StreamWriter)
        1    0.000    0.000    0.000    0.000 unicode_escape.py:31(StreamReader)
        1    0.000    0.000    0.000    0.000 {built-in method _sre.template}
        1    0.000    0.000    0.000    0.000 {built-in method atexit.register}
        2    0.000    0.000    0.000    0.000 {method 'clear' of 'dict' objects}
        2    0.000    0.000    0.000    0.000 {method 'isdisjoint' of 'set' objects}
        2    0.000    0.000    0.000    0.000 <frozen importlib._bootstrap_external>:1439(exec_module)
        1    0.000    0.000    0.000    0.000 parser.py:119(__init__)
        1    0.000    0.000    0.000    0.000 exceptions.py:15(ConfigurationError)
        1    0.000    0.000    0.000    0.000 exceptions.py:32(LexError)
        1    0.000    0.000    0.000    0.000 exceptions.py:28(ParseError)
        1    0.000    0.000    0.000    0.000 exceptions.py:24(GrammarError)
        1    0.000    0.000    0.000    0.000 exceptions.py:289(MissingVariableError)
        2    0.000    0.000    0.000    0.000 __init__.py:257(_register_at_fork_reinit_lock)
        1    0.000    0.000    0.000    0.000 <string>:1(<module>)
        2    0.000    0.000    0.000    0.000 visitors.py:70(__class_getitem__)
        1    0.000    0.000    0.000    0.000 <frozen importlib._bootstrap>:1014(is_package)
        1    0.000    0.000    0.000    0.000 <frozen importlib._bootstrap_external>:1307(__init__)
        1    0.000    0.000    0.000    0.000 annotation.py:24(decorator)


