         266312685 function calls (253566065 primitive calls) in 98.718 seconds

   Ordered by: internal time

   ncalls  tottime  percall  cumtime  percall filename:lineno(function)
   655898    3.228    0.000    5.375    0.000 cache.py:74(add)
  8591558    3.026    0.000    4.367    0.000 dsn.py:28(join)
16665834/16598503    2.672    0.000    5.333    0.000 {method 'join' of 'str' objects}
3911373/3227268    2.047    0.000   26.059    0.000 memo2.py:35(get)
1030299/319077    2.037    0.000    3.250    0.000 cache.py:49(group_by)
680921/677280    1.675    0.000   20.887    0.000 di.py:142(invoke)
   222139    1.660    0.000    4.487    0.000 runtime.py:93(new_context)
  6622448    1.549    0.000    1.549    0.000 {method 'split' of 'str' objects}
3653452/1754545    1.375    0.000    2.629    0.000 reflection.py:337(types)
  1773829    1.339    0.000    3.708    0.000 module.py:32(full_joined)
17195426/17195181    1.262    0.000    1.262    0.000 {built-in method builtins.len}
655898/519    1.187    0.000    3.189    0.006 finder.py:90(full_pathfy)
655898/519    1.145    0.000    1.444    0.003 entry.py:164(__loads)
9209598/4802208    1.134    0.000   21.655    0.000 {built-in method builtins.getattr}
  3165841    1.130    0.000    1.948    0.000 module.py:89(parsed)
1360275/1354551    1.103    0.000   15.162    0.000 di.py:359(resolve)
  2440936    1.096    0.000    1.827    0.000 dsn.py:16(elements)
  1646309    1.094    0.000    6.078    0.000 module.py:146(join)
  3401466    1.089    0.000    2.467    0.000 di.py:321(__symbolize)
   772387    1.045    0.000    1.199    0.000 node.py:31(__init__)
  4662788    0.985    0.000    0.985    0.000 __init__.py:1013(__getitem__)
  8851493    0.984    0.000    1.064    0.000 {built-in method builtins.isinstance}
  2474307    0.979    0.000    2.156    0.000 path.py:57(joined)
  6131378    0.941    0.000    1.468    0.000 di.py:104(_acceptable_symbol)
  4254249    0.921    0.000    1.267    0.000 reflection.py:355(origin)
1074787/1002968    0.902    0.000   21.724    0.000 resolver.py:33(resolve)
   363166    0.898    0.000    1.100    0.000 reflection.py:321(__init__)
  2824657    0.880    0.000    2.589    0.000 module.py:125(__init__)
   234039    0.856    0.000    8.858    0.000 finder.py:110(__make_scopes)
  1474754    0.843    0.000    1.855    0.000 path.py:10(join)
   373488    0.810    0.000    0.894    0.000 __init__.py:330(_compile)
  1347078    0.752    0.000    5.031    0.000 node.py:387(_values)
1268907/1246052    0.750    0.000   23.489    0.000 node.py:353(_children)
   596430    0.750    0.000    1.704    0.000 finder.py:124(__allow_scope)
  2036510    0.740    0.000    2.526    0.000 di.py:300(can_resolve)
   676589    0.736    0.000    5.218    0.000 finder.py:193(__each_find_raw)
  1355275    0.734    0.000    4.139    0.000 query.py:196(values)
1268907/1246052    0.676    0.000   21.691    0.000 query.py:134(children)
  6781250    0.669    0.000    0.669    0.000 {method 'pop' of 'list' objects}
    56094    0.667    0.000    1.798    0.000 node.py:482(dirty_proxify)
  4420416    0.666    0.000    0.666    0.000 cache.py:14(exists)
  4082665    0.664    0.000    0.664    0.000 module.py:57(to_fullyname)
   927018    0.663    0.000    3.034    0.000 path.py:170(shift)
  2519763    0.653    0.000    0.901    0.000 {built-in method builtins.hasattr}
   401477    0.624    0.000    0.679    0.000 __init__.py:1027(__iter__)
56254/56253    0.615    0.000    0.673    0.000 {built-in method builtins.__build_class__}
  1727154    0.609    0.000    1.533    0.000 module.py:53(local_joined)
  1347078    0.597    0.000    5.808    0.000 node.py:173(tokens)
421530/202446    0.594    0.000   61.862    0.000 procedure.py:127(__action)
  2183432    0.584    0.000    0.959    0.000 cache.py:34(by)
3911373/3227268    0.572    0.000   24.736    0.000 memo2.py:16(get)
  2048851    0.563    0.000    2.158    0.000 path.py:47(elements)
   421530    0.559    0.000    2.456    0.000 procedure.py:168(__make_event)
  2726269    0.557    0.000    1.178    0.000 di.py:131(__find_symbol)
   425959    0.557    0.000    0.807    0.000 finder.py:130(__aligned_children)
     1038    0.554    0.001    0.554    0.001 decoder.py:351(raw_decode)
   440851    0.520    0.000    4.505    0.000 finder.py:59(by_standard)
1074787/1002968    0.516    0.000   22.491    0.000 query.py:30(__resolve)
  2386064    0.510    0.000    0.524    0.000 entry.py:26(name)
422071/202446    0.493    0.000   59.535    0.000 middleware.py:110(__emit)
421530/202446    0.493    0.000   61.442    0.000 procedure.py:142(__emit)
   601806    0.491    0.000    1.057    0.000 node.py:183(prop_keys)
   222139    0.477    0.000    0.950    0.000 runtime.py:165(__init__)
   141902    0.477    0.000    5.371    0.000 traits.py:59(actualize)
275535/193193    0.461    0.000    1.117    0.000 runtime.py:262(call)
430740/106963    0.455    0.000   21.558    0.000 node.py:241(procedural)
      519    0.452    0.001    0.452    0.001 db.py:114(has_module)
   234039    0.450    0.000   16.325    0.000 finder.py:94(find_by_symbolic)
   913958    0.445    0.000    1.790    0.000 path.py:76(last)
156553/136744    0.440    0.000   20.277    0.000 query.py:145(factory)
   204616    0.429    0.000    0.429    0.000 {method 'remove' of 'collections.deque' objects}
421530/202446    0.425    0.000   62.350    0.000 procedure.py:109(__process)
850380/486590    0.419    0.000    0.656    0.000 reflection.py:370(attrs)
   425677    0.408    0.000    0.656    0.000 node.py:64(__eq__)
  5104629    0.408    0.000    0.408    0.000 base.py:208(active)
  3058529    0.391    0.000    0.391    0.000 {method 'append' of 'list' objects}
268769/80615    0.390    0.000    0.995    0.000 sequence.py:32(expand)
   564363    0.367    0.000    0.622    0.000 node.py:98(classification)
  3368000    0.363    0.000    0.363    0.000 node.py:88(full_path)
972554/837174    0.357    0.000    3.713    0.000 node.py:134(scope)
1360275/1354551    0.355    0.000   11.971    0.000 di.py:83(resolve)
   371808    0.354    0.000    0.562    0.000 reflection.py:240(__getattr__)
   360096    0.344    0.000    0.344    0.000 {method 'sub' of 're.Pattern' objects}
  4842126    0.343    0.000    0.700    0.000 <frozen _collections_abc>:873(__iter__)
757365/742344    0.324    0.000    5.020    0.000 query.py:52(by)
371808/359640    0.315    0.000   17.005    0.000 trait.py:132(<lambda>)
   229139    0.312    0.000    2.864    0.000 node.py:178(parent)
614083/599062    0.311    0.000    5.472    0.000 node.py:293(_by)
   230746    0.303    0.000    1.190    0.000 reflection.py:115(stack)
  1434218    0.303    0.000    0.303    0.000 db.py:64(__contains__)
   913958    0.302    0.000    0.441    0.000 path.py:112(__break_tag)
   581658    0.301    0.000    3.104    0.000 path.py:103(parent_tag)
   111186    0.299    0.000    3.765    0.000 primary.py:818(is_decl_local_var)
   640193    0.299    0.000    5.087    0.000 finder.py:160(__find_raw)
558476/554070    0.297    0.000   12.750    0.000 node.py:305(_at)
   350815    0.294    0.000    0.456    0.000 node.py:435(one_of)
   141570    0.293    0.000    2.152    0.000 query.py:77(factory)
   543581    0.285    0.000    1.019    0.000 node.py:283(_exists)
  1839349    0.282    0.000    0.282    0.000 {method 'find' of 'str' objects}
  1364956    0.282    0.000    0.888    0.000 di.py:32(__inner_binded)
229897/180399    0.280    0.000   17.013    0.000 defer.py:55(__getattribute__)
   223054    0.278    0.000    0.773    0.000 utils.py:497(__getitem__)
  3358564    0.271    0.000    0.271    0.000 path.py:34(__init__)
  1360275    0.270    0.000    1.154    0.000 di.py:21(can_resolve)
   368976    0.259    0.000    5.105    0.000 reflections.py:60(type_is)
   300155    0.256    0.000    2.835    0.000 statement_compound.py:346(_dig_embedder)
   179337    0.250    0.000    7.549    0.000 environment.py:1272(render)
  1762636    0.249    0.000    0.249    0.000 {method 'items' of 'dict' objects}
  1220282    0.240    0.000    0.340    0.000 node.py:420(as_a)
   179337    0.236    0.000    9.091    0.000 render.py:89(render)
  2043277    0.235    0.000    0.235    0.000 di.py:311(__can_resolve)
   425959    0.233    0.000    0.275    0.000 entry.py:43(children)
   180276    0.232    0.000   20.880    0.000 node.py:260(__prop_expand)
    46335    0.229    0.000   10.341    0.000 reflections.py:425(on_relay)
   246456    0.225    0.000    0.359    0.000 trait.py:84(implements)
27559/27537    0.224    0.000   16.735    0.001 py2cpp.py:832(on_relay)
106810/278    0.223    0.000   82.228    0.296 procedure.py:72(__exec_impl)
   359204    0.222    0.000    1.399    0.000 statement_compound.py:305(decorators)
   159093    0.221    0.000    2.605    0.000 query.py:205(factory)
  1113810    0.206    0.000    0.206    0.000 {method 'count' of 'str' objects}
422071/202446    0.205    0.000   59.639    0.000 middleware.py:99(emit)
  2107650    0.205    0.000    0.205    0.000 procedure.py:93(__stack)
   246456    0.204    0.000    0.607    0.000 reflection.py:191(impl)
  1103233    0.199    0.000    0.322    0.000 node.py:410(is_a)
   435115    0.199    0.000    0.334    0.000 dsn.py:4(elem_counts)
  1474294    0.197    0.000    0.197    0.000 {method 'values' of 'dict' objects}
   354594    0.197    0.000    1.407    0.000 __init__.py:183(sub)
    27947    0.189    0.000    0.340    0.000 template.py:49(__init__)
    27648    0.188    0.000    0.630    0.000 template.py:283(_normalize_props)
     2005    0.183    0.000    0.183    0.000 {built-in method _io.open}
   885900    0.171    0.000    0.171    0.000 db.py:18(__getitem__)
   314720    0.166    0.000    0.272    0.000 procedure.py:204(__stack_pop)
   234039    0.165    0.000    0.481    0.000 module.py:101(expanded)
   110571    0.160    0.000    0.394    0.000 reflection.py:126(to)
   291801    0.160    0.000    0.283    0.000 procedure.py:192(__is_prop_list_by)
      519    0.156    0.000    8.721    0.017 query.py:16(__init__)
   222885    0.154    0.000    1.422    0.000 environment.py:953(_load_template)
   180276    0.152    0.000   20.497    0.000 node.py:275(__prop_of_nodes)
   191870    0.151    0.000    3.305    0.000 statement_compound.py:582(symbol)
   126016    0.149    0.000    1.775    0.000 traits.py:140(_actualize_type)
   242179    0.145    0.000    1.293    0.000 path.py:146(de_identify)
   165814    0.144    0.000    0.444    0.000 default.j2:4(root)
   440851    0.142    0.000    4.647    0.000 reflections.py:83(from_standard)
  1754989    0.140    0.000    0.140    0.000 reflection.py:292(types)
   715481    0.138    0.000    0.138    0.000 {method 'update' of 'dict' objects}
   543581    0.133    0.000    0.246    0.000 query.py:41(exists)
  1060653    0.132    0.000    0.132    0.000 {method 'endswith' of 'str' objects}
   760852    0.130    0.000    0.130    0.000 entry.py:55(value)
    66791    0.128    0.000    1.152    0.000 template.py:227(unpack_templates)
   234822    0.127    0.000    4.547    0.000 statement_compound.py:277(domain_name)
   222885    0.127    0.000    1.583    0.000 environment.py:978(get_template)
   210594    0.126    0.000    0.136    0.000 node.py:499(__getattribute__)
136264/50777    0.125    0.000    3.070    0.000 node.py:137(factory)
   238858    0.125    0.000    2.463    0.000 statement_compound.py:330(actual_symbol)
   229139    0.124    0.000    2.521    0.000 query.py:66(parent)
   716257    0.121    0.000    0.121    0.000 runtime.py:229(resolve_or_missing)
   189831    0.120    0.000    8.064    0.000 primary.py:233(receiver)
   867596    0.117    0.000    0.117    0.000 node.py:83(module_path)
   246466    0.116    0.000    0.116    0.000 {method 'mro' of 'type' objects}
   244546    0.115    0.000    1.140    0.000 element.py:60(path)
   233755    0.114    0.000    0.961    0.000 statement_compound.py:590(decorators)
   172007    0.112    0.000    8.637    0.000 py2cpp.py:153(render)
    28432    0.109    0.000    3.629    0.000 serializer.py:63(deserialize)
106810/278    0.107    0.000   82.235    0.296 procedure.py:55(exec)
   887184    0.107    0.000    0.107    0.000 {method 'startswith' of 'str' objects}
  1688151    0.107    0.000    0.107    0.000 typing.py:2371(cast)
   472007    0.107    0.000    0.186    0.000 query.py:147(<lambda>)
    24977    0.106    0.000    6.772    0.000 py2cpp.py:927(on_var)
    11928    0.105    0.000    7.325    0.001 py2cpp.py:1218(analyze_func_call_spec)
    76776    0.105    0.000    6.792    0.000 reflections.py:452(on_var)
213613/192116    0.103    0.000   16.815    0.000 reflections.py:245(__resolve_raw)
   558423    0.103    0.000    0.169    0.000 utils.py:81(from_obj)
   371808    0.102    0.000    0.102    0.000 trait.py:117(get)
   338377    0.101    0.000    0.153    0.000 resolver.py:93(resolve)
   122594    0.099    0.000    0.099    0.000 defer.py:46(__init__)
61297/61224    0.099    0.000    3.193    0.000 naming.py:57(domain_name)
   100286    0.098    0.000    0.205    0.000 traits.py:119(_actualize_self)
   222139    0.097    0.000    4.584    0.000 environment.py:1378(new_context)
    54813    0.096    0.000    0.545    0.000 primary.py:750(is_decl_this_var)
    14498    0.094    0.000    0.094    0.000 {built-in method nt._path_isfile}
112618/111418    0.093    0.000   30.693    0.000 reflections.py:107(type_of)
    68705    0.092    0.000    5.954    0.000 traits.py:242(prop_of)
    28432    0.091    0.000    0.537    0.000 serializer.py:90(_deserialize_attrs)
   172053    0.091    0.000    0.698    0.000 primary.py:240(prop)
   533452    0.091    0.000    0.091    0.000 resolver.py:54(can_resolve)
   426658    0.089    0.000    0.127    0.000 node.py:158(can_expand)
   454206    0.087    0.000    0.087    0.000 middleware.py:89(usable)
   322121    0.084    0.000    0.810    0.000 path.py:94(last_tag)
   772906    0.083    0.000    0.083    0.000 memo2.py:31(__init__)
   222308    0.081    0.000    0.110    0.000 nodes.py:76(__init__)
   657866    0.079    0.000    0.079    0.000 entry.py:37(has_child)
   180085    0.079    0.000    0.100    0.000 <frozen _collections_abc>:823(keys)
   990072    0.079    0.000    0.079    0.000 reflection.py:97(_traits)
   564754    0.078    0.000    0.078    0.000 {method 'pop' of 'dict' objects}
   106810    0.078    0.000    0.123    0.000 procedure.py:98(__result)
    22457    0.078    0.000    1.618    0.000 template.py:165(returns)
   876922    0.076    0.000    0.076    0.000 reflection.py:343(decl)
   122594    0.076    0.000    0.185    0.000 defer.py:19(new)
    11928    0.074    0.000    9.202    0.001 py2cpp.py:1045(on_func_call)
    71037    0.074    0.000    1.531    0.000 primary.py:538(arguments)
    27903    0.072    0.000    0.781    0.000 template.py:431(build)
   108836    0.072    0.000    0.124    0.000 path.py:21(identify)
   112964    0.071    0.000    2.272    0.000 traits.py:101(_actualize_nullable)
   604795    0.070    0.000    0.070    0.000 memo2.py:7(__init__)
   192116    0.068    0.000   16.883    0.000 reflections.py:228(resolve)
   191139    0.067    0.000    0.228    0.000 path.py:42(valid)
   732915    0.067    0.000    0.067    0.000 convertion.py:4(safe_cast)
   131478    0.066    0.000    2.041    0.000 traits.py:47(type_is)
   223054    0.063    0.000    0.837    0.000 utils.py:463(get)
    54362    0.063    0.000    0.128    0.000 dsn.py:111(relativefy)
    66902    0.063    0.000    0.196    0.000 embed.py:170(dig_for_method)
    39539    0.063    0.000    1.497    0.000 node.py:508(dirty_child)
   124821    0.063    0.000    0.614    0.000 statement_compound.py:428(decorators)
    33434    0.062    0.000    0.080    0.000 node.py:227(__embed_classes)
   182750    0.061    0.000    0.061    0.000 {method 'replace' of 'str' objects}
    66902    0.061    0.000    0.110    0.000 embed.py:98(get_from_method)
   226845    0.061    0.000    0.061    0.000 {method 'get' of 'dict' objects}
   518371    0.060    0.000    0.060    0.000 {method 'keys' of 'dict' objects}
    29548    0.060    0.000    0.344    0.000 finder.py:238(__find_library_raw)
    56184    0.060    0.000    0.351    0.000 string.py:15(snakelize)
    38577    0.060    0.000    2.299    0.000 primary.py:313(domain_name)
   275643    0.059    0.000    0.116    0.000 environment.py:482(getattr)
   102772    0.058    0.000    0.573    0.000 statement_simple.py:13(receivers)
     1594    0.058    0.000    0.058    0.000 {method 'read' of '_io.BufferedReader' objects}
    58807    0.057    0.000    0.986    0.000 primary.py:773(is_param_class)
    35497    0.057    0.000    0.980    0.000 primary.py:709(is_decl_class_var)
   195075    0.056    0.000    0.095    0.000 resolver.py:23(can_resolve)
61297/61224    0.056    0.000    2.478    0.000 naming.py:119(__alias_or_domain_name)
   403108    0.055    0.000    0.055    0.000 {built-in method builtins.iter}
    76180    0.054    0.000    0.442    0.000 primary.py:842(in_decl_class_type)
    27903    0.054    0.000    0.256    0.000 traits.py:462(_build_schema)
   157742    0.054    0.000    0.090    0.000 lexer.py:213(_future_new)
    23799    0.053    0.000    2.772    0.000 traits.py:378(returns)
    56094    0.053    0.000    0.053    0.000 node.py:498(Proxy)
    35169    0.053    0.000    0.223    0.000 primary.py:723(is_decl_this_var_forward)
   206251    0.053    0.000    0.076    0.000 enum.py:199(__get__)
    58028    0.052    0.000    0.490    0.000 primary.py:788(is_param_this)
7192/4732    0.052    0.000    1.994    0.000 py2cpp.py:209(to_accessible_name)
    26908    0.052    0.000    2.627    0.000 primary.py:222(match_feature)
    13824    0.052    0.000    0.824    0.000 template.py:251(make_updates)
   157742    0.052    0.000    0.142    0.000 lexer.py:202(__new__)
   369749    0.051    0.000    0.051    0.000 reflection.py:17(__init__)
    36396    0.051    0.000    0.496    0.000 finder.py:175(__find_raw_for_type)
    16708    0.051    0.000    0.282    0.000 statement_compound.py:317(statements)
    54075    0.051    0.000    0.427    0.000 primary.py:803(is_param)
   363166    0.050    0.000    0.050    0.000 base.py:181(__init__)
   204342    0.050    0.000    0.050    0.000 {built-in method __new__ of type object at 0x00007FFED48628A0}
    10057    0.049    0.000    0.259    0.000 custom_type.j2:14(macro)
   371808    0.049    0.000    0.049    0.000 trait.py:107(has_method)
      189    0.048    0.000    0.048    0.000 {built-in method builtins.compile}
    47753    0.047    0.000    0.520    0.000 statement_compound.py:485(_has_annotation)
   179338    0.047    0.000    0.087    0.000 __init__.py:1036(__bool__)
   200167    0.047    0.000    0.053    0.000 {built-in method builtins.any}
     2042    0.046    0.000    0.046    0.000 {method '__exit__' of '_io._IOBase' objects}
    41963    0.046    0.000    0.686    0.000 method.j2:4(root)
    70068    0.046    0.000    0.385    0.000 primary.py:873(in_decl_import)
    98685    0.045    0.000    0.236    0.000 traits.py:155(_actualize_template)
    29548    0.045    0.000    0.154    0.000 finder.py:216(__find_imported_raw)
    28432    0.044    0.000    0.044    0.000 db.py:125(completed)
    40871    0.044    0.000    0.305    0.000 element.py:65(arguments)
    20114    0.044    0.000    0.428    0.000 custom_type.j2:4(root)
    49954    0.043    0.000    0.057    0.000 var.j2:4(root)
   655898    0.042    0.000    0.042    0.000 entry.py:12(__init__)
    43697    0.041    0.000    0.087    0.000 dsn.py:53(right)
    57773    0.041    0.000    0.351    0.000 primary.py:854(in_decl_alt_class_type)
   172007    0.041    0.000    0.041    0.000 middleware.py:34(usable)
    20228    0.041    0.000    0.053    0.000 di.py:202(__assert_invoke)
   369749    0.041    0.000    0.041    0.000 reflection.py:43(__init__)
    27903    0.041    0.000    0.865    0.000 traits.py:452(_build_helper)
    99306    0.040    0.000    0.210    0.000 traits.py:171(_actualize_alt)
     3481    0.040    0.000    0.228    0.000 py2cpp.py:762(on_import)
46659/46586    0.040    0.000    2.404    0.000 py2cpp.py:299(to_domain_name_by_class)
    84278    0.040    0.000    1.880    0.000 primary.py:130(match_feature)
    88982    0.040    0.000    0.066    0.000 i18n.py:38(t)
    80615    0.039    0.000    1.034    0.000 template.py:240(unpack_symbols)
    11266    0.039    0.000    5.433    0.000 py2cpp.py:988(on_var_of_type)
   223054    0.039    0.000    0.039    0.000 {method '__exit__' of '_thread.lock' objects}
    46988    0.039    0.000    0.867    0.000 statement_compound.py:420(symbol)
    14173    0.039    0.000    0.088    0.000 cvars.py:71(in_value)
    61297    0.038    0.000    0.722    0.000 statement_compound.py:335(alias_embedder)
    33691    0.038    0.000    3.164    0.000 primary.py:22(label)
   149065    0.038    0.000    0.402    0.000 primary.py:247(domain_name)
104994/103794    0.038    0.000   30.066    0.000 reflections.py:334(resolve)
    50281    0.037    0.000    2.815    0.000 general.py:50(whole_by)
    59209    0.037    0.000    0.199    0.000 module.py:18(full_join)
   128355    0.037    0.000    0.384    0.000 node.py:93(tag)
    27559    0.037    0.000    0.750    0.000 py2cpp.py:890(is_relay_literalizer)
    68746    0.036    0.000    5.208    0.000 reflections.py:203(resolve_property)
    66366    0.036    0.000    0.230    0.000 primary.py:31(value)
    31748    0.036    0.000    0.112    0.000 reflection.py:82(context)
    27903    0.035    0.000    0.047    0.000 template.py:454(__resolve_injector)
   342554    0.035    0.000    0.035    0.000 {built-in method builtins.issubclass}
    32886    0.034    0.000    0.389    0.000 _method_body.j2:4(root)
57659/57640    0.034    0.000    0.037    0.000 typing.py:426(inner)
    77306    0.034    0.000    0.080    0.000 translation.py:4(alias_dsn)
   385419    0.034    0.000    0.034    0.000 reflection.py:349(node)
    71880    0.033    0.000    0.069    0.000 nodes.py:169(iter_child_nodes)
      519    0.033    0.000    3.767    0.007 db.py:169(import_json)
    59306    0.033    0.000    0.072    0.000 module.py:66(expand_elements)
   100678    0.032    0.000    0.032    0.000 reflection.py:397(extends)
    69774    0.032    0.000    0.561    0.000 node.py:113(fullyname)
104994/103794    0.032    0.000   30.097    0.000 reflections.py:296(__resolve_procedural)
    19252    0.031    0.000    2.661    0.000 cvars.py:189(resolve)
    20228    0.031    0.000    0.082    0.000 di.py:176(__to_annotated)
    20743    0.031    0.000    0.048    0.000 <frozen _collections_abc>:473(__new__)
    13779    0.031    0.000    0.056    0.000 lexer.py:669(tokeniter)
    28103    0.031    0.000    0.242    0.000 statement_compound.py:661(__org_inherits)
    56414    0.031    0.000    0.037    0.000 typing.py:1313(__call__)
    21795    0.029    0.000    1.568    0.000 py2cpp.py:902(is_relay_cvar)
   182246    0.029    0.000    0.029    0.000 {built-in method from_iterable}
   224401    0.029    0.000    0.029    0.000 {built-in method builtins.callable}
     2638    0.028    0.000    1.955    0.001 py2cpp.py:576(on_method)
   305709    0.028    0.000    0.028    0.000 reflection.py:364(via)
   425959    0.028    0.000    0.028    0.000 tree.py:59(__init__)
21378/16897    0.028    0.000    2.106    0.000 reflections.py:262(__resolve_raw_recursive)
     4927    0.028    0.000    0.402    0.000 statement_compound.py:701(decl_this_vars)
     3777    0.028    0.000    6.110    0.002 py2cpp.py:666(proc_move_assign_single)
   204965    0.028    0.000    0.028    0.000 {method 'append' of 'collections.deque' objects}
    28532    0.027    0.000    0.375    0.000 primary.py:322(annotations)
    13990    0.027    0.000    0.084    0.000 template.py:322(_find_actual_path)
    16453    0.026    0.000    0.054    0.000 comment.py:68(__trim_description)
    83997    0.026    0.000    0.026    0.000 {built-in method _abc._abc_instancecheck}
    58807    0.026    0.000    1.012    0.000 primary.py:143(match_feature)
   425959    0.026    0.000    0.026    0.000 tree.py:30(__init__)
     7528    0.026    0.000    1.647    0.000 reflections.py:539(on_func_call)
    66180    0.026    0.000    0.026    0.000 {built-in method builtins.setattr}
    60723    0.025    0.000    0.369    0.000 statement_simple.py:24(receivers)
     3814    0.025    0.000    0.177    0.000 comment.py:48(parse)
    58028    0.024    0.000    0.514    0.000 primary.py:153(match_feature)
    24622    0.024    0.000    0.324    0.000 statement_compound.py:605(inherits)
    13830    0.024    0.000    2.897    0.000 py2cpp.py:924(is_relay_type)
    58999    0.024    0.000    0.054    0.000 finder.py:255(__find_raw_recursive)
    27559    0.024    0.000    7.409    0.000 py2cpp.py:834(<lambda>)
    77914    0.024    0.000    0.267    0.000 primary.py:533(calls)
      520    0.023    0.000    2.114    0.004 cache.py:167(load_cache)
    22238    0.023    0.000    3.713    0.000 py2cpp.py:836(<lambda>)
   253608    0.023    0.000    0.023    0.000 node.py:457(match_feature)
    19500    0.023    0.000    0.847    0.000 element.py:25(var_type)
    24689    0.023    0.000    0.049    0.000 dsn.py:40(left)
     1970    0.023    0.000    0.268    0.000 statement_compound.py:726(vars)
    28432    0.023    0.000    0.043    0.000 db.py:33(__setitem__)
    31172    0.022    0.000    0.119    0.000 parameter.j2:4(root)
   237673    0.022    0.000    0.022    0.000 reflection.py:91(attrs)
    23155    0.022    0.000    0.043    0.000 dsn.py:66(shift)
    66902    0.022    0.000    0.022    0.000 embed.py:26(class_path)
     7055    0.022    0.000    0.435    0.000 py2cpp.py:168(explicit_class_attrs)
    54075    0.022    0.000    0.449    0.000 primary.py:137(match_feature)
     9109    0.022    0.000    0.094    0.000 _params.j2:4(root)
    20228    0.021    0.000    0.028    0.000 di.py:191(__pluck_annotations)
   180085    0.021    0.000    0.021    0.000 <frozen _collections_abc>:850(__init__)
    83997    0.021    0.000    0.047    0.000 <frozen abc>:117(__instancecheck__)
    25020    0.021    0.000    0.408    0.000 template.py:216(has_templates)
17313/13824    0.021    0.000    0.129    0.000 reflection.py:169(to_temporary)
    15251    0.021    0.000    0.671    0.000 py2cpp.py:787(on_argument)
    27260    0.021    0.000    3.607    0.000 py2cpp.py:835(<lambda>)
     3115    0.020    0.000    0.020    0.000 {built-in method _hashlib.openssl_md5}
    17984    0.020    0.000    2.929    0.000 py2cpp.py:909(is_relay_cvar_link)
     7677    0.020    0.000    0.946    0.000 py2cpp.py:651(on_parameter)
    24977    0.020    0.000    0.566    0.000 py2cpp.py:929(<lambda>)
    49272    0.020    0.000    0.294    0.000 primary.py:167(match_feature)
    30951    0.020    0.000    0.029    0.000 argument.j2:4(root)
     7747    0.019    0.000    0.814    0.000 py2cpp.py:333(__analyze_prop_alias_embedder)
   127002    0.019    0.000    0.027    0.000 nodes.py:147(iter_fields)
    10804    0.019    0.000    0.329    0.000 runtime.py:692(__call__)
    22896    0.019    0.000    0.098    0.000 async_utils.py:34(wrapper)
    38736    0.019    0.000    0.048    0.000 doc_string.j2:4(root)
   176265    0.019    0.000    0.019    0.000 enum.py:1333(value)
    35169    0.019    0.000    0.242    0.000 primary.py:95(match_feature)
    27903    0.019    0.000    0.024    0.000 template.py:395(__current_key)
    15082    0.018    0.000    0.233    0.000 primary.py:72(declare)
    59923    0.018    0.000    0.403    0.000 primary.py:52(match_feature)
    25356    0.018    0.000    0.184    0.000 _signature_common.j2:4(root)
    13268    0.018    0.000    0.108    0.000 _block.j2:4(root)
    22216    0.018    0.000    0.081    0.000 var_of_type.j2:4(root)
   102263    0.018    0.000    0.018    0.000 {method 'extend' of 'list' objects}
    41951    0.018    0.000    0.245    0.000 statement_simple.py:57(receiver)
    45349    0.017    0.000    0.187    0.000 statement_simple.py:35(symbols)
    13824    0.017    0.000    0.041    0.000 template.py:360(apply)
     7454    0.017    0.000    0.145    0.000 statement_compound.py:442(parameters)
    42801    0.017    0.000    0.017    0.000 runtime.py:251(get_all)
    14173    0.016    0.000    0.319    0.000 py2cpp.py:917(is_relay_cvar_cast)
    58647    0.016    0.000    0.021    0.000 resolver.py:64(register)
    25194    0.016    0.000    0.038    0.000 cpp_view_helper.py:206(<lambda>)
     6745    0.016    0.000    0.711    0.000 reflections.py:459(on_class_ref)
      519    0.016    0.000    4.603    0.009 restore_symbols.py:21(__call__)
24963/169    0.016    0.000    0.187    0.001 visitor.py:35(visit)
    13964    0.015    0.000    0.026    0.000 <frozen ntpath>:99(join)
    35497    0.015    0.000    0.995    0.000 primary.py:88(match_feature)
    43160    0.015    0.000    0.249    0.000 primary.py:185(match_feature)
    26378    0.015    0.000    0.138    0.000 primary.py:44(class_type)
    27905    0.015    0.000    0.388    0.000 primary.py:102(match_feature)
    25194    0.015    0.000    0.021    0.000 cpp_view_helper.py:117(annotated)
     6351    0.015    0.000    0.050    0.000 filters.py:812(do_indent)
    11634    0.015    0.000    0.163    0.000 loader.py:93(__resolve_filepath)
15856/7928    0.015    0.000    0.018    0.000 dict.py:6(dict_pluck)
    12475    0.015    0.000    0.175    0.000 class_method.j2:4(root)
    97474    0.015    0.000    0.015    0.000 enum.py:795(<genexpr>)
     9216    0.015    0.000    3.899    0.000 py2cpp.py:1220(<lambda>)
    31566    0.015    0.000    0.098    0.000 py2cpp.py:1542(on_fallback)
    14242    0.014    0.000    0.014    0.000 {built-in method nt._getfullpathname}
    26392    0.014    0.000    0.145    0.000 py2cpp.py:899(is_relay_this)
    45409    0.014    0.000    0.014    0.000 {method 'match' of 're.Pattern' objects}
     3159    0.014    0.000    0.407    0.000 reflections.py:469(on_indexer)
    85494    0.014    0.000    0.014    0.000 template.py:30(__getattr__)
    37056    0.014    0.000    0.422    0.000 statement_compound.py:556(is_property)
    29532    0.014    0.000    0.026    0.000 {built-in method builtins.sorted}
    22896    0.014    0.000    0.016    0.000 async_utils.py:24(is_async)
   195720    0.014    0.000    0.014    0.000 entry.py:78(empty_name)
     7087    0.013    0.000    0.666    0.000 py2cpp.py:283(to_domain_name)
    21194    0.013    0.000    0.027    0.000 move_assign_declare.j2:4(root)
43275/25505    0.013    0.000    0.013    0.000 utils.py:742(__getattribute__)
     3814    0.013    0.000    0.400    0.000 py2cpp.py:1472(on_doc_string)
     3814    0.013    0.000    0.040    0.000 comment.py:125(split_block)
    25446    0.013    0.000    0.092    0.000 primary.py:367(type_name)
     6055    0.013    0.000    0.162    0.000 class.j2:4(root)
    20947    0.013    0.000    1.034    0.000 statement_compound.py:322(_org_statements)
    16312    0.013    0.000    0.020    0.000 filters.py:566(sync_do_join)
     2402    0.013    0.000    2.488    0.001 py2cpp.py:1413(proc_binary_operation)
    30865    0.012    0.000    0.204    0.000 primary.py:178(match_feature)
      519    0.012    0.000    0.034    0.000 resolver.py:27(load)
     7628    0.012    0.000    0.034    0.000 comment.py:142(parse_attributes)
     3638    0.012    0.000    0.146    0.000 template.py:186(templates)
     7725    0.012    0.000    0.138    0.000 py2cpp.py:359(__prop_name_via_decl)
    20738    0.012    0.000    0.092    0.000 primary.py:117(tokens_without_this)
    56254    0.012    0.000    0.012    0.000 {method 'lower' of 'str' objects}
      747    0.011    0.000    0.038    0.000 _str_format.j2:30(macro)
      747    0.011    0.000    0.871    0.001 py2cpp.py:441(make_string_formatters)
     6391    0.011    0.000    0.016    0.000 nodes.py:129(__init__)
    11634    0.011    0.000    0.018    0.000 <frozen ntpath>:80(isabs)
17804/805    0.011    0.000    0.045    0.000 nodes.py:195(find_all)
    27903    0.011    0.000    0.035    0.000 template.py:420(schema)
     7718    0.011    0.000    0.055    0.000 _accessor.j2:4(root)
    50800    0.011    0.000   11.129    0.000 entrypoints.py:50(load)
    27903    0.011    0.000    0.266    0.000 traits.py:460(<lambda>)
    25058    0.010    0.000    0.065    0.000 literal.py:68(as_string)
    15400    0.010    0.000    3.593    0.000 reflections.py:512(on_var_of_type)
     1038    0.010    0.000    0.232    0.000 module.py:61(identity)
    72793    0.010    0.000    0.010    0.000 filters.py:850(<genexpr>)
    46676    0.010    0.000    0.103    0.000 primary.py:62(domain_name)
     2143    0.010    0.000    0.010    0.000 {method 'decode' of 'bytes' objects}
7281/7087    0.010    0.000    0.459    0.000 naming.py:243(__make_general)
     4051    0.010    0.000    0.016    0.000 block.py:342(break_separator)
     4197    0.010    0.000    0.564    0.000 py2cpp.py:818(on_types_name)
     9203    0.010    0.000    0.072    0.000 lexer.py:615(wrap)
    15251    0.009    0.000    0.115    0.000 primary.py:37(unpacking)
     7136    0.009    0.000    0.464    0.000 naming.py:87(accessible_name)
     9338    0.009    0.000    0.009    0.000 {method 'fullmatch' of 're.Pattern' objects}
    20695    0.009    0.000    0.037    0.000 decorator.py:227(contains)
    15528    0.009    0.000    0.294    0.000 reflections.py:707(on_empty)
    13705    0.009    0.000    1.158    0.000 reflections.py:466(on_this_ref)
    20426    0.009    0.000    0.882    0.000 finder.py:77(by_symbolic)
13130/1574    0.009    0.000    0.051    0.000 visitor.py:44(generic_visit)
    16453    0.009    0.000    0.016    0.000 comment.py:82(__find_dedent)
    10804    0.009    0.000    0.307    0.000 runtime.py:778(_invoke)
     7752    0.009    0.000    0.017    0.000 cpp_view_helper.py:89(annotated)
     3431    0.009    0.000    0.109    0.000 query.py:164(factory)
    25854    0.009    0.000    0.917    0.000 statement_simple.py:17(_elements)
    26261    0.009    0.000    1.220    0.000 statement_compound.py:24(statements)
    46952    0.008    0.000    0.014    0.000 template.py:60(is_a)
     3893    0.008    0.000    0.811    0.000 statement_compound.py:534(match_feature)
     5000    0.008    0.000    0.032    0.000 _decorators.j2:4(root)
     6691    0.008    0.000    0.485    0.000 node.py:126(factory)
    17572    0.008    0.000    2.449    0.000 cvars.py:199(resolve_type)
      385    0.008    0.000    0.011    0.000 block.py:311(break_last_block)
     6583    0.008    0.000    0.016    0.000 reflection.py:269(instantiate)
     6351    0.008    0.000    0.008    0.000 {method 'splitlines' of 'str' objects}
     7136    0.008    0.000    0.484    0.000 py2cpp.py:225(<lambda>)
    14173    0.008    0.000    0.008    0.000 enum.py:791(__iter__)
    30790    0.008    0.000    0.078    0.000 primary.py:255(match_feature)
     5399    0.008    0.000    0.031    0.000 query.py:166(tester)
     7061    0.008    0.000    0.013    0.000 environment.py:495(_filter_test_common)
    29764    0.008    0.000    0.008    0.000 {built-in method nt._path_splitroot_ex}
     6603    0.008    0.000    0.806    0.000 py2cpp.py:309(to_prop_name)
    33967    0.008    0.000    0.012    0.000 serializer.py:100(<lambda>)
     3625    0.008    0.000    0.019    0.000 decorator.py:20(_parse)
    27903    0.007    0.000    0.007    0.000 template.py:386(__init__)
    11277    0.007    0.000    0.039    0.000 node.py:367(_ancestor)
     7136    0.007    0.000    0.039    0.000 naming.py:141(__namespace)
    21816    0.007    0.000    0.028    0.000 decorator.py:44(path)
    16609    0.007    0.000    0.007    0.000 comment.py:99(__find_dedent_line)
    11682    0.007    0.000    0.642    0.000 element.py:19(symbol)
12038/12036    0.007    0.000    2.243    0.000 primary.py:549(match_feature)
    18130    0.007    0.000    0.019    0.000 decorator.j2:4(root)
     3643    0.007    0.000    0.506    0.000 py2cpp.py:372(fetch_function_template_names)
    13596    0.007    0.000    0.014    0.000 import.j2:4(root)
     3814    0.007    0.000    0.026    0.000 comment.py:165(parse_returns)
     4239    0.007    0.000    0.873    0.000 statement_compound.py:309(comment)
    29189    0.007    0.000    0.062    0.000 primary.py:266(match_feature)
    24963    0.007    0.000    0.012    0.000 visitor.py:28(get_visitor)
10831/8623    0.007    0.000    0.014    0.000 utils.py:76(deserialize)
      449    0.007    0.000    0.313    0.001 py2cpp.py:598(on_class)
     9615    0.007    0.000    0.078    0.000 primary.py:373(sub_types)
     6865    0.007    0.000    0.029    0.000 statement_compound.py:32(domain_name)
     7747    0.007    0.000    0.979    0.000 py2cpp.py:319(to_prop_name_by_decl)
    21816    0.007    0.000    0.035    0.000 decorator.py:94(any)
     9379    0.007    0.000    0.019    0.000 if.j2:4(root)
     5273    0.007    0.000    0.406    0.000 statement_compound.py:491(match_feature)
     7719    0.007    0.000    0.494    0.000 element.py:34(default_value)
     1363    0.007    0.000    1.408    0.001 py2cpp.py:946(on_indexer)
    13399    0.007    0.000    0.009    0.000 binary_operator.j2:4(root)
     9845    0.007    0.000    0.030    0.000 entrypoint.j2:4(root)
 3995/898    0.007    0.000    0.028    0.000 visitor.py:61(generic_visit)
     9781    0.007    0.000    0.672    0.000 statement_compound.py:450(return_type)
    19422    0.006    0.000    0.015    0.000 __init__.py:1033(__contains__)
     4932    0.006    0.000    0.049    0.000 primary.py:111(fullyname)
    12699    0.006    0.000    0.217    0.000 statement_simple.py:176(import_path)
    55894    0.006    0.000    0.006    0.000 template.py:22(__init__)
      169    0.006    0.000    0.007    0.000 {method 'read' of '_io.TextIOWrapper' objects}
     5575    0.006    0.000    0.079    0.000 constructor.j2:4(root)
     8825    0.006    0.000    0.011    0.000 comment.py:114(__each_trim)
      798    0.006    0.000    0.196    0.000 statement_compound.py:738(var_value)
    11623    0.006    0.000    0.052    0.000 statement_compound.py:468(block)
     9110    0.006    0.000    0.041    0.000 primary.py:452(sub_types)
      798    0.006    0.000    0.006    0.000 {built-in method nt._path_exists}
     4413    0.006    0.000    0.027    0.000 py2cpp.py:412(to_accessor)
    14411    0.006    0.000    0.006    0.000 {built-in method nt._path_normpath}
      778    0.006    0.000    0.434    0.001 py2cpp.py:548(on_class_method)
    11277    0.006    0.000    0.030    0.000 query.py:89(ancestor)
     3209    0.006    0.000    0.140    0.000 py2cpp.py:727(on_return)
     3826    0.006    0.000    6.166    0.002 py2cpp.py:660(on_move_assign)
     7087    0.006    0.000    0.465    0.000 naming.py:191(domain_name)
     3983    0.006    0.000    0.006    0.000 {method 'split' of 're.Pattern' objects}
     2401    0.006    0.000    0.593    0.000 py2cpp.py:1443(proc_binary_operation_expression)
     7281    0.006    0.000    0.415    0.000 naming.py:100(make_manualy)
     5995    0.006    0.000    0.113    0.000 literal.py:75(match_feature)
     3782    0.006    0.000    0.024    0.000 helper.py:47(<lambda>)
      891    0.006    0.000    0.006    0.000 {built-in method nt.stat}
     7061    0.006    0.000    0.026    0.000 filters.py:1776(<lambda>)
    10306    0.006    0.000    0.035    0.000 filters.py:1779(select_or_reject)
22399/11719    0.006    0.000    0.082    0.000 {built-in method builtins.next}
     1363    0.006    0.000    1.280    0.001 py2cpp.py:965(analyze_indexer_spec)
     4197    0.006    0.000    0.007    0.000 decorator.py:138(parse)
     8812    0.006    0.000    0.202    0.000 statement_compound.py:649(statements)
     3643    0.006    0.000    0.280    0.000 traits.py:397(function_templates)
     7928    0.006    0.000    0.023    0.000 helper.py:42(<lambda>)
 3995/898    0.006    0.000    0.030    0.000 optimizer.py:31(generic_visit)
    12263    0.005    0.000    0.009    0.000 compiler.py:453(write)
     7018    0.005    0.000    0.173    0.000 statement_simple.py:62(var_type)
     7896    0.005    0.000    0.091    0.000 statement_compound.py:461(statements)
     2865    0.005    0.000    0.263    0.000 py2cpp.py:1031(on_custom_type)
    17314    0.005    0.000    0.737    0.000 statement_simple.py:30(value)
     6962    0.005    0.000    0.067    0.000 statement_simple.py:180(symbols)
     5406    0.005    0.000    0.172    0.000 loader.py:72(hash)
       46    0.005    0.000    0.005    0.000 {built-in method _io.open_code}
     6583    0.005    0.000    0.007    0.000 reflection.py:281(__init__)
     9179    0.005    0.000    0.184    0.000 primary.py:282(keys)
    29161    0.005    0.000    0.005    0.000 {method 'group' of 're.Match' objects}
    16887    0.005    0.000    0.007    0.000 lexer.py:277(test)
     3814    0.005    0.000    0.196    0.000 literal.py:85(data)
    10058    0.005    0.000    0.006    0.000 runtime.py:663(__init__)
     9324    0.005    0.000    0.054    0.000 statement_compound.py:656(block)
     4496    0.005    0.000    0.896    0.000 py2cpp.py:829(on_import_as_name)
     8397    0.005    0.000    0.008    0.000 filters.py:177(do_replace)
    22722    0.005    0.000    0.005    0.000 {method 'add' of 'set' objects}
    14242    0.005    0.000    0.025    0.000 <frozen ntpath>:573(abspath)
    15953    0.005    0.000    0.006    0.000 return.j2:4(root)
     8246    0.005    0.000    0.019    0.000 __init__.py:169(fullmatch)
     6784    0.005    0.000    0.005    0.000 {method 'search' of 're.Pattern' objects}
    42609    0.005    0.000    0.005    0.000 primary.py:318(type_name)
    16073    0.005    0.000    0.059    0.000 reflections.py:387(on_argument)
    22811    0.005    0.000    0.005    0.000 {method 'strip' of 'str' objects}
 5921/278    0.005    0.000   16.382    0.059 modules.py:58(load)
     3292    0.005    0.000    0.040    0.000 filters.py:1348(sync_do_list)
     4513    0.005    0.000    0.012    0.000 decorator.py:187(any)
     3172    0.005    0.000    0.240    0.000 reflections.py:134(__from_declable)
  604/169    0.005    0.000    0.136    0.001 parser.py:988(subparse)
     4081    0.005    0.000    0.016    0.000 path.py:155(relativefy)
     1342    0.005    0.000    0.269    0.000 template.py:107(returns)
     3481    0.005    0.000    0.048    0.000 statement_compound.py:611(inherit_sub_types)
    27481    0.005    0.000    0.005    0.000 runtime.py:816(__init__)
     6696    0.004    0.000    0.018    0.000 _return_type.j2:4(root)
     1601    0.004    0.000    0.523    0.000 py2cpp.py:939(on_class_ref)
     4039    0.004    0.000    0.148    0.000 py2cpp.py:809(on_decl_param)
     4452    0.004    0.000    0.232    0.000 reflections.py:153(__from_class_def)
     3115    0.004    0.000    0.004    0.000 {method 'hexdigest' of '_hashlib.HASH' objects}
    13701    0.004    0.000    0.032    0.000 primary.py:287(sliced)
     7752    0.004    0.000    0.021    0.000 cpp_view_helper.py:201(<lambda>)
    19611    0.004    0.000    0.091    0.000 primary.py:106(domain_name)
     7677    0.004    0.000    0.054    0.000 element.py:53(packing)
     9317    0.004    0.000    0.007    0.000 module.py:83(module_path_to_filepath)
    29986    0.004    0.000    0.004    0.000 enum.py:1328(name)
      278    0.004    0.000    0.016    0.000 module.py:107(handler)
     6051    0.004    0.000    0.220    0.000 primary.py:277(receiver)
     7136    0.004    0.000    0.022    0.000 naming.py:157(__ancestor_classes)
     1193    0.004    0.000    0.017    0.000 query.py:101(factory)
     7206    0.004    0.000    0.012    0.000 node.py:163(id)
     3726    0.004    0.000    0.084    0.000 py2cpp.py:388(allow_move_assign)
     3200    0.004    0.000    0.054    0.000 throw.j2:4(root)
    19422    0.004    0.000    0.019    0.000 <frozen _collections_abc>:870(__contains__)
2566/2417    0.004    0.000    0.005    0.000 sequence.py:64(update)
     6035    0.004    0.000    0.004    0.000 utils.py:738(__init__)
     4154    0.004    0.000    0.006    0.000 _template_types.j2:4(root)
     4990    0.004    0.000    0.166    0.000 py2cpp.py:943(on_this_ref)
     9691    0.004    0.000    0.627    0.000 operator.py:29(elements)
   519/72    0.004    0.000   13.591    0.189 modules.py:91(__load_dependencies)
     8788    0.004    0.000    0.005    0.000 _comment.j2:4(root)
     1038    0.004    0.000    0.140    0.000 loader.py:32(load)
     2008    0.004    0.000    0.079    0.000 statement_compound.py:632(depended_types)
    43548    0.004    0.000    0.004    0.000 environment.py:941(join_path)
     7206    0.004    0.000    0.005    0.000 cache.py:24(index_of)
     8992    0.004    0.000    0.005    0.000 import_as_name.j2:4(root)
     3223    0.004    0.000    0.120    0.000 py2cpp.py:806(on_decl_local_var)
     3626    0.004    0.000    0.140    0.000 py2cpp.py:655(on_decorator)
     3292    0.004    0.000    0.004    0.000 filters.py:1745(prepare_select_or_reject)
     3643    0.004    0.000    0.012    0.000 di.py:331(bind)
     3753    0.004    0.000    0.071    0.000 statement_compound.py:297(accessor)
     8197    0.004    0.000    0.014    0.000 node.py:395(query_raw)
        1    0.004    0.004    0.007    0.007 lalr_analysis.py:60(deserialize)
     4497    0.004    0.000    0.688    0.000 primary.py:206(alias)
     1558    0.003    0.000    0.009    0.000 cache.py:40(identifier)
    23468    0.003    0.000    0.003    0.000 {method 'write' of '_io.StringIO' objects}
     4447    0.003    0.000    0.120    0.000 query.py:153(expand)
      222    0.003    0.000    0.206    0.001 py2cpp.py:556(on_constructor)
      521    0.003    0.000    0.308    0.001 reflections.py:620(each_binary_operator)
     3814    0.003    0.000    0.003    0.000 {method 'findall' of 're.Pattern' objects}
    19813    0.003    0.000    0.003    0.000 {method 'rstrip' of 'str' objects}
     4496    0.003    0.000    0.711    0.000 primary.py:197(symbol)
      519    0.003    0.000    3.890    0.007 persistent.py:89(restore)
      550    0.003    0.000    0.285    0.001 traits.py:190(try_operation)
     8394    0.003    0.000    0.004    0.000 types_name.j2:4(root)
      153    0.003    0.000    0.310    0.002 py2cpp.py:416(make_lambda_binds)
     1038    0.003    0.000    2.135    0.002 cache.py:257(wrapper)
     3361    0.003    0.000    0.013    0.000 _initializer.j2:4(root)
     7061    0.003    0.000    0.016    0.000 environment.py:570(call_test)
      747    0.003    0.000    0.022    0.000 <frozen _collections_abc>:657(<genexpr>)
     2113    0.003    0.000    0.132    0.000 terminal.py:9(match_terminal)
    38844    0.003    0.000    0.003    0.000 __init__.py:1034(<genexpr>)
     1038    0.003    0.000    0.242    0.000 persistent.py:101(_gen_filepath)
     4171    0.003    0.000    0.052    0.000 module.py:20(load_module_path)
     2860    0.003    0.000    0.103    0.000 py2cpp.py:815(on_decl_this_param)
   9777/9    0.003    0.000    0.011    0.001 utils.py:37(_deserialize)
     9575    0.003    0.000    0.064    0.000 primary.py:298(match_feature)
     8078    0.003    0.000    0.004    0.000 decl_param.j2:4(root)
     3967    0.003    0.000    0.010    0.000 else_if.j2:4(root)
        1    0.003    0.003    0.003    0.003 {built-in method _pickle.load}
     7055    0.003    0.000    0.004    0.000 py2cpp.py:268(__accessible_name_for_class)
      169    0.003    0.000    0.186    0.001 compiler.py:829(visit_Template)
      519    0.003    0.000    2.118    0.004 parser.py:73(__load_entry)
     3814    0.003    0.000    0.012    0.000 __init__.py:241(split)
     4949    0.003    0.000    0.007    0.000 generic_call.j2:4(root)
      535    0.003    0.000    0.027    0.000 compiler.py:1482(visit_Output)
     2860    0.003    0.000    0.026    0.000 py2cpp.py:376(allow_override_from_method)
     7061    0.003    0.000    0.019    0.000 filters.py:1770(func)
     7206    0.003    0.000    0.003    0.000 module.py:113(identify)
     2941    0.003    0.000    0.003    0.000 {method 'encode' of 'str' objects}
    26887    0.003    0.000    0.003    0.000 {built-in method nt.fspath}
     4413    0.003    0.000    0.005    0.000 accessible.py:7(to_accessor)
     4447    0.003    0.000    0.124    0.000 node.py:379(_under_expand)
2240/2025    0.003    0.000    0.029    0.000 parser.py:646(parse_primary)
      153    0.003    0.000    0.093    0.001 primary.py:683(ref_vars)
      519    0.003    0.000   11.118    0.021 entrypoints.py:26(handler)
      278    0.003    0.000    0.003    0.000 {method 'write' of '_io.BufferedWriter' objects}
      519    0.003    0.000    0.065    0.000 parser.py:49(__load_parser)
     7412    0.003    0.000    0.018    0.000 statement_compound.py:434(template_params)
     3727    0.003    0.000    0.747    0.000 statement_compound.py:455(comment)
    14432    0.003    0.000    0.003    0.000 runtime.py:892(__iter__)
     9382    0.003    0.000    0.077    0.000 lexer.py:380(__next__)
     3456    0.003    0.000    0.003    0.000 sequence.py:20(last_index_of)
     6446    0.003    0.000    0.003    0.000 decl_local_var.j2:4(root)
    17808    0.003    0.000    0.003    0.000 {built-in method builtins.min}
9313/2899    0.003    0.000    0.015    0.000 {built-in method builtins.hash}
      496    0.003    0.000    0.490    0.001 py2cpp.py:736(on_throw)
4212/4172    0.003    0.000    0.038    0.000 <frozen importlib._bootstrap>:1349(_find_and_load)
     2567    0.003    0.000    0.081    0.000 statement_compound.py:91(else_ifs)
    18666    0.003    0.000    0.003    0.000 <frozen _collections_abc>:515(_is_param_expr)
     1038    0.003    0.000    0.559    0.001 decoder.py:340(decode)
     7735    0.003    0.000    0.004    0.000 utils.py:751(__setitem__)
     2360    0.003    0.000    0.045    0.000 statement_compound.py:396(definition_type)
     2338    0.003    0.000    0.033    0.000 _definition_class.j2:4(root)
     6427    0.003    0.000    0.490    0.000 statement_simple.py:105(return_value)
     3462    0.003    0.000    0.003    0.000 anno_assign.j2:4(root)
     2086    0.003    0.000    0.062    0.000 di.py:376(__bind_proxy)
2188/1990    0.003    0.000    0.013    0.000 statement_compound.py:615(expand_sub_types)
     4171    0.002    0.000    0.044    0.000 __init__.py:71(import_module)
      880    0.002    0.000    0.021    0.000 _statements.j2:4(root)
     1573    0.002    0.000    1.551    0.001 py2cpp.py:1392(on_comparison)
     3814    0.002    0.000    0.014    0.000 literal.py:80(as_string)
     3814    0.002    0.000    0.009    0.000 __init__.py:270(findall)
     3421    0.002    0.000    0.044    0.000 statement_compound.py:481(is_pure)
     3895    0.002    0.000    0.017    0.000 statement_compound.py:56(block)
     5571    0.002    0.000    0.011    0.000 compiler.py:467(writeline)
     4182    0.002    0.000    0.005    0.000 literalize.j2:4(root)
1699/1071    0.002    0.000    0.129    0.000 reflections.py:279(__resolve_raw_fallback)
     3850    0.002    0.000    0.055    0.000 statement_compound.py:101(if_clause)
      169    0.002    0.000    0.016    0.000 nodes.py:231(set_environment)
      519    0.002    0.000    2.005    0.004 parser.py:159(load)
     3006    0.002    0.000    0.008    0.000 __init__.py:174(search)
     4495    0.002    0.000    0.019    0.000 primary.py:202(entity_symbol)
      519    0.002    0.000    0.038    0.000 resolver.py:11(__init__)
     2595    0.002    0.000    0.010    0.000 decorator.py:217(match_args)
     4322    0.002    0.000    0.434    0.000 statement_compound.py:513(match_feature)
     3643    0.002    0.000    0.005    0.000 di.py:42(bind)
    10174    0.002    0.000    0.002    0.000 this_ref.j2:4(root)
     1810    0.002    0.000    0.086    0.000 py2cpp.py:1463(on_integer)
     1038    0.002    0.000    0.568    0.001 __init__.py:299(loads)
     1290    0.002    0.000    0.440    0.000 py2cpp.py:966(<lambda>)
     5720    0.002    0.000    0.003    0.000 decl_this_param.j2:4(root)
     2638    0.002    0.000    0.013    0.000 statement_compound.py:560(class_types)
     1038    0.002    0.000    0.325    0.000 general.py:45(imports)
     2595    0.002    0.000    0.004    0.000 module.py:48(filepath)
2158/1345    0.002    0.000    0.054    0.000 parser.py:628(parse_unary)
2376/1600    0.002    0.000    0.013    0.000 reflection.py:235(__hash__)
    20244    0.002    0.000    0.002    0.000 runtime.py:899(__bool__)
        1    0.002    0.002   98.726   98.726 transpile.py:304(_run_impl)
     3100    0.002    0.000    0.003    0.000 _signature_prefix.j2:4(root)
     3474    0.002    0.000    0.003    0.000 _signature_suffix.j2:4(root)
     1699    0.002    0.000    0.020    0.000 finder.py:25(get_object)
      519    0.002    0.000    0.558    0.001 __init__.py:274(load)
     1425    0.002    0.000    0.067    0.000 py2cpp.py:759(on_comment)
     3814    0.002    0.000    0.004    0.000 comment.py:181(parse_raises)
     1800    0.002    0.000    0.058    0.000 str_format.j2:4(root)
     4496    0.002    0.000    0.723    0.000 primary.py:192(tokens)
4173/4171    0.002    0.000    0.041    0.000 <frozen importlib._bootstrap>:1375(_gcd_import)
     3811    0.002    0.000    0.008    0.000 py2cpp.py:1806(sub_cvar_relay)
     7965    0.002    0.000    0.002    0.000 cvars.py:215(to_operator)
1909/1157    0.002    0.000    0.063    0.000 parser.py:563(parse_compare)
     3814    0.002    0.000    0.014    0.000 comment.py:204(parse_note)
    14939    0.002    0.000    0.002    0.000 {method 'end' of 're.Match' objects}
      484    0.002    0.000    0.006    0.000 _block_constructor.j2:4(root)
      663    0.002    0.000    0.095    0.000 py2cpp.py:696(on_anno_assign)
     7206    0.002    0.000    0.007    0.000 query.py:210(id)
     3329    0.002    0.000    0.287    0.000 primary.py:384(match_feature)
     1156    0.002    0.000    0.006    0.000 nodes.py:590(from_untrusted)
     3616    0.002    0.000    0.021    0.000 statement_compound.py:385(symbol)
     3292    0.002    0.000    0.002    0.000 filters.py:1533(sync_do_select)
2978/2930    0.002    0.000    0.137    0.000 primary.py:421(match_feature)
     3318    0.002    0.000    0.061    0.000 reflections.py:652(on_string)
     3937    0.002    0.000    0.002    0.000 {method 'copy' of 'dict' objects}
      519    0.002    0.000    3.869    0.007 persistent.py:164(_restore)
       28    0.002    0.000    0.004    0.000 <frozen importlib._bootstrap_external>:782(_compile_bytecode)
     2567    0.002    0.000    0.023    0.000 statement_compound.py:105(block)
      461    0.002    0.000    0.066    0.000 template.py:142(parameter)
 1762/278    0.002    0.000   82.236    0.296 py2cpp.py:138(transpile)
     4082    0.002    0.000    0.014    0.000 terminal.py:18(can_expand)
      880    0.002    0.000    0.009    0.000 _classify.j2:4(root)
     2258    0.002    0.000    0.007    0.000 decorator.py:124(match_args)
     3149    0.002    0.000    0.057    0.000 reflections.py:646(on_integer)
     7878    0.002    0.000    0.007    0.000 lexer.py:367(next_if)
     6712    0.002    0.000    0.002    0.000 string.j2:4(root)
     4171    0.002    0.000    0.047    0.000 module.py:8(load_module)
     2113    0.002    0.000    0.008    0.000 path.py:136(consists_of_only)
     3032    0.002    0.000    0.010    0.000 statement_compound.py:596(template_params)
     1018    0.002    0.000    0.006    0.000 _inherits.j2:4(root)
     7878    0.002    0.000    0.009    0.000 lexer.py:376(skip_if)
     1678    0.002    0.000    0.064    0.000 py2cpp.py:1469(on_string)
     5393    0.002    0.000    0.013    0.000 {method 'extend' of 'collections.deque' objects}
     4769    0.002    0.000    0.022    0.000 primary.py:121(class_types)
1219/1198    0.002    0.000    0.070    0.000 parser.py:680(parse_tuple)
     2628    0.002    0.000    0.004    0.000 cvar_to.j2:4(root)
      278    0.002    0.000    0.093    0.000 writer.py:39(_flush)
     2454    0.002    0.000    0.002    0.000 _decl_this_var.j2:4(root)
     1968    0.002    0.000    0.132    0.000 literal.py:31(match_feature)
     1125    0.002    0.000    0.092    0.000 statement_compound.py:715(match_feature)
     2794    0.002    0.000    0.003    0.000 node.py:59(__hash__)
      278    0.002    0.000    0.002    0.000 encoder.py:205(iterencode)
       28    0.002    0.000    0.002    0.000 {built-in method marshal.loads}
      278    0.002    0.000    0.073    0.000 py2cpp.py:461(on_entrypoint)
      898    0.002    0.000    0.003    0.000 nodes.py:240(__eq__)
      441    0.002    0.000    0.002    0.000 ue_view_helper.py:95(filter_decl_var)
     1190    0.002    0.000    0.003    0.000 idtracking.py:86(copy)
     3620    0.002    0.000    0.002    0.000 integer.j2:4(root)
     3633    0.002    0.000    0.047    0.000 loader.py:21(exists)
        1    0.002    0.002    0.013    0.013 lexer.py:655(__init__)
      517    0.002    0.000    0.002    0.000 <frozen importlib._bootstrap_external>:101(_path_join)
     2933    0.002    0.000    0.006    0.000 dict.j2:4(root)
      320    0.002    0.000    0.336    0.001 py2cpp.py:479(on_for)
    11431    0.002    0.000    0.002    0.000 decorator.py:149(__init__)
     3481    0.002    0.000    0.004    0.000 translation.py:17(import_dsn)
     1038    0.002    0.000    0.005    0.000 cache.py:227(get)
     2523    0.002    0.000    0.153    0.000 statement_compound.py:85(statements)
     4966    0.002    0.000    0.027    0.000 primary.py:305(match_feature)
      519    0.002    0.000    2.184    0.004 parser.py:37(__call__)
     2638    0.002    0.000    0.026    0.000 statement_compound.py:552(is_override)
     3046    0.002    0.000    0.019    0.000 primary.py:397(match_feature)
     1172    0.002    0.000    0.169    0.000 statement_compound.py:733(type_literal)
     3814    0.001    0.000    0.010    0.000 comment.py:215(parse_examples)
     1557    0.001    0.000    0.028    0.000 loader.py:52(mtime)
     1240    0.001    0.000    0.070    0.000 py2cpp.py:473(on_if)
      475    0.001    0.000    0.005    0.000 _after.j2:4(root)
     3202    0.001    0.000    0.002    0.000 class_ref.j2:4(root)
      177    0.001    0.000    0.013    0.000 reflections.py:677(on_dict)
     1060    0.001    0.000    0.004    0.000 py2cpp.py:1693(break_relay)
     5700    0.001    0.000    0.002    0.000 compiler.py:474(newline)
     2737    0.001    0.000    0.006    0.000 cvar_down.j2:4(root)
     1276    0.001    0.000    0.003    0.000 compiler.py:1593(visit_Name)
      986    0.001    0.000    0.103    0.000 traits.py:310(constructor)
      747    0.001    0.000    0.026    0.000 environment.py:1428(_get_default_module)
     4197    0.001    0.000    0.113    0.000 primary.py:171(class_types)
 1119/798    0.001    0.000    0.015    0.000 primary.py:217(domain_name)
  330/262    0.001    0.000    0.027    0.000 statement_compound.py:758(_collect_impl)
    18138    0.001    0.000    0.001    0.000 primary.py:67(symbol)
     4906    0.001    0.000    0.002    0.000 convertion.py:18(as_a)
      278    0.001    0.000    0.100    0.000 writer.py:25(flush)
     1038    0.001    0.000    0.005    0.000 di.py:347(unbind)
     4144    0.001    0.000    0.003    0.000 lexer.py:583(<lambda>)
      802    0.001    0.000    0.010    0.000 _prepare.j2:4(root)
      387    0.001    0.000    0.002    0.000 block.py:197(_skip_other_block)
     1015    0.001    0.000    0.004    0.000 _constructor_inherits.j2:4(root)
      169    0.001    0.000    0.035    0.000 loaders.py:194(get_source)
      278    0.001    0.000    0.002    0.000 py2cpp.py:428(make_depends)
     1354    0.001    0.000    0.023    0.000 reflections.py:664(on_pair)
      569    0.001    0.000    0.014    0.000 primary.py:554(can_resolve_super)
     4275    0.001    0.000    0.002    0.000 comment.j2:4(root)
     2935    0.001    0.000    0.028    0.000 lexer.py:403(expect)
     9144    0.001    0.000    0.001    0.000 cvars.py:207(equals)
     1027    0.001    0.000    0.005    0.000 lexer.py:580(<genexpr>)
      519    0.001    0.000    4.610    0.009 module.py:85(preprocess)
     2089    0.001    0.000    0.002    0.000 runtime.py:559(__next__)
  898/515    0.001    0.000    0.046    0.000 compiler.py:46(new_func)
     7061    0.001    0.000    0.001    0.000 {built-in method _operator.ne}
      520    0.001    0.000    0.006    0.000 cache.py:108(gen_cache_path)
     1116    0.001    0.000    0.053    0.000 py2cpp.py:793(on_argument_label)
  226/118    0.001    0.000    0.097    0.001 parser.py:255(parse_if)
     3528    0.001    0.000    0.001    0.000 {method 'index' of 'list' objects}
2123/1345    0.001    0.000    0.056    0.000 parser.py:597(parse_concat)
     1494    0.001    0.000    0.109    0.000 statement_simple.py:144(throws)
      746    0.001    0.000    0.010    0.000 statement_compound.py:803(_merged)
     1330    0.001    0.000    0.063    0.000 statement_compound.py:96(else_clause)
     2638    0.001    0.000    0.027    0.000 statement_compound.py:548(is_abstract)
      519    0.001    0.000    0.002    0.000 __init__.py:244(detect_encoding)
      284    0.001    0.000    0.192    0.001 traits.py:325(iterates)
     3390    0.001    0.000    0.001    0.000 move_assign.j2:4(root)
     1558    0.001    0.000    0.001    0.000 {built-in method nt.getcwd}
      519    0.001    0.000    0.002    0.000 di.py:257(instantiate)
     4173    0.001    0.000    0.001    0.000 <frozen importlib._bootstrap>:1285(_sanity_check)
     8921    0.001    0.000    0.001    0.000 environment.py:463(getitem)
      278    0.001    0.000    0.003    0.000 transpile.py:366(fetch_output_path)
     1365    0.001    0.000    0.045    0.000 py2cpp.py:1042(on_null_type)
     2954    0.001    0.000    0.001    0.000 {method 'groupdict' of 're.Match' objects}
      520    0.001    0.000    2.124    0.004 cache.py:91(get)
     1464    0.001    0.000    0.001    0.000 cpp_view_helper.py:137(to_immutable)
      255    0.001    0.000    0.001    0.000 ue_view_helper.py:141(build_log_call)
      461    0.001    0.000    0.084    0.000 traits.py:358(parameter_at)
     1552    0.001    0.000    0.001    0.000 pair.j2:4(root)
   139/33    0.001    0.000    0.003    0.000 _parser.py:511(_parse)
     7833    0.001    0.000    0.001    0.000 {built-in method builtins.max}
     1321    0.001    0.000    0.084    0.000 statement_compound.py:50(statements)
     1038    0.001    0.000    0.010    0.000 di.py:71(rebind)
1921/1157    0.001    0.000    0.064    0.000 parser.py:557(parse_not)
      239    0.001    0.000    0.004    0.000 {method 'sort' of 'list' objects}
     1440    0.001    0.000    0.007    0.000 len.j2:4(root)
      519    0.001    0.000    0.004    0.000 di.py:398(combine)
1880/1128    0.001    0.000    0.066    0.000 parser.py:548(parse_and)
     2576    0.001    0.000    0.001    0.000 statement_compound.py:301(operations)
     1884    0.001    0.000    0.018    0.000 statement_compound.py:147(for_in)
     1038    0.001    0.000    0.021    0.000 persistent.py:137(_can_restore)
      678    0.001    0.000    0.020    0.000 statement_compound.py:789(_merged_by)
      778    0.001    0.000    0.029    0.000 py2cpp.py:812(on_decl_class_param)
     1283    0.001    0.000    0.178    0.000 statement_compound.py:80(condition)
      278    0.001    0.000    0.004    0.000 __init__.py:183(dumps)
      747    0.001    0.000    0.025    0.000 <frozen _collections_abc>:652(__rsub__)
     2876    0.001    0.000    0.031    0.000 py2cpp.py:1537(on_terminal)
     1260    0.001    0.000    0.676    0.001 py2cpp.py:967(<lambda>)
     2232    0.001    0.000    0.001    0.000 argument_label.j2:4(root)
      278    0.001    0.000   16.383    0.059 transpile.py:328(by_entrypoint)
  207/175    0.001    0.000    0.028    0.000 {built-in method builtins.exec}
      519    0.001    0.000    0.001    0.000 db.py:135(on_complete)
2036/1281    0.001    0.000    0.058    0.000 parser.py:586(parse_math1)
      915    0.001    0.000    0.003    0.000 else.j2:4(root)
1873/1124    0.001    0.000    0.068    0.000 parser.py:539(parse_or)
  315/125    0.001    0.000    0.017    0.000 idtracking.py:252(visit_If)
     2728    0.001    0.000    0.003    0.000 lexer.py:81(to_regexp)
      569    0.001    0.000    0.009    0.000 primary.py:560(super_class_symbol)
      554    0.001    0.000    0.005    0.000 list_type.j2:4(root)
      569    0.001    0.000    0.048    0.000 reflections.py:550(on_super)
     2761    0.001    0.000    0.528    0.000 literal.py:107(first)
      278    0.001    0.000    0.005    0.000 transpile.py:352(output_filepath)
  263/260    0.001    0.000    0.017    0.000 parser.py:864(parse_call_args)
2123/1345    0.001    0.000    0.055    0.000 parser.py:607(parse_math2)
      660    0.001    0.000    0.001    0.000 typing.py:1358(__getattr__)
      157    0.001    0.000    0.008    0.000 reflections.py:667(on_list)
     1059    0.001    0.000    0.002    0.000 parser.py:998(flush_data)
  455/181    0.001    0.000    0.115    0.001 parser.py:167(parse_statement)
     3178    0.001    0.000    0.001    0.000 nodes.py:472(as_const)
      284    0.001    0.000    0.133    0.000 traits.py:341(_resolve_method)
     1594    0.001    0.000    0.325    0.000 general.py:35(statements)
      169    0.001    0.000    0.431    0.003 loaders.py:107(load)
      463    0.001    0.000    0.001    0.000 parse_tree_builder.py:162(maybe_create_child_filter)
      519    0.001    0.000    0.003    0.000 di.py:230(combine)
2123/1345    0.001    0.000    0.055    0.000 parser.py:618(parse_pow)
     3633    0.001    0.000    0.001    0.000 di.py:277(__register)
      222    0.001    0.000    0.044    0.000 statement_compound.py:689(this_vars)
     1425    0.001    0.000    0.018    0.000 statement_simple.py:169(text)
     1055    0.001    0.000    0.010    0.000 _signature_constructor.j2:4(root)
  519/515    0.001    0.000    0.187    0.000 modules.py:80(__load_libraries)
     3161    0.001    0.000    0.001    0.000 decorator.py:167(__len__)
     4152    0.001    0.000    0.001    0.000 module.py:38(path)
      315    0.001    0.000    0.001    0.000 idtracking.py:120(branch_update)
     4532    0.001    0.000    0.001    0.000 decorator.py:157(__iter__)
      166    0.001    0.000    0.239    0.001 py2cpp.py:524(proc_for_each)
 1511/871    0.001    0.000    0.052    0.000 parser.py:524(parse_condexpr)
      220    0.001    0.000    0.005    0.000 statement_compound.py:673(constructor)
      284    0.001    0.000    0.209    0.001 reflections.py:556(on_for_in)
      550    0.001    0.000    0.055    0.000 traits.py:224(_find_method)
     1334    0.001    0.000    0.002    0.000 compiler.py:1434(_output_child_to_const)
     1947    0.001    0.000    0.201    0.000 statement_compound.py:45(condition)
     7061    0.001    0.000    0.001    0.000 filters.py:1561(<lambda>)
      222    0.001    0.000    0.005    0.000 statement_compound.py:668(constructor_exists)
      215    0.001    0.000    0.003    0.000 _lambda_params.j2:4(root)
      278    0.001    0.000    0.001    0.000 <frozen ntpath>:222(split)
     2735    0.001    0.000    0.001    0.000 {method 'translate' of 'str' objects}
     2383    0.001    0.000    0.072    0.000 primary.py:578(iterates)
      571    0.001    0.000    0.123    0.000 py2cpp.py:799(on_decl_this_var_forward)
     3626    0.001    0.000    0.001    0.000 decorator.py:11(__init__)
       78    0.001    0.000    0.003    0.000 _statements_enum.j2:4(root)
     2735    0.001    0.000    0.002    0.000 __init__.py:305(escape)
     2761    0.001    0.000    0.008    0.000 literal.py:112(second)
      573    0.001    0.000    0.117    0.000 py2cpp.py:802(on_decl_this_var)
      132    0.001    0.000    0.037    0.000 py2cpp.py:982(on_relay_of_type)
2158/1619    0.001    0.000    0.026    0.000 parser.py:773(parse_postfix)
      554    0.001    0.000    0.003    0.000 cpp_view_helper.py:31(parse)
      776    0.001    0.000    0.028    0.000 py2cpp.py:1481(on_pair)
      380    0.001    0.000    0.040    0.000 primary.py:497(or_types)
     1381    0.001    0.000    0.010    0.000 statement_compound.py:158(iterates)
     7061    0.001    0.000    0.001    0.000 filters.py:1763(transfunc)
     6805    0.001    0.000    0.001    0.000 reflection.py:304(node)
      294    0.001    0.000    0.001    0.000 <frozen posixpath>:72(join)
      657    0.001    0.000    0.035    0.000 py2cpp.py:467(on_else_if)
      986    0.001    0.000    0.096    0.000 reflections.py:216(resolve_constructor)
     1699    0.001    0.000    0.020    0.000 reflections.py:73(get_object)
      278    0.001    0.000    0.004    0.000 header.py:77(to_json)
       90    0.001    0.000    0.143    0.002 py2cpp.py:1342(on_comp_for)
      519    0.001    0.000    0.246    0.000 persistent.py:66(stored)
      519    0.001    0.000    2.185    0.004 ast.py:30(make_root_entry)
      689    0.001    0.000    0.005    0.000 <frozen genericpath>:89(getmtime)
      800    0.001    0.000    0.015    0.000 reflection.py:207(__eq__)
      169    0.001    0.000    0.019    0.000 compiler.py:538(pull_dependencies)
     1556    0.001    0.000    0.001    0.000 decl_class_param.j2:4(root)
      778    0.001    0.000    0.004    0.000 statement_compound.py:506(class_types)
      442    0.001    0.000    0.014    0.000 enum.j2:4(root)
      336    0.001    0.000    0.012    0.000 parser.py:801(parse_subscript)
     4144    0.001    0.000    0.001    0.000 lexer.py:399(_regexp_has_newline)
1206/1156    0.001    0.000    0.001    0.000 compiler.py:125(has_safe_repr)
     2393    0.001    0.000    0.001    0.000 lexer.py:342(__bool__)
     1664    0.001    0.000    0.001    0.000 range.j2:4(root)
     2730    0.001    0.000    0.001    0.000 null_type.j2:4(root)
      713    0.001    0.000    0.018    0.000 primary.py:655(symbols)
      111    0.001    0.000    1.066    0.010 py2cpp.py:1525(on_lambda)
      812    0.001    0.000    0.001    0.000 compiler.py:1632(visit_Const)
      169    0.001    0.000    0.393    0.002 environment.py:728(compile)
     5572    0.001    0.000    0.001    0.000 {method 'popleft' of 'collections.deque' objects}
     2269    0.001    0.000    0.001    0.000 decorator.py:60(join_args)
     1922    0.001    0.000    0.001    0.000 list.j2:4(root)
      621    0.001    0.000    0.002    0.000 _before.j2:4(root)
     2215    0.001    0.000    0.001    0.000 cvars.py:211(contains)
     6583    0.001    0.000    0.001    0.000 reflection.py:298(decl)
      519    0.001    0.000    0.035    0.000 entrypoints.py:42(entrypoint)
     1038    0.001    0.000    0.013    0.000 module.py:53(in_storage)
      519    0.001    0.000    1.444    0.003 entry.py:153(loads)
   224/31    0.001    0.000    0.001    0.000 _compiler.py:37(_compile)
  226/118    0.001    0.000    0.052    0.000 compiler.py:1299(visit_If)
      227    0.001    0.000    0.002    0.000 compiler.py:584(enter_frame)
     1628    0.001    0.000    0.001    0.000 <frozen importlib._bootstrap>:645(parent)
1835/1102    0.001    0.000    0.070    0.000 parser.py:515(parse_expression)
     1110    0.001    0.000    0.019    0.000 reflections.py:348(on_fallback)
     7204    0.001    0.000    0.001    0.000 module.py:33(module_path)
      519    0.001    0.000   11.125    0.021 module.py:64(load)
     2244    0.001    0.000    0.001    0.000 {method 'discard' of 'set' objects}
  945/375    0.001    0.000    0.014    0.000 idtracking.py:256(inner_visit)
      278    0.001    0.000    0.002    0.000 encoder.py:183(encode)
     6583    0.001    0.000    0.001    0.000 reflection.py:76(via)
  435/249    0.001    0.000    0.086    0.000 parser.py:196(parse_statements)
     1404    0.001    0.000    0.002    0.000 slice_string.j2:4(root)
      441    0.001    0.000    0.003    0.000 ue_view_helper.py:187(<lambda>)
     4362    0.001    0.000    0.001    0.000 lexer.py:552(<genexpr>)
  281/277    0.001    0.000    0.003    0.000 compiler.py:481(signature)
     1719    0.001    0.000    0.001    0.000 decl_this_var.j2:4(root)
        1    0.001    0.001    0.001    0.001 parse_tree_builder.py:358(create_callback)
      665    0.001    0.000    0.006    0.000 statement_compound.py:141(symbols)
     1230    0.001    0.000    0.001    0.000 unary_operator.j2:4(root)
      664    0.001    0.000    0.005    0.000 closure.j2:4(root)
      541    0.001    0.000    0.002    0.000 py2cpp.py:108(__on_view_depends)
      613    0.001    0.000    0.043    0.000 statement_compound.py:67(statements)
     1486    0.001    0.000    0.001    0.000 compiler.py:281(visit_Name)
     1324    0.001    0.000    0.002    0.000 idtracking.py:238(visit_Name)
     2046    0.001    0.000    0.001    0.000 {method 'groups' of 're.Match' objects}
  564/549    0.001    0.000    0.001    0.000 nodes.py:841(as_const)
      874    0.001    0.000    0.002    0.000 lexer.py:292(test_any)
      388    0.001    0.000    0.295    0.001 py2cpp.py:1407(on_sum)
      541    0.001    0.000    0.004    0.000 helper.py:17(<lambda>)
     1210    0.001    0.000    0.001    0.000 idtracking.py:116(load)
      519    0.001    0.000    0.002    0.000 di.py:219(_clone)
     1566    0.001    0.000    0.003    0.000 list_comp.j2:4(root)
      585    0.001    0.000    0.003    0.000 reflections.py:527(on_custom_type)
      587    0.001    0.000    0.070    0.000 operator.py:17(operator)
  517/515    0.001    0.000    0.187    0.000 modules.py:26(libralies)
      820    0.000    0.000    0.016    0.000 reflections.py:393(on_argument_label)
2851/2728    0.000    0.000    0.000    0.000 idtracking.py:68(find_ref)
     1253    0.000    0.000    0.001    0.000 tuple.j2:4(root)
      111    0.000    0.000    0.056    0.001 primary.py:675(ref_vars)
     2058    0.000    0.000    0.001    0.000 lexer.py:294(<genexpr>)
     1038    0.000    0.000    0.001    0.000 di.py:272(__init__)
      747    0.000    0.000    0.023    0.000 <frozen _collections_abc>:866(_from_iterable)
     1467    0.000    0.000    0.001    0.000 typing.py:1294(_is_dunder)
     1348    0.000    0.000    0.001    0.000 lexer.py:598(_normalize_newlines)
      651    0.000    0.000    0.069    0.000 statement_compound.py:152(statements)
  604/169    0.000    0.000    0.079    0.000 compiler.py:442(blockvisit)
      805    0.000    0.000    0.016    0.000 reflections.py:536(on_null_type)
      169    0.000    0.000    0.188    0.001 compiler.py:101(generate)
      169    0.000    0.000    0.153    0.001 parser.py:1037(parse)
      169    0.000    0.000    0.001    0.000 compiler.py:301(__init__)
      778    0.000    0.000    0.010    0.000 statement_compound.py:502(is_override)
     1142    0.000    0.000    0.001    0.000 decl_this_var_forward.j2:4(root)
      277    0.000    0.000    0.041    0.000 py2cpp.py:1006(on_list_type)
      190    0.000    0.000    0.096    0.001 py2cpp.py:1335(on_super)
     2100    0.000    0.000    0.000    0.000 {method 'rpartition' of 'str' objects}
      251    0.000    0.000    0.001    0.000 {built-in method builtins.all}
     1038    0.000    0.000    0.001    0.000 di.py:57(unbind)
     1038    0.000    0.000    0.001    0.000 di.py:291(__unregister)
      104    0.000    0.000    0.011    0.000 py2cpp.py:491(proc_for_range)
      826    0.000    0.000    0.002    0.000 cvar_as_a.j2:4(root)
      101    0.000    0.000    0.004    0.000 <frozen importlib._bootstrap_external>:1624(find_spec)
      519    0.000    0.000    0.003    0.000 di.py:387(_clone)
      507    0.000    0.000    0.001    0.000 environment.py:459(iter_extensions)
      598    0.000    0.000    0.001    0.000 runtime.py:406(__init__)
     1326    0.000    0.000    0.004    0.000 statement_simple.py:67(value)
     2614    0.000    0.000    0.000    0.000 {method 'isidentifier' of 'str' objects}
2123/2049    0.000    0.000    0.006    0.000 parser.py:786(parse_filter_expr)
      169    0.000    0.000    0.004    0.000 lexer.py:325(__init__)
      169    0.000    0.000    0.162    0.001 environment.py:615(_parse)
      525    0.000    0.000    0.001    0.000 statement_compound.py:339(is_internal)
      218    0.000    0.000    0.010    0.000 lexer.py:550(__init__)
      262    0.000    0.000    0.027    0.000 statement_compound.py:746(collect)
      410    0.000    0.000    0.015    0.000 py2cpp.py:1339(on_for_in)
      820    0.000    0.000    0.001    0.000 for_in.j2:4(root)
      512    0.000    0.000    0.130    0.000 statement_compound.py:643(comment)
     1138    0.000    0.000    0.006    0.000 primary.py:568(_fetch_decl_class)
      444    0.000    0.000    0.002    0.000 statement_compound.py:527(class_types)
     2728    0.000    0.000    0.001    0.000 lexer.py:88(max_width)
      554    0.000    0.000    0.004    0.000 cpp_view_helper.py:191(<lambda>)
     4144    0.000    0.000    0.000    0.000 lexer.py:70(_get_flags)
       40    0.000    0.000    0.019    0.000 compiler.py:1160(visit_For)
      218    0.000    0.000    0.001    0.000 copy.py:62(copy)
      665    0.000    0.000    0.012    0.000 statement_compound.py:162(block)
      616    0.000    0.000    0.012    0.000 statement_compound.py:73(block)
      807    0.000    0.000    0.001    0.000 typing.py:1368(__setattr__)
      380    0.000    0.000    0.001    0.000 super.j2:4(root)
  203/179    0.000    0.000    0.001    0.000 nodes.py:750(as_const)
     1375    0.000    0.000    0.001    0.000 idtracking.py:77(ref)
      255    0.000    0.000    0.002    0.000 ue_view_helper.py:182(<lambda>)
      169    0.000    0.000    0.000    0.000 loaders.py:25(split_template_path)
       21    0.000    0.000    0.001    0.000 inspect.py:579(_getmembers)
      714    0.000    0.000    0.000    0.000 idtracking.py:50(_define_ref)
  192/189    0.000    0.000    0.014    0.000 parser.py:920(parse_call)
      343    0.000    0.000    0.001    0.000 cvars.py:219(to_move)
      319    0.000    0.000    0.001    0.000 template.j2:4(root)
      778    0.000    0.000    0.010    0.000 statement_compound.py:498(is_abstract)
      264    0.000    0.000    0.001    0.000 relay_of_type.j2:4(root)
  406/391    0.000    0.000    0.000    0.000 nodes.py:865(as_const)
      336    0.000    0.000    0.210    0.001 reflections.py:614(on_sum)
      178    0.000    0.000    0.001    0.000 compiler.py:1756(_filter_test_common)
      535    0.000    0.000    0.000    0.000 compiler.py:1379(_make_finalize)
      169    0.000    0.000    0.008    0.000 environment.py:658(_tokenize)
      209    0.000    0.000    0.001    0.000 typing.py:173(_type_check)
        1    0.000    0.000    0.038    0.038 lark.py:520(load)
        1    0.000    0.000    0.000    0.000 {built-in method _imp.create_dynamic}
      211    0.000    0.000    0.020    0.000 compiler.py:142(find_undeclared)
       42    0.000    0.000    0.051    0.001 statement_compound.py:575(ref_vars)
      519    0.000    0.000    0.006    0.000 semantics.py:43(handler)
  351/220    0.000    0.000    0.001    0.000 nodes.py:499(as_const)
     1176    0.000    0.000    0.000    0.000 {method 'copy' of 'list' objects}
      502    0.000    0.000    0.003    0.000 statement_simple.py:149(via)
     1222    0.000    0.000    0.000    0.000 parser.py:150(is_tuple_end)
      169    0.000    0.000    0.005    0.000 lexer.py:604(tokenize)
      445    0.000    0.000    0.000    0.000 _post_definition.j2:4(root)
      808    0.000    0.000    0.042    0.000 literal.py:125(values)
      170    0.000    0.000    0.000    0.000 utils.py:519(__setitem__)
      773    0.000    0.000    0.001    0.000 compiler.py:1427(_output_const_repr)
      307    0.000    0.000    0.000    0.000 compiler.py:168(__init__)
      660    0.000    0.000    0.000    0.000 binary_in.j2:4(root)
      305    0.000    0.000    0.015    0.000 py2cpp.py:470(on_else)
     2928    0.000    0.000    0.000    0.000 primary.py:446(match_feature)
      135    0.000    0.000    0.004    0.000 parser.py:473(parse_assign_target)
     1038    0.000    0.000    0.000    0.000 cache.py:256(decorator)
      630    0.000    0.000    0.000    0.000 cast_bin_to_bin.j2:4(root)
     1477    0.000    0.000    0.000    0.000 lexer.py:734(<genexpr>)
  192/185    0.000    0.000    0.005    0.000 compiler.py:1843(visit_Call)
     1491    0.000    0.000    0.000    0.000 _parser.py:167(__getitem__)
      169    0.000    0.000    0.188    0.001 environment.py:679(_generate)
      396    0.000    0.000    0.000    0.000 comp_for.j2:4(root)
      129    0.000    0.000    0.002    0.000 typing.py:1423(__init__)
      714    0.000    0.000    0.000    0.000 c_func_ref.j2:4(root)
     1557    0.000    0.000    0.000    0.000 {method 'startswith' of 'bytes' objects}
      229    0.000    0.000    0.024    0.000 idtracking.py:46(analyze_node)
     1592    0.000    0.000    0.000    0.000 {built-in method builtins.repr}
      245    0.000    0.000    0.001    0.000 compiler.py:219(copy)
      364    0.000    0.000    0.012    0.000 py2cpp.py:1475(on_truthy)
      499    0.000    0.000    0.005    0.000 primary.py:592(for_in)
      137    0.000    0.000    0.206    0.002 py2cpp.py:526(<lambda>)
      404    0.000    0.000    0.004    0.000 statement_compound.py:366(symbol)
     1416    0.000    0.000    0.000    0.000 lexer.py:111(max_width)
      205    0.000    0.000    0.374    0.002 py2cpp.py:1389(on_and_compare)
  197/187    0.000    0.000    0.003    0.000 compiler.py:1725(visit_Getitem)
       85    0.000    0.000    0.105    0.001 py2cpp.py:1364(on_list_comp)
       82    0.000    0.000    0.001    0.000 compiler.py:1033(visit_Include)
      169    0.000    0.000    0.002    0.000 environment.py:1213(from_code)
     1316    0.000    0.000    0.000    0.000 module.py:43(entrypoint)
      464    0.000    0.000    0.002    0.000 parse_tree_builder.py:340(_init_builders)
      519    0.000    0.000    0.000    0.000 config.py:51(<lambda>)
     1642    0.000    0.000    0.000    0.000 grammar.py:26(__hash__)
       80    0.000    0.000    0.007    0.000 parser.py:927(parse_filter)
      204    0.000    0.000    0.004    0.000 delete.j2:4(root)
       87    0.000    0.000    0.001    0.000 compiler.py:784(pop_assign_tracking)
      692    0.000    0.000    0.027    0.000 literal.py:138(items)
        1    0.000    0.000    0.013    0.013 parser_frontends.py:177(create_contextual_lexer)
    87/31    0.000    0.000    0.003    0.000 _parser.py:451(_parse_sub)
      744    0.000    0.000    0.000    0.000 ternary_operator.j2:4(root)
      307    0.000    0.000    0.021    0.000 primary.py:332(receiver)
      169    0.000    0.000    0.000    0.000 <frozen codecs>:322(decode)
   269/79    0.000    0.000    0.000    0.000 _parser.py:177(getwidth)
      127    0.000    0.000    0.003    0.000 compiler.py:1701(visit_Compare)
       87    0.000    0.000    0.018    0.000 parser.py:225(parse_set)
     1090    0.000    0.000    0.000    0.000 {method 'update' of 'set' objects}
      884    0.000    0.000    0.001    0.000 general.py:25(scope)
     1416    0.000    0.000    0.000    0.000 lexer.py:98(to_regexp)
      587    0.000    0.000    0.002    0.000 operator.py:22(value)
      278    0.000    0.000    0.000    0.000 py2cpp.py:132(meta)
      169    0.000    0.000    0.000    0.000 environment.py:1244(_from_namespace)
       49    0.000    0.000    0.000    0.000 _compiler.py:241(_optimize_charset)
      483    0.000    0.000    0.001    0.000 cvar_new_smart.j2:4(root)
      762    0.000    0.000    0.000    0.000 nodes.py:614(as_const)
      354    0.000    0.000    0.000    0.000 union_type.j2:4(root)
     2708    0.000    0.000    0.000    0.000 nodes.py:94(get_eval_context)
     1190    0.000    0.000    0.000    0.000 {method 'copy' of 'set' objects}
      262    0.000    0.000    0.027    0.000 statement_compound.py:343(_decl_vars_with)
      134    0.000    0.000    0.001    0.000 dict_type.j2:4(root)
      196    0.000    0.000    0.001    0.000 primary.py:611(domain_name)
      169    0.000    0.000    0.000    0.000 {method 'getvalue' of '_io.StringIO' objects}
      363    0.000    0.000    0.030    0.000 primary.py:389(value_type)
      229    0.000    0.000    0.014    0.000 py2cpp.py:1484(on_list)
       37    0.000    0.000    0.016    0.000 <frozen importlib._bootstrap_external>:1093(get_code)
      101    0.000    0.000    0.001    0.000 destructor.j2:4(root)
      169    0.000    0.000    0.002    0.000 lexer.py:428(get_lexer)
      278    0.000    0.000    0.005    0.000 header.py:85(to_header_str)
     2249    0.000    0.000    0.000    0.000 nodes.py:587(as_const)
    89/80    0.000    0.000    0.003    0.000 compiler.py:1798(visit_Filter)
      875    0.000    0.000    0.000    0.000 compiler.py:945(<genexpr>)
       49    0.000    0.000    0.049    0.001 py2cpp.py:688(proc_move_assign_destruction)
      464    0.000    0.000    0.062    0.000 literal.py:151(values)
        4    0.000    0.000    0.000    0.000 {built-in method nt.listdir}
      343    0.000    0.000    0.001    0.000 py2cpp.py:1822(sub_cvar_to)
      100    0.000    0.000    0.001    0.000 callable_type.j2:4(root)
      289    0.000    0.000    0.011    0.000 py2cpp.py:1383(on_not_compare)
      397    0.000    0.000    0.007    0.000 reflections.py:599(on_comparison)
      246    0.000    0.000    0.005    0.000 primary.py:621(fors)
      278    0.000    0.000    0.000    0.000 encoder.py:105(__init__)
      357    0.000    0.000    0.001    0.000 move_assign_dict.j2:4(root)
      559    0.000    0.000    0.000    0.000 compiler.py:1455(_output_child_pre)
      145    0.000    0.000    0.001    0.000 cpp_view_helper.py:19(parse)
      183    0.000    0.000    0.000    0.000 nodes.py:718(args_as_const)
        2    0.000    0.000    0.000    0.000 __init__.py:358(namedtuple)
      169    0.000    0.000    0.001    0.000 environment.py:642(preprocess)
       42    0.000    0.000    0.107    0.003 py2cpp.py:594(on_closure)
       89    0.000    0.000    0.011    0.000 py2cpp.py:796(on_decl_class_var)
      728    0.000    0.000    0.000    0.000 truthy.j2:4(root)
      355    0.000    0.000    0.001    0.000 cast_str_to_str.j2:4(root)
       29    0.000    0.000    0.015    0.001 py2cpp.py:707(on_delete)
      128    0.000    0.000    0.001    0.000 py2cpp.py:1709(pluck_func_call_arguments)
      144    0.000    0.000    0.008    0.000 py2cpp.py:1466(on_float)
      218    0.000    0.000    0.008    0.000 py2cpp.py:1478(on_falsy)
      246    0.000    0.000    0.002    0.000 primary.py:586(symbols)
      118    0.000    0.000    0.001    0.000 nodes.py:206(set_ctx)
      212    0.000    0.000    0.008    0.000 py2cpp.py:1511(on_null)
      520    0.000    0.000    0.003    0.000 cache.py:123(cache_exists)
      686    0.000    0.000    0.000    0.000 aug_assign.j2:4(root)
      169    0.000    0.000    0.002    0.000 compiler.py:723(write_commons)
      189    0.000    0.000    0.021    0.000 idtracking.py:178(_simple_visit)
      218    0.000    0.000    0.000    0.000 copy.py:248(_reconstruct)
      304    0.000    0.000    0.000    0.000 compiler.py:495(<genexpr>)
      278    0.000    0.000    0.001    0.000 <frozen ntpath>:261(dirname)
      169    0.000    0.000    0.009    0.000 parser.py:53(__init__)
       44    0.000    0.000    0.006    0.000 template.py:74(prop)
       46    0.000    0.000    0.005    0.000 <frozen importlib._bootstrap>:1240(_find_spec)
     1038    0.000    0.000    0.000    0.000 di.py:15(__init__)
      519    0.000    0.000    0.000    0.000 entrypoints.py:35(<lambda>)
      145    0.000    0.000    0.001    0.000 primary.py:649(domain_name)
      187    0.000    0.000    0.009    0.000 py2cpp.py:1508(on_tuple)
      240    0.000    0.000    0.000    0.000 enumerate.j2:4(root)
       40    0.000    0.000    0.018    0.000 parser.py:236(parse_for)
      232    0.000    0.000    0.000    0.000 str_find.j2:4(root)
       98    0.000    0.000    0.007    0.000 py2cpp.py:704(on_aug_assign)
1193/1159    0.000    0.000    0.000    0.000 idtracking.py:59(find_load)
       26    0.000    0.000    0.019    0.001 py2cpp.py:512(proc_for_dict)
      169    0.000    0.000    0.000    0.000 <frozen codecs>:312(__init__)
       87    0.000    0.000    0.014    0.000 compiler.py:1561(visit_Assign)
      363    0.000    0.000    0.030    0.000 primary.py:377(primary_type)
      559    0.000    0.000    0.000    0.000 compiler.py:1471(_output_child_post)
      145    0.000    0.000    0.001    0.000 cpp_view_helper.py:186(<lambda>)
       63    0.000    0.000    0.020    0.000 py2cpp.py:637(on_enum)
       82    0.000    0.000    0.005    0.000 parser.py:345(parse_include)
      297    0.000    0.000    0.002    0.000 primary.py:597(iterates)
      169    0.000    0.000    0.000    0.000 environment.py:1110(make_globals)
   123/69    0.000    0.000    0.008    0.000 compiler.py:62(visitor)
      596    0.000    0.000    0.000    0.000 typing.py:544(__getattr__)
       79    0.000    0.000    0.116    0.001 py2cpp.py:1344(<lambda>)
      144    0.000    0.000    0.000    0.000 typing.py:260(_collect_type_parameters)
      197    0.000    0.000    0.006    0.000 parser.py:832(parse_subscribed)
      229    0.000    0.000    0.000    0.000 idtracking.py:175(__init__)
      169    0.000    0.000    0.000    0.000 lexer.py:397(close)
      432    0.000    0.000    0.000    0.000 float.j2:4(root)
      571    0.000    0.000    0.000    0.000 helper.py:72(<lambda>)
      550    0.000    0.000    0.000    0.000 accessible.py:37(operation_by)
      177    0.000    0.000    0.007    0.000 py2cpp.py:1039(on_union_type)
        1    0.000    0.000    0.000    0.000 resolver.py:6(symbol_mapping)
       49    0.000    0.000    0.000    0.000 <frozen importlib._bootstrap>:304(acquire)
       42    0.000    0.000    0.007    0.000 statement_compound.py:473(decl_vars)
       24    0.000    0.000    0.046    0.002 py2cpp.py:506(proc_for_enumerate)
       74    0.000    0.000    0.001    0.000 <frozen importlib._bootstrap_external>:513(cache_from_source)
      550    0.000    0.000    0.000    0.000 accessible.py:47(arthmetical)
      169    0.000    0.000    0.000    0.000 {built-in method _codecs.utf_8_decode}
  219/195    0.000    0.000    0.001    0.000 nodes.py:797(as_const)
      343    0.000    0.000    0.021    0.000 parser.py:712(parse)
      222    0.000    0.000    0.001    0.000 statement_compound.py:523(is_override)
      598    0.000    0.000    0.000    0.000 runtime.py:428(_to_iterator)
      628    0.000    0.000    0.000    0.000 _parser.py:260(get)
      208    0.000    0.000    0.000    0.000 nodes.py:920(as_const)
      187    0.000    0.000    0.003    0.000 reflections.py:691(on_null)
       98    0.000    0.000    0.089    0.001 py2cpp.py:1410(on_term)
      124    0.000    0.000    0.005    0.000 py2cpp.py:1458(on_ternary_operator)
      412    0.000    0.000    0.001    0.000 primary.py:665(expression)
      295    0.000    0.000    0.000    0.000 string.py:26(is_quoted_literal)
      139    0.000    0.000    0.014    0.000 py2cpp.py:1505(on_dict)
      307    0.000    0.000    0.000    0.000 idtracking.py:31(__init__)
      436    0.000    0.000    0.000    0.000 falsy.j2:4(root)
      205    0.000    0.000    0.001    0.000 cast_bin_to_str.j2:4(root)
  139/132    0.000    0.000    0.001    0.000 compiler.py:1713(visit_Getattr)
      170    0.000    0.000    0.001    0.000 str_startswith.j2:4(root)
      198    0.000    0.000    0.000    0.000 while.j2:4(root)
      893    0.000    0.000    0.000    0.000 _parser.py:239(__next)
      240    0.000    0.000    0.001    0.000 comp_for_range.j2:4(root)
      104    0.000    0.000    0.006    0.000 primary.py:438(sub_types)
      492    0.000    0.000    0.000    0.000 group.j2:4(root)
      718    0.000    0.000    0.000    0.000 parse_tree_builder.py:158(_should_expand)
      463    0.000    0.000    0.001    0.000 grammar.py:118(_deserialize)
      116    0.000    0.000    0.003    0.000 statement_compound.py:403(bound)
      424    0.000    0.000    0.000    0.000 null.j2:4(root)
       48    0.000    0.000    0.000    0.000 nodes.py:887(as_const)
      162    0.000    0.000    0.001    0.000 statement_compound.py:567(match_feature)
      294    0.000    0.000    0.000    0.000 move_assign_destruction.j2:4(root)
     46/6    0.000    0.000    0.033    0.005 <frozen importlib._bootstrap>:1304(_find_and_load_unlocked)
       21    0.000    0.000    0.000    0.000 {built-in method builtins.dir}
      144    0.000    0.000    0.005    0.000 py2cpp.py:1516(on_elipsis)
      123    0.000    0.000    0.005    0.000 py2cpp.py:1519(on_group)
      918    0.000    0.000    0.000    0.000 compiler.py:418(outdent)
     1416    0.000    0.000    0.000    0.000 lexer.py:102(_get_width)
       79    0.000    0.000    0.001    0.000 reflections.py:702(on_lambda)
      222    0.000    0.000    0.001    0.000 statement_compound.py:519(is_abstract)
      918    0.000    0.000    0.000    0.000 compiler.py:414(indent)
       67    0.000    0.000    0.017    0.000 py2cpp.py:1010(on_dict_type)
      245    0.000    0.000    0.001    0.000 compiler.py:232(soft)
      169    0.000    0.000    0.002    0.000 environment.py:454(lexer)
      278    0.000    0.000    0.000    0.000 header.py:45(__init__)
      308    0.000    0.000    0.003    0.000 primary.py:259(class_types)
      520    0.000    0.000    0.000    0.000 cache.py:51(__init__)
      173    0.000    0.000    0.001    0.000 primary.py:337(prop)
      171    0.000    0.000    0.000    0.000 compiler.py:611(func)
   225/15    0.000    0.000    0.000    0.000 <frozen importlib._bootstrap_external>:1384(_recalculate)
       31    0.000    0.000    0.000    0.000 _compiler.py:514(_compile_info)
       50    0.000    0.000    0.008    0.000 py2cpp.py:1014(on_callable_type)
      179    0.000    0.000    0.002    0.000 lexer.py:354(look)
       89    0.000    0.000    0.000    0.000 contextlib.py:303(helper)
      213    0.000    0.000    0.019    0.000 primary.py:616(projection)
       31    0.000    0.000    0.005    0.000 _compiler.py:743(compile)
       41    0.000    0.000    0.001    0.000 <frozen importlib._bootstrap>:733(_init_module_attrs)
      211    0.000    0.000    0.000    0.000 compiler.py:277(__init__)
      519    0.000    0.000    0.000    0.000 resolver.py:44(__init__)
      170    0.000    0.000    0.001    0.000 literal.py:40(as_int)
        1    0.000    0.000    0.037    0.037 lark.py:539(_load)
      519    0.000    0.000    0.000    0.000 parser.py:151(__init__)
       45    0.000    0.000    0.005    0.000 <frozen importlib._bootstrap_external>:1522(_get_spec)
      130    0.000    0.000    0.002    0.000 primary.py:344(class_types_for_self)
       82    0.000    0.000    0.001    0.000 param_type.j2:4(root)
       28    0.000    0.000    0.001    0.000 ue_view_helper.py:64(parse)
      128    0.000    0.000    0.000    0.000 cast_str_to_bin.j2:4(root)
       26    0.000    0.000    0.000    0.000 evaluator.py:58(_op_bin_each)
      169    0.000    0.000    0.014    0.000 nodes.py:186(find)
       51    0.000    0.000    0.004    0.000 py2cpp.py:645(on_template_class)
       65    0.000    0.000    0.004    0.000 py2cpp.py:275(__accessible_name_for_alt_class)
      356    0.000    0.000    0.000    0.000 _decl_class_var.j2:4(root)
       61    0.000    0.000    0.001    0.000 typing.py:1634(__getitem__)
       69    0.000    0.000    0.135    0.002 py2cpp.py:1386(on_or_compare)
     41/8    0.000    0.000    0.031    0.004 <frozen importlib._bootstrap>:911(_load_unlocked)
      519    0.000    0.000    0.000    0.000 cache.py:8(__init__)
       49    0.000    0.000    0.000    0.000 <frozen importlib._bootstrap>:426(_get_module_lock)
      169    0.000    0.000    0.000    0.000 {built-in method _functools.reduce}
      127    0.000    0.000    0.001    0.000 compiler.py:1709(visit_Operand)
       31    0.000    0.000    0.001    0.000 typing.py:753(Union)
       82    0.000    0.000    0.000    0.000 compiler.py:716(dump_local_context)
      469    0.000    0.000    0.000    0.000 _parser.py:175(append)
      519    0.000    0.000    0.000    0.000 resolver.py:85(fallback)
       46    0.000    0.000    0.007    0.000 <frozen importlib._bootstrap_external>:1214(get_data)
       69    0.000    0.000    0.001    0.000 py2cpp.py:1790(pluck_cvar_new)
      210    0.000    0.000    0.000    0.000 module.py:136(elements)
      104    0.000    0.000    0.005    0.000 primary.py:519(type_params)
      145    0.000    0.000    0.002    0.000 literal.py:47(match_feature)
       89    0.000    0.000    0.000    0.000 contextlib.py:108(__init__)
      175    0.000    0.000    0.000    0.000 _delete.j2:4(root)
       98    0.000    0.000    0.001    0.000 statement_simple.py:85(operator)
      248    0.000    0.000    0.006    0.000 expression.py:7(expression)
      149    0.000    0.000    0.003    0.000 reflections.py:649(on_float)
      227    0.000    0.000    0.000    0.000 compiler.py:600(leave_frame)
      129    0.000    0.000    0.001    0.000 typing.py:1307(__init__)
      126    0.000    0.000    0.000    0.000 decorator.py:207(any_args)
      102    0.000    0.000    0.000    0.000 alt_class.j2:4(root)
       31    0.000    0.000    0.000    0.000 {built-in method _sre.compile}
      171    0.000    0.000    0.000    0.000 _definition_enum.j2:4(root)
      218    0.000    0.000    0.000    0.000 {method '__reduce_ex__' of 'object' objects}
      169    0.000    0.000    0.043    0.000 environment.py:700(_compile)
       31    0.000    0.000    0.003    0.000 _parser.py:970(parse)
       49    0.000    0.000    0.000    0.000 <frozen importlib._bootstrap>:372(release)
      278    0.000    0.000    0.000    0.000 writer.py:17(put)
       97    0.000    0.000    0.061    0.001 reflections.py:617(on_term)
       64    0.000    0.000    0.003    0.000 py2cpp.py:822(on_alt_types_name)
       41    0.000    0.000    0.002    0.000 reflections.py:498(on_relay_of_type)
      227    0.000    0.000    0.000    0.000 <frozen importlib._bootstrap_external>:1380(_get_parent_path)
      498    0.000    0.000    0.000    0.000 compiler.py:765(get_resolve_func)
      519    0.000    0.000    0.000    0.000 module.py:14(__init__)
      278    0.000    0.000    0.000    0.000 <frozen ntpath>:34(_get_bothseps)
      121    0.000    0.000    0.004    0.000 py2cpp.py:1380(on_factor)
       16    0.000    0.000    0.000    0.000 typing.py:1207(_generic_class_getitem)
      144    0.000    0.000    0.000    0.000 catch.j2:4(root)
       67    0.000    0.000    0.001    0.000 function.j2:4(root)
      164    0.000    0.000    0.000    0.000 import_i18n.j2:4(root)
        2    0.000    0.000    0.000    0.000 {built-in method builtins.eval}
      462    0.000    0.000    0.000    0.000 _parser.py:163(__len__)
      185    0.000    0.000    0.038    0.000 operator.py:81(primary)
      294    0.000    0.000    0.000    0.000 <frozen posixpath>:42(_get_sep)
       84    0.000    0.000    0.000    0.000 cast_char.j2:4(root)
      178    0.000    0.000    0.000    0.000 decl_class_var.j2:4(root)
       38    0.000    0.000    0.000    0.000 <frozen importlib._bootstrap_external>:833(spec_from_file_location)
       89    0.000    0.000    0.001    0.000 contextlib.py:136(__enter__)
      519    0.000    0.000    0.000    0.000 restore_symbols.py:12(__init__)
       27    0.000    0.000    0.004    0.000 evaluator.py:163(on_var)
      185    0.000    0.000    0.001    0.000 operator.py:86(condition)
       66    0.000    0.000    0.006    0.000 statement_compound.py:128(statements)
      108    0.000    0.000    0.000    0.000 try.j2:4(root)
      487    0.000    0.000    0.000    0.000 _parser.py:255(match)
      278    0.000    0.000    0.000    0.000 writer.py:8(__init__)
       49    0.000    0.000    0.000    0.000 <frozen importlib._bootstrap>:124(setdefault)
      150    0.000    0.000    0.000    0.000 list_insert.j2:4(root)
       87    0.000    0.000    0.000    0.000 _parser.py:371(_escape)
      192    0.000    0.000    0.000    0.000 c_type_expr.j2:4(root)
     37/6    0.000    0.000    0.031    0.005 <frozen importlib._bootstrap_external>:1020(exec_module)
      125    0.000    0.000    0.001    0.000 dict_comp.j2:4(root)
       82    0.000    0.000    0.000    0.000 idtracking.py:94(store)
      179    0.000    0.000    0.000    0.000 lexer.py:350(push)
       32    0.000    0.000    0.000    0.000 typing.py:1256(_generic_init_subclass)
      598    0.000    0.000    0.000    0.000 runtime.py:556(__iter__)
       24    0.000    0.000    0.002    0.000 parser.py:746(parse_list)
      315    0.000    0.000    0.000    0.000 enum.py:1308(__hash__)
       61    0.000    0.000    0.001    0.000 reflections.py:638(on_ternary_operator)
       87    0.000    0.000    0.002    0.000 statement_simple.py:97(targets)
      138    0.000    0.000    0.000    0.000 compiler.py:226(inner)
       16    0.000    0.000    0.005    0.000 compiler.py:1338(visit_FilterBlock)
       44    0.000    0.000    0.002    0.000 traits.py:273(_declare_class)
       33    0.000    0.000    0.000    0.000 {built-in method _abc._abc_init}
      106    0.000    0.000    0.000    0.000 template_class.j2:4(root)
      169    0.000    0.000    0.000    0.000 __init__.py:1003(__init__)
      128    0.000    0.000    0.000    0.000 alt_types_name.j2:4(root)
       89    0.000    0.000    0.002    0.000 idtracking.py:286(visit_Assign)
      144    0.000    0.000    0.000    0.000 elipsis.j2:4(root)
      185    0.000    0.000    0.001    0.000 operator.py:91(secondary)
      519    0.000    0.000    0.000    0.000 entrypoints.py:36(<lambda>)
        3    0.000    0.000    0.001    0.000 visitors.py:50(_apply_v_args)
       44    0.000    0.000    0.001    0.000 statement_compound.py:109(having_blocks)
       74    0.000    0.000    0.000    0.000 <frozen importlib._bootstrap_external>:137(_path_split)
      202    0.000    0.000    0.001    0.000 <frozen importlib._bootstrap_external>:145(_path_stat)
      169    0.000    0.000    0.000    0.000 compiler.py:255(__init__)
      238    0.000    0.000    0.000    0.000 typing.py:164(_type_convert)
       25    0.000    0.000    0.000    0.000 enum.py:1603(__and__)
       53    0.000    0.000    0.000    0.000 nodes.py:523(as_const)
      218    0.000    0.000    0.000    0.000 copyreg.py:98(__newobj__)
      111    0.000    0.000    0.001    0.000 primary.py:670(decl_vars)
       82    0.000    0.000    0.000    0.000 compiler.py:434(simple_write)
      104    0.000    0.000    0.006    0.000 primary.py:428(parameters)
    89/80    0.000    0.000    0.001    0.000 compiler.py:259(visit_Filter)
      389    0.000    0.000    0.000    0.000 typing.py:1437(__eq__)
      529    0.000    0.000    0.000    0.000 <frozen importlib._bootstrap>:491(_verbose_message)
       43    0.000    0.000    0.001    0.000 reflections.py:688(on_tuple)
       89    0.000    0.000    0.001    0.000 contextlib.py:145(__exit__)
       89    0.000    0.000    0.000    0.000 py2cpp.py:1757(pluck_class_var_name)
       71    0.000    0.000    0.013    0.000 primary.py:402(key_type)
       42    0.000    0.000    0.000    0.000 <frozen importlib._bootstrap_external>:177(_path_isabs)
      112    0.000    0.000    0.000    0.000 str_count.j2:4(root)
       44    0.000    0.000    0.000    0.000 _begin_destroy.j2:4(root)
      178    0.000    0.000    0.000    0.000 {method 'insert' of 'list' objects}
       41    0.000    0.000    0.001    0.000 <frozen importlib._bootstrap>:806(module_from_spec)
    41/28    0.000    0.000    0.000    0.000 _compiler.py:439(_get_literal_prefix)
       31    0.000    0.000    0.000    0.000 typing.py:379(_remove_dups_flatten)
       82    0.000    0.000    0.000    0.000 idtracking.py:147(dump_stores)
      235    0.000    0.000    0.000    0.000 _parser.py:292(tell)
        3    0.000    0.000    0.024    0.008 __init__.py:1(<module>)
       31    0.000    0.000    0.002    0.000 _compiler.py:576(_code)
      176    0.000    0.000    0.000    0.000 {method 'upper' of 'str' objects}
       46    0.000    0.000    0.000    0.000 {built-in method _imp.is_builtin}
      222    0.000    0.000    0.000    0.000 <frozen importlib._bootstrap_external>:139(<genexpr>)
        1    0.000    0.000    0.015    0.015 load_grammar.py:1(<module>)
       71    0.000    0.000    0.001    0.000 typing.py:1658(copy_with)
       98    0.000    0.000    0.011    0.000 statement_simple.py:80(receiver)
       66    0.000    0.000    0.000    0.000 statement_compound.py:134(block)
      227    0.000    0.000    0.000    0.000 <frozen importlib._bootstrap_external>:1370(_find_parent_path_names)
        1    0.000    0.000    0.004    0.004 utils.py:1(<module>)
       32    0.000    0.000    0.000    0.000 py2cpp.py:1741(break_dict_iterator)
       36    0.000    0.000    0.002    0.000 statement_compound.py:218(catches)
        1    0.000    0.000    0.002    0.002 parse_tree_builder.py:332(__init__)
       54    0.000    0.000    0.001    0.000 reflections.py:590(on_not_compare)
       33    0.000    0.000    0.028    0.001 py2cpp.py:1401(on_and_bitwise)
      369    0.000    0.000    0.000    0.000 parser.py:879(ensure)
    19/17    0.000    0.000    0.003    0.000 compiler.py:1820(visit_CondExpr)
       28    0.000    0.000    0.000    0.000 <frozen importlib._bootstrap_external>:697(_classify_pyc)
      321    0.000    0.000    0.000    0.000 parse_tree_builder.py:166(<genexpr>)
   100/18    0.000    0.000    0.031    0.002 <frozen importlib._bootstrap>:480(_call_with_frames_removed)
       86    0.000    0.000    0.000    0.000 reflections.py:518(on_list_type)
       16    0.000    0.000    0.006    0.000 parser.py:437(parse_filter_block)
      302    0.000    0.000    0.000    0.000 compiler.py:608(choose_async)
      926    0.000    0.000    0.000    0.000 grammar.py:127(__hash__)
       26    0.000    0.000    0.000    0.000 typing.py:3794(__getattr__)
       98    0.000    0.000    0.020    0.000 statement_simple.py:89(value)
       38    0.000    0.000    0.000    0.000 <frozen importlib._bootstrap_external>:1619(_get_spec)
      123    0.000    0.000    0.000    0.000 primary.py:626(condition)
       84    0.000    0.000    0.000    0.000 parser.py:333(parse_import_context)
       43    0.000    0.000    0.000    0.000 helper.py:77(<lambda>)
      117    0.000    0.000    0.000    0.000 dict_keys.j2:4(root)
       91    0.000    0.000    0.000    0.000 str_join.j2:4(root)
       49    0.000    0.000    0.002    0.000 py2cpp.py:756(on_continue)
       87    0.000    0.000    0.000    0.000 compiler.py:780(push_assign_tracking)
       33    0.000    0.000    0.003    0.000 py2cpp.py:476(on_while)
      123    0.000    0.000    0.000    0.000 reflections.py:696(on_group)
        1    0.000    0.000    0.002    0.002 lexer.py:479(__init__)
      105    0.000    0.000    0.000    0.000 enum.py:1585(_get_value)
        2    0.000    0.000    0.010    0.005 compiler.py:614(macro_body)
       30    0.000    0.000    0.017    0.001 py2cpp.py:1395(on_or_bitwise)
       58    0.000    0.000    0.001    0.000 reflections.py:661(on_falsy)
       49    0.000    0.000    0.000    0.000 <frozen importlib._bootstrap>:162(__enter__)
       40    0.000    0.000    0.002    0.000 idtracking.py:202(visit_For)
       49    0.000    0.000    0.000    0.000 _compiler.py:214(_compile_charset)
       84    0.000    0.000    0.000    0.000 <frozen importlib._bootstrap_external>:89(_unpack_uint32)
      392    0.000    0.000    0.000    0.000 element.py:48(declare)
        1    0.000    0.000    0.000    0.000 dataclasses.py:929(_process_class)
   118/18    0.000    0.000    0.000    0.000 <frozen importlib._bootstrap_external>:1398(__iter__)
       36    0.000    0.000    0.002    0.000 statement_compound.py:227(block)
       28    0.000    0.000    0.001    0.000 ue_view_helper.py:172(<lambda>)
       47    0.000    0.000    0.000    0.000 str_rfind.j2:4(root)
       28    0.000    0.000    0.000    0.000 ue_view_helper.py:22(parse)
      287    0.000    0.000    0.000    0.000 compiler.py:497(<genexpr>)
       39    0.000    0.000    0.018    0.000 reflections.py:608(on_and_bitwise)
       56    0.000    0.000    0.001    0.000 reflections.py:658(on_truthy)
       28    0.000    0.000    0.000    0.000 ue_view_helper.py:84(format)
       66    0.000    0.000    0.000    0.000 helper.py:32(<lambda>)
      347    0.000    0.000    0.000    0.000 typing.py:1427(<genexpr>)
       42    0.000    0.000    0.003    0.000 reflections.py:406(on_decl_local_var)
        4    0.000    0.000    0.000    0.000 <frozen importlib._bootstrap_external>:1675(_fill_cache)
       49    0.000    0.000    0.000    0.000 <frozen importlib._bootstrap>:74(__new__)
      750    0.000    0.000    0.000    0.000 inspect.py:618(<lambda>)
       48    0.000    0.000    0.000    0.000 _parser.py:85(opengroup)
       46    0.000    0.000    0.000    0.000 <frozen importlib._bootstrap>:445(cb)
      125    0.000    0.000    0.000    0.000 nodes.py:552(can_assign)
       38    0.000    0.000    0.001    0.000 <frozen importlib._bootstrap_external>:642(_get_cached)
      171    0.000    0.000    0.000    0.000 compiler.py:717(<genexpr>)
       46    0.000    0.000    0.000    0.000 <frozen importlib._bootstrap>:232(__init__)
        5    0.000    0.000    0.015    0.003 py2cpp.py:1370(on_dict_comp)
       71    0.000    0.000    0.000    0.000 primary.py:407(value_type)
       13    0.000    0.000    0.012    0.001 py2cpp.py:641(on_alt_class)
       54    0.000    0.000    0.000    0.000 idtracking.py:112(declare_parameter)
        2    0.000    0.000    0.001    0.000 parser.py:758(parse_dict)
       22    0.000    0.000    0.020    0.001 py2cpp.py:363(__prop_name_via_embedder)
      169    0.000    0.000    0.000    0.000 <frozen codecs>:263(__init__)
       49    0.000    0.000    0.000    0.000 <frozen importlib._bootstrap>:79(__init__)
       52    0.000    0.000    0.000    0.000 str_encode.j2:4(root)
      145    0.000    0.000    0.000    0.000 typing.py:1639(<genexpr>)
        9    0.000    0.000    0.000    0.000 _compiler.py:389(_mk_bitmap)
       34    0.000    0.000    0.016    0.000 reflections.py:602(on_or_bitwise)
       50    0.000    0.000    0.000    0.000 primary.py:433(return_type)
       12    0.000    0.000    0.000    0.000 cvar_to_addr_id.j2:4(root)
       46    0.000    0.000    0.001    0.000 <frozen importlib._bootstrap>:416(__enter__)
      136    0.000    0.000    0.000    0.000 <frozen importlib._bootstrap>:1226(__exit__)
      376    0.000    0.000    0.000    0.000 {built-in method builtins.ord}
       29    0.000    0.000    0.000    0.000 py2cpp.py:1774(break_indexer)
      229    0.000    0.000    0.000    0.000 idtracking.py:235(__init__)
       84    0.000    0.000    0.000    0.000 compiler.py:384(temporary_identifier)
   107/40    0.000    0.000    0.000    0.000 <frozen importlib._bootstrap_external>:1407(__len__)
      463    0.000    0.000    0.000    0.000 parse_tree_builder.py:29(__init__)
       60    0.000    0.000    0.001    0.000 <frozen importlib._bootstrap_external>:155(_path_is_mode_type)
       23    0.000    0.000    0.000    0.000 _compiler.py:470(_get_charset_prefix)
       36    0.000    0.000    0.004    0.000 statement_compound.py:181(statements)
       98    0.000    0.000    0.000    0.000 compiler.py:422(start_write)
      169    0.000    0.000    0.000    0.000 compiler.py:943(<genexpr>)
       35    0.000    0.000    0.002    0.000 py2cpp.py:753(on_break)
      231    0.000    0.000    0.000    0.000 _parser.py:112(__init__)
       36    0.000    0.000    0.001    0.000 statement_compound.py:223(try_clause)
        1    0.000    0.000    0.001    0.001 lexer.py:1(<module>)
       31    0.000    0.000    0.001    0.000 reflections.py:579(on_list_comp)
      412    0.000    0.000    0.000    0.000 parse_tree_builder.py:182(<genexpr>)
      169    0.000    0.000    0.000    0.000 optimizer.py:28(__init__)
      101    0.000    0.000    0.000    0.000 reflections.py:587(on_factor)
      110    0.000    0.000    0.000    0.000 <frozen importlib._bootstrap_external>:1500(_path_importer_cache)
       36    0.000    0.000    0.006    0.000 statement_compound.py:212(statements)
      158    0.000    0.000    0.000    0.000 _parser.py:82(groups)
       98    0.000    0.000    0.000    0.000 continue.j2:4(root)
       55    0.000    0.000    0.000    0.000 {built-in method fromkeys}
        1    0.000    0.000    0.013    0.013 parser_frontends.py:65(__init__)
    97/80    0.000    0.000    0.000    0.000 typing.py:1443(__hash__)
       56    0.000    0.000    0.000    0.000 str_split.j2:4(root)
       49    0.000    0.000    0.000    0.000 <frozen importlib._bootstrap>:82(remove)
       45    0.000    0.000    0.005    0.000 <frozen importlib._bootstrap_external>:1551(find_spec)
       19    0.000    0.000    0.001    0.000 typing.py:806(Optional)
       37    0.000    0.000    0.000    0.000 <frozen importlib._bootstrap_external>:674(_check_name_wrapper)
       65    0.000    0.000    0.000    0.000 _compiler.py:401(_simple)
        1    0.000    0.000    0.000    0.000 visitors.py:1(<module>)
       77    0.000    0.000    0.000    0.000 typing.py:1122(_is_unpacked_typevartuple)
       35    0.000    0.000    0.000    0.000 enum.py:695(__call__)
       54    0.000    0.000    0.001    0.000 <frozen importlib._bootstrap_external>:164(_path_isfile)
       28    0.000    0.000    0.000    0.000 <frozen importlib._bootstrap_external>:730(_validate_timestamp_pyc)
       70    0.000    0.000    0.000    0.000 break.j2:4(root)
       33    0.000    0.000    0.000    0.000 <frozen abc>:105(__new__)
       71    0.000    0.000    0.000    0.000 primary.py:412(primary_type)
       39    0.000    0.000    0.000    0.000 <frozen importlib._bootstrap>:48(_new_module)
    54/27    0.000    0.000    0.006    0.000 evaluator.py:45(exec)
      125    0.000    0.000    0.000    0.000 {method 'find' of 'bytearray' objects}
      136    0.000    0.000    0.000    0.000 <frozen importlib._bootstrap>:1222(__enter__)
        2    0.000    0.000    0.000    0.000 typing.py:3142(__new__)
        7    0.000    0.000    0.001    0.000 py2cpp.py:247(__accessible_name_for_method)
        1    0.000    0.000    0.017    0.017 lark.py:1(<module>)
       28    0.000    0.000    0.000    0.000 {built-in method _imp._fix_co_filename}
       13    0.000    0.000    0.000    0.000 compiler.py:1618(visit_NSRef)
      101    0.000    0.000    0.000    0.000 <frozen importlib._bootstrap_external>:67(_relax_case)
       35    0.000    0.000    0.000    0.000 compiler.py:1746(visit_Slice)
       20    0.000    0.000    0.000    0.000 evaluator.py:207(on_integer)
       42    0.000    0.000    0.000    0.000 {built-in method nt._path_splitroot}
      126    0.000    0.000    0.000    0.000 nodes.py:890(const)
       11    0.000    0.000    0.013    0.001 py2cpp.py:514(<lambda>)
       80    0.000    0.000    0.000    0.000 {method 'remove' of 'list' objects}
      149    0.000    0.000    0.000    0.000 {method 'rfind' of 'str' objects}
       96    0.000    0.000    0.000    0.000 typing.py:789(<genexpr>)
       42    0.000    0.000    0.000    0.000 nodes.py:706(as_const)
      231    0.000    0.000    0.000    0.000 {built-in method _imp.acquire_lock}
    52/33    0.000    0.000    0.001    0.000 typing.py:574(__getitem__)
       24    0.000    0.000    0.000    0.000 list_sort.j2:4(root)
        9    0.000    0.000    0.000    0.000 py2cpp.py:263(__accessible_name_for_callable)
      103    0.000    0.000    0.000    0.000 {method '__exit__' of '_thread.RLock' objects}
       36    0.000    0.000    0.001    0.000 statement_compound.py:205(block)
      231    0.000    0.000    0.000    0.000 {built-in method _imp.release_lock}
       36    0.000    0.000    0.000    0.000 statement_compound.py:192(block)
       39    0.000    0.000    0.000    0.000 c_func_invoke.j2:4(root)
       75    0.000    0.000    0.001    0.000 <frozen importlib._bootstrap>:632(cached)
       33    0.000    0.000    0.000    0.000 _parser.py:230(__init__)
       23    0.000    0.000    0.000    0.000 nodes.py:650(as_const)
       11    0.000    0.000    0.000    0.000 copy_constructor.j2:4(root)
       48    0.000    0.000    0.000    0.000 _parser.py:97(closegroup)
       25    0.000    0.000    0.064    0.003 reflections.py:187(__from_comprehension)
       18    0.000    0.000    0.003    0.000 py2cpp.py:531(on_catch)
       10    0.000    0.000    0.002    0.000 py2cpp.py:253(__accessible_name_for_class_method)
    33/31    0.000    0.000    0.000    0.000 nodes.py:996(as_const)
       35    0.000    0.000    0.000    0.000 enum.py:1152(__new__)
       32    0.000    0.000    0.000    0.000 evaluator.py:134(_allow_string)
       46    0.000    0.000    0.000    0.000 lexer.py:265(__eq__)
       24    0.000    0.000    0.000    0.000 str_replace.j2:4(root)
      171    0.000    0.000    0.000    0.000 nodes.py:722(<genexpr>)
       10    0.000    0.000    0.000    0.000 typing.py:1748(__getitem__)
        1    0.000    0.000    0.000    0.000 pkgutil.py:1(<module>)
       18    0.000    0.000    0.003    0.000 py2cpp.py:534(on_try)
       12    0.000    0.000    0.001    0.000 compiler.py:85(visitor)
       79    0.000    0.000    0.000    0.000 compiler.py:134(<genexpr>)
       37    0.000    0.000    0.000    0.000 <frozen importlib._bootstrap_external>:1233(path_stats)
       72    0.000    0.000    0.000    0.000 _parser.py:171(__setitem__)
        5    0.000    0.000    0.000    0.000 template.py:124(templates)
        1    0.000    0.000    0.004    0.004 earley.py:1(<module>)
       35    0.000    0.000    0.000    0.000 str_strip.j2:4(root)
        1    0.000    0.000    0.000    0.000 lalr_analysis.py:1(<module>)
       41    0.000    0.000    0.000    0.000 idtracking.py:291(visit_For)
       46    0.000    0.000    0.000    0.000 <frozen importlib._bootstrap>:420(__exit__)
       15    0.000    0.000    0.000    0.000 typing.py:1599(__mro_entries__)
        2    0.000    0.000    0.009    0.004 parser.py:443(parse_macro)
        8    0.000    0.000    0.000    0.000 functools.py:36(update_wrapper)
        5    0.000    0.000    0.000    0.000 default.j2:1(<module>)
       32    0.000    0.000    0.000    0.000 list_extend.j2:4(root)
       24    0.000    0.000    0.000    0.000 list_copy.j2:4(root)
       45    0.000    0.000    0.000    0.000 <frozen importlib._bootstrap>:1128(find_spec)
        1    0.000    0.000    0.008    0.008 parser_frontends.py:1(<module>)
       26    0.000    0.000    0.000    0.000 evaluator.py:249(on_terminal)
       15    0.000    0.000    0.000    0.000 str_endswith.j2:4(root)
        4    0.000    0.000    0.000    0.000 ue_view_helper.py:107(parse_decl_var)
        1    0.000    0.000    0.000    0.000 lark.py:194(__init__)
       13    0.000    0.000    0.000    0.000 typing.py:1719(__getitem__)
       18    0.000    0.000    0.000    0.000 compiler.py:389(buffer)
       13    0.000    0.000    0.000    0.000 reflections.py:533(on_union_type)
       16    0.000    0.000    0.000    0.000 evaluator.py:232(on_sum)
       18    0.000    0.000    0.001    0.000 statement_compound.py:169(var_type)
       24    0.000    0.000    0.000    0.000 _parser.py:448(_uniq)
       84    0.000    0.000    0.000    0.000 {built-in method from_bytes}
       98    0.000    0.000    0.000    0.000 {built-in method _thread.get_ident}
       46    0.000    0.000    0.000    0.000 <frozen importlib._bootstrap>:982(find_spec)
       33    0.000    0.000    0.004    0.000 statement_compound.py:123(condition)
        1    0.000    0.000    0.000    0.000 earley_forest.py:1(<module>)
        5    0.000    0.000    0.004    0.001 py2cpp.py:543(on_function)
       36    0.000    0.000    0.000    0.000 dict_get.j2:4(root)
     11/4    0.000    0.000    0.000    0.000 {built-in method _abc._abc_subclasscheck}
        1    0.000    0.000    0.002    0.002 parse_tree_builder.py:1(<module>)
     11/5    0.000    0.000    0.005    0.001 <frozen importlib._bootstrap>:1390(_handle_fromlist)
      254    0.000    0.000    0.000    0.000 parse_tree_builder.py:141(__init__)
       21    0.000    0.000    0.001    0.000 inspect.py:621(getmembers)
       62    0.000    0.000    0.000    0.000 _compiler.py:573(isstring)
       13    0.000    0.000    0.000    0.000 lexer.py:362(skip)
       42    0.000    0.000    0.000    0.000 <frozen importlib._bootstrap_external>:190(_path_abspath)
       49    0.000    0.000    0.000    0.000 <frozen importlib._bootstrap>:173(__exit__)
       72    0.000    0.000    0.000    0.000 typing.py:1765(__eq__)
        8    0.000    0.000    0.000    0.000 typing.py:1733(__getitem_inner__)
       18    0.000    0.000    0.000    0.000 statement_compound.py:175(symbol)
       10    0.000    0.000    0.000    0.000 enum.py:1592(__or__)
       92    0.000    0.000    0.000    0.000 typing.py:1096(__eq__)
        9    0.000    0.000    0.000    0.000 _parser.py:273(getuntil)
       18    0.000    0.000    0.000    0.000 cast_list.j2:4(root)
       45    0.000    0.000    0.000    0.000 {built-in method _imp.find_frozen}
        1    0.000    0.000    0.000    0.000 {method 'disable' of '_lsprof.Profiler' objects}
        1    0.000    0.000    0.000    0.000 load_grammar.py:1086(GrammarBuilder)
        5    0.000    0.000    0.000    0.000 trait.py:35(impl_methods)
       31    0.000    0.000    0.000    0.000 _parser.py:954(fix_flags)
        1    0.000    0.000    0.025    0.025 parser.py:1(<module>)
       84    0.000    0.000    0.000    0.000 compiler.py:774(parameter_is_undeclared)
       15    0.000    0.000    0.005    0.000 reflections.py:611(on_shift_bitwise)
        1    0.000    0.000    0.000    0.000 lark.py:254(Lark)
       73    0.000    0.000    0.000    0.000 _compiler.py:31(_combine_flags)
        1    0.000    0.000    0.000    0.000 lark.py:47(LarkOptions)
        2    0.000    0.000    0.000    0.000 _parser.py:997(parse_template)
        1    0.000    0.000    0.002    0.002 lalr_parser.py:1(<module>)
       48    0.000    0.000    0.000    0.000 <frozen importlib._bootstrap>:599(__init__)
       49    0.000    0.000    0.000    0.000 {built-in method _weakref._remove_dead_weakref}
        2    0.000    0.000    0.000    0.000 compiler.py:1664(visit_Dict)
        2    0.000    0.000    0.000    0.000 parser.py:357(parse_import)
       31    0.000    0.000    0.000    0.000 typing.py:351(_deduplicate)
        1    0.000    0.000    0.000    0.000 lexer.py:142(Token)
       33    0.000    0.000    0.000    0.000 reflections.py:576(on_comp_for)
        2    0.000    0.000    0.010    0.005 compiler.py:1320(visit_Macro)
       13    0.000    0.000    0.005    0.000 statement_compound.py:377(actual_type)
       11    0.000    0.000    0.000    0.000 typing.py:1023(__init__)
        1    0.000    0.000    0.000    0.000 tree.py:1(<module>)
       33    0.000    0.000    0.000    0.000 evaluator.py:217(on_string)
       98    0.000    0.000    0.000    0.000 compiler.py:429(end_write)
       35    0.000    0.000    0.002    0.000 compiler.py:1173(<genexpr>)
       35    0.000    0.000    0.000    0.000 _assign_dict.j2:4(root)
        1    0.000    0.000    0.002    0.002 query.py:1(<module>)
        1    0.000    0.000    0.001    0.001 grammar_analysis.py:1(<module>)
        1    0.000    0.000    0.000    0.000 xearley.py:1(<module>)
       17    0.000    0.000    0.000    0.000 typing.py:1773(__hash__)
        1    0.000    0.000    0.000    0.000 lalr_parser_state.py:1(<module>)
        1    0.000    0.000    0.001    0.001 __init__.py:71(search_function)
        1    0.000    0.000    0.000    0.000 serializer.py:1(<module>)
        4    0.000    0.000    0.000    0.000 <frozen importlib._bootstrap_external>:1487(_path_hooks)
       21    0.000    0.000    0.000    0.000 list_pop.j2:4(root)
       33    0.000    0.000    0.000    0.000 typing.py:1221(<genexpr>)
        1    0.000    0.000    0.000    0.000 enum.py:1455(_missing_)
        8    0.000    0.000    0.001    0.000 compiler.py:1656(visit_List)
       10    0.000    0.000    0.002    0.000 lexer.py:483(c)
        1    0.000    0.000    0.000    0.000 parser_frontends.py:154(_get_lexer_callbacks)
       35    0.000    0.000    0.000    0.000 {built-in method _operator.neg}
        1    0.000    0.000    0.005    0.005 exceptions.py:1(<module>)
        2    0.000    0.000    0.000    0.000 parser.py:406(parse_signature)
        1    0.000    0.000    0.000    0.000 entry.py:1(<module>)
        4    0.000    0.000    0.000    0.000 <frozen importlib._bootstrap_external>:1598(__init__)
        1    0.000    0.000    0.000    0.000 dataclasses.py:470(add_fns_to_class)
        1    0.000    0.000    0.000    0.000 common.py:1(<module>)
       46    0.000    0.000    0.000    0.000 {built-in method _thread.allocate_lock}
        4    0.000    0.000    0.000    0.000 <frozen zipimport>:68(__init__)
       12    0.000    0.000    0.000    0.000 c_macro.j2:4(root)
       18    0.000    0.000    0.000    0.000 cast_enum.j2:4(root)
        1    0.000    0.000    0.000    0.000 cyk.py:1(<module>)
        2    0.000    0.000    0.000    0.000 typing.py:3240(TypedDict)
        1    0.000    0.000    0.000    0.000 dataclasses.py:610(_init_fn)
        1    0.000    0.000    0.003    0.003 lark.py:482(_prepare_callbacks)
        4    0.000    0.000    0.006    0.002 {built-in method builtins.__import__}
        9    0.000    0.000    0.005    0.001 <frozen importlib._bootstrap_external>:1085(source_to_code)
        6    0.000    0.000    0.000    0.000 dataclasses.py:437(add_fn)
        3    0.000    0.000    0.000    0.000 dataclasses.py:768(_get_field)
    15/12    0.000    0.000    0.000    0.000 nodes.py:1006(as_const)
        1    0.000    0.000    0.000    0.000 trait.py:70(__ensure_traits)
        1    0.000    0.000    0.000    0.000 __init__.py:921(Handler)
        1    0.000    0.000    0.000    0.000 __init__.py:43(normalize_encoding)
        2    0.000    0.000    0.000    0.000 compiler.py:1099(visit_Import)
        2    0.000    0.000    0.000    0.000 __init__.py:374(_compile_template)
       30    0.000    0.000    0.000    0.000 {method '__contains__' of 'frozenset' objects}
       16    0.000    0.000    0.000    0.000 evaluator.py:145(_cat)
        1    0.000    0.000    0.000    0.000 entry.py:9(EntryOfLark)
        1    0.000    0.000    0.000    0.000 dataclasses.py:1294(wrap)
       28    0.000    0.000    0.000    0.000 ue_view_helper.py:46(format)
       11    0.000    0.000    0.000    0.000 decorator.py:114(any_args)
       10    0.000    0.000    0.000    0.000 evaluator.py:220(on_or_bitwise)
       53    0.000    0.000    0.000    0.000 {method 'count' of 'tuple' objects}
        1    0.000    0.000    0.000    0.000 {built-in method _imp.exec_dynamic}
        8    0.000    0.000    0.000    0.000 typing.py:1715(copy_with)
       64    0.000    0.000    0.000    0.000 _compiler.py:431(_get_iscased)
        1    0.000    0.000    0.000    0.000 cast_bin_to_str.j2:1(<module>)
    19/18    0.000    0.000    0.001    0.000 compiler.py:1824(write_expr2)
       31    0.000    0.000    0.000    0.000 _parser.py:76(__init__)
        6    0.000    0.000    0.002    0.000 py2cpp.py:1404(on_shift_bitwise)
       30    0.000    0.000    0.000    0.000 typing.py:1757(<genexpr>)
       16    0.000    0.000    0.000    0.000 idtracking.py:300(visit_FilterBlock)
        9    0.000    0.000    0.000    0.000 reflections.py:593(on_or_compare)
       12    0.000    0.000    0.000    0.000 typing.py:310(_check_generic_specialization)
       12    0.000    0.000    0.000    0.000 {method '__typing_prepare_subst__' of 'typing.TypeVar' objects}
       46    0.000    0.000    0.000    0.000 <frozen importlib._bootstrap>:412(__init__)
        1    0.000    0.000    0.021    0.021 parser_frontends.py:47(_deserialize_parsing_frontend)
        2    0.000    0.000    0.000    0.000 resolver.py:1(<module>)
        1    0.000    0.000    0.001    0.001 lalr_interactive_parser.py:1(<module>)
        1    0.000    0.000    0.000    0.000 common.py:57(_deserialize)
        1    0.000    0.000    0.000    0.000 functools.py:826(singledispatch)
        1    0.000    0.000    0.000    0.000 indenter.py:1(<module>)
        4    0.000    0.000    0.001    0.000 visitors.py:456(_apply_v_args)
        1    0.000    0.000    0.000    0.000 indenter.py:15(Indenter)
       16    0.000    0.000    0.000    0.000 statement_simple.py:72(symbols)
        1    0.000    0.000    0.000    0.000 getpass.py:1(<module>)
        4    0.000    0.000    0.000    0.000 <frozen importlib._bootstrap_external>:1716(path_hook_for_FileFinder)
       14    0.000    0.000    0.003    0.000 __init__.py:287(compile)
        1    0.000    0.000    0.000    0.000 lalr_analysis.py:148(LALR_Analyzer)
        2    0.000    0.000    0.000    0.000 tuple.j2:1(<module>)
        2    0.000    0.000    0.000    0.000 dict.j2:1(<module>)
        5    0.000    0.000    0.000    0.000 _compiler.py:410(_generate_overlap_table)
        1    0.000    0.000    0.000    0.000 environment.py:1526(__init__)
        3    0.000    0.000    0.000    0.000 compiler.py:1647(visit_Tuple)
        4    0.000    0.000    0.000    0.000 ue_view_helper.py:177(<lambda>)
        8    0.000    0.000    0.000    0.000 typing.py:2528(get_origin)
       49    0.000    0.000    0.000    0.000 <frozen importlib._bootstrap>:158(__init__)
        1    0.000    0.000    0.000    0.000 grammar.py:1(<module>)
       13    0.000    0.000    0.000    0.000 <frozen abc>:7(abstractmethod)
        1    0.000    0.000    0.000    0.000 load_grammar.py:679(Grammar)
        2    0.000    0.000    0.000    0.000 class.j2:1(<module>)
        1    0.000    0.000    0.000    0.000 inspect.py:176(get_annotations)
       10    0.000    0.000    0.000    0.000 trait.py:21(implements)
        2    0.000    0.000    0.000    0.000 cvar_to.j2:1(<module>)
       14    0.000    0.000    0.000    0.000 binary_fill_list.j2:4(root)
        2    0.000    0.000    0.000    0.000 compiler.py:1084(_import_common)
        1    0.000    0.000    0.000    0.000 query.py:13(Nodes)
        1    0.000    0.000    0.000    0.000 finder.py:8(ASTFinder)
        1    0.000    0.000    0.000    0.000 earley_forest.py:641(TreeForestTransformer)
       28    0.000    0.000    0.000    0.000 ue_view_helper.py:76(__init__)
       28    0.000    0.000    0.000    0.000 ue_view_helper.py:36(__init__)
       30    0.000    0.000    0.000    0.000 {method 'items' of 'mappingproxy' objects}
        1    0.000    0.000    0.000    0.000 tree.py:38(Tree)
       39    0.000    0.000    0.000    0.000 {method 'partition' of 'str' objects}
        4    0.000    0.000    0.000    0.000 types.py:334(__getattr__)
       16    0.000    0.000    0.000    0.000 <string>:1(<lambda>)
        2    0.000    0.000    0.000    0.000 idtracking.py:160(dump_param_targets)
        2    0.000    0.000    0.000    0.000 _decorators.j2:1(<module>)
        2    0.000    0.000    0.000    0.000 _template_types.j2:1(<module>)
        2    0.000    0.000    0.000    0.000 compiler.py:697(macro_def)
       76    0.000    0.000    0.000    0.000 parse_tree_builder.py:17(__init__)
        1    0.000    0.000    0.000    0.000 common.py:27(LexerConf)
        1    0.000    0.000    0.000    0.000 serializer.py:14(ReflectionSerializer)
       21    0.000    0.000    0.000    0.000 inspect.py:302(isclass)
        1    0.000    0.000    0.000    0.000 lalr_parser_state.py:11(ParseConf)
       37    0.000    0.000    0.000    0.000 <frozen importlib._bootstrap_external>:1184(__init__)
        4    0.000    0.000    0.000    0.000 typing.py:2696(overload)
       20    0.000    0.000    0.000    0.000 lark.py:226(__getattr__)
        7    0.000    0.000    0.000    0.000 visitors.py:474(__init__)
        2    0.000    0.000    0.000    0.000 __init__.py:930(__init__)
        1    0.000    0.000    0.000    0.000 unicode_escape.py:1(<module>)
        1    0.000    0.000    0.000    0.000 {built-in method _imp.create_builtin}
        9    0.000    0.000    0.000    0.000 _parser.py:311(_class_escape)
       21    0.000    0.000    0.000    0.000 typing.py:553(__repr__)
        2    0.000    0.000    0.000    0.000 py2cpp.py:1725(break_list_sort_key)
        6    0.000    0.000    0.000    0.000 reflections.py:596(on_and_compare)
        2    0.000    0.000    0.000    0.000 cache.py:1(<module>)
        2    0.000    0.000    0.000    0.000 _accessor.j2:1(<module>)
        1    0.000    0.000    0.000    0.000 lexer.py:33(Pattern)
        9    0.000    0.000    0.000    0.000 {method 'translate' of 'bytearray' objects}
       19    0.000    0.000    0.000    0.000 typing.py:1742(<genexpr>)
        6    0.000    0.000    0.000    0.000 compiler.py:1866(visit_Keyword)
        1    0.000    0.000    0.000    0.000 lalr_analysis.py:34(ParseTableBase)
        2    0.000    0.000    0.000    0.000 _comment.j2:1(<module>)
        2    0.000    0.000    0.000    0.000 _compiler.py:394(_bytes_to_codes)
        2    0.000    0.000    0.000    0.000 functools.py:878(register)
        2    0.000    0.000    0.000    0.000 reflections.py:582(on_dict_comp)
        1    0.000    0.000    0.000    0.000 literalize.j2:1(<module>)
        1    0.000    0.000    0.000    0.000 param_type.j2:1(<module>)
        1    0.000    0.000    0.000    0.000 str_strip.j2:1(<module>)
       24    0.000    0.000    0.000    0.000 inspect.py:758(getmro)
        1    0.000    0.000    0.000    0.000 binary_in.j2:1(<module>)
        1    0.000    0.000    0.000    0.000 cast_str_to_bin.j2:1(<module>)
       13    0.000    0.000    0.000    0.000 idtracking.py:249(visit_NSRef)
        1    0.000    0.000    0.000    0.000 import_as_name.j2:1(<module>)
        1    0.000    0.000    0.000    0.000 _after.j2:1(<module>)
        1    0.000    0.000    0.000    0.000 list.j2:1(<module>)
        1    0.000    0.000    0.000    0.000 c_func_invoke.j2:1(<module>)
        6    0.000    0.000    0.000    0.000 print.j2:4(root)
       53    0.000    0.000    0.000    0.000 parse_tree_builder.py:95(__init__)
        1    0.000    0.000    0.000    0.000 unary_operator.j2:1(<module>)
        1    0.000    0.000    0.000    0.000 str_find.j2:1(<module>)
        1    0.000    0.000    0.000    0.000 copy_constructor.j2:1(<module>)
       32    0.000    0.000    0.000    0.000 {method '__init_subclass__' of 'object' objects}
       37    0.000    0.000    0.000    0.000 <frozen importlib._bootstrap_external>:1209(get_filename)
        2    0.000    0.000    0.000    0.000 typing.py:709(ClassVar)
        1    0.000    0.000    0.007    0.007 lalr_parser.py:27(deserialize)
        1    0.000    0.000    0.000    0.000 lalr_parser_state.py:32(ParserState)
        1    0.000    0.000    0.000    0.000 _signature_prefix.j2:1(<module>)
        1    0.000    0.000    0.000    0.000 closure.j2:1(<module>)
        1    0.000    0.000    0.000    0.000 print.j2:1(<module>)
        1    0.000    0.000    0.000    0.000 entry.py:112(Serialization)
        1    0.000    0.000    0.000    0.000 exceptions.py:37(UnexpectedInput)
        1    0.000    0.000    0.000    0.000 comp_for.j2:1(<module>)
        1    0.000    0.000    0.000    0.000 c_macro.j2:1(<module>)
        1    0.000    0.000    0.000    0.000 alt_class.j2:1(<module>)
        1    0.000    0.000    0.000    0.000 list_pop.j2:1(<module>)
        1    0.000    0.000    0.000    0.000 function.j2:1(<module>)
       42    0.000    0.000    0.000    0.000 <frozen importlib._bootstrap>:653(has_location)
        2    0.000    0.000    0.000    0.000 functools.py:867(_is_union_type)
        1    0.000    0.000    0.000    0.000 weakref.py:104(__init__)
        1    0.000    0.000    0.000    0.000 utils.py:52(Serialize)
        1    0.000    0.000    0.000    0.000 float.j2:1(<module>)
        1    0.000    0.000    0.000    0.000 group.j2:1(<module>)
        1    0.000    0.000    0.000    0.000 enum.j2:1(<module>)
        1    0.000    0.000    0.000    0.000 parser.py:17(SyntaxParserOfLark)
        1    0.000    0.000    0.000    0.000 if.j2:1(<module>)
       31    0.000    0.000    0.000    0.000 {built-in method _sre.unicode_iscased}
        1    0.000    0.000    0.000    0.000 lexer.py:213(compile_rules)
        1    0.000    0.000    0.000    0.000 __init__.py:1110(StreamHandler)
        1    0.000    0.000    0.000    0.000 _str_format.j2:1(<module>)
        1    0.000    0.000    0.000    0.000 return.j2:1(<module>)
        1    0.000    0.000    0.000    0.000 cvar_to_addr_id.j2:1(<module>)
        1    0.000    0.000    0.000    0.000 slice_string.j2:1(<module>)
        1    0.000    0.000    0.000    0.000 lalr_parser.py:17(LALR_Parser)
        1    0.000    0.000    0.000    0.000 dict_keys.j2:1(<module>)
        1    0.000    0.000    0.000    0.000 elipsis.j2:1(<module>)
        1    0.000    0.000    0.000    0.000 enumerate.j2:1(<module>)
        1    0.000    0.000    0.000    0.000 list_insert.j2:1(<module>)
        1    0.000    0.000    0.000    0.000 str_count.j2:1(<module>)
        1    0.000    0.000    0.000    0.000 str_encode.j2:1(<module>)
        5    0.000    0.000    0.000    0.000 _parser.py:1005(addliteral)
        1    0.000    0.000    0.000    0.000 utils.py:308(FS)
        2    0.000    0.000    0.000    0.000 __init__.py:1477(__init__)
        1    0.000    0.000    0.000    0.000 parser_frontends.py:247(CYK_FrontEnd)
        1    0.000    0.000    0.000    0.000 earley_forest.py:501(ForestToParseTree)
        1    0.000    0.000    0.000    0.000 _inherits.j2:1(<module>)
        1    0.000    0.000    0.000    0.000 binary_operator.j2:1(<module>)
        1    0.000    0.000    0.000    0.000 alt_types_name.j2:1(<module>)
        1    0.000    0.000    0.000    0.000 delete.j2:1(<module>)
        1    0.000    0.000    0.000    0.000 list_sort.j2:1(<module>)
        1    0.000    0.000    0.000    0.000 move_assign_destruction.j2:1(<module>)
       40    0.000    0.000    0.000    0.000 {built-in method _sre.unicode_tolower}
        9    0.000    0.000    0.000    0.000 _parser.py:303(checkgroupname)
       13    0.000    0.000    0.000    0.000 compiler.py:1369(_default_finalize)
        1    0.000    0.000    0.000    0.000 __init__.py:1846(LoggerAdapter)
        1    0.000    0.000    0.000    0.000 move_assign_declare.j2:1(<module>)
        1    0.000    0.000    0.000    0.000 entrypoint.j2:1(<module>)
        1    0.000    0.000    0.000    0.000 _constructor_inherits.j2:1(<module>)
        1    0.000    0.000    0.000    0.000 cast_char.j2:1(<module>)
        3    0.000    0.000    0.000    0.000 <frozen importlib._bootstrap>:463(_lock_unlock_module)
        1    0.000    0.000    0.004    0.004 py2cpp.py:1438(proc_binary_operation_fill_list)
        1    0.000    0.000    0.000    0.000 finder.py:1(<module>)
        1    0.000    0.000    0.000    0.000 grammar.py:91(Rule)
        1    0.000    0.000    0.000    0.000 null.j2:1(<module>)
        1    0.000    0.000    0.000    0.000 move_assign.j2:1(<module>)
        1    0.000    0.000    0.000    0.000 else_if.j2:1(<module>)
        1    0.000    0.000    0.000    0.000 cvar_down.j2:1(<module>)
        1    0.000    0.000    0.000    0.000 else.j2:1(<module>)
        1    0.000    0.000    0.000    0.000 list_comp.j2:1(<module>)
        1    0.000    0.000    0.000    0.000 cvar_as_a.j2:1(<module>)
        1    0.000    0.000    0.000    0.000 decl_class_param.j2:1(<module>)
        1    0.000    0.000    0.000    0.000 range.j2:1(<module>)
        1    0.000    0.000    0.000    0.000 destructor.j2:1(<module>)
        1    0.000    0.000    0.000    0.000 _begin_destroy.j2:1(<module>)
        1    0.000    0.000    0.000    0.000 str_join.j2:1(<module>)
        1    0.000    0.000    0.000    0.000 cvar_new_smart.j2:1(<module>)
        1    0.000    0.000    0.000    0.000 break.j2:1(<module>)
        1    0.000    0.000    0.000    0.000 str_rfind.j2:1(<module>)
       12    0.000    0.000    0.000    0.000 {method 'index' of 'tuple' objects}
        3    0.000    0.000    0.000    0.000 _parser.py:1013(addgroup)
        1    0.000    0.000    0.000    0.000 grammar.py:9(Symbol)
       10    0.000    0.000    0.000    0.000 evaluator.py:111(_bitwise)
        1    0.000    0.000    0.000    0.000 grammar.py:66(RuleOptions)
        1    0.000    0.000    0.000    0.000 unicode_escape.py:37(getregentry)
        1    0.000    0.000    0.000    0.000 str_format.j2:1(<module>)
        1    0.000    0.000    0.000    0.000 union_type.j2:1(<module>)
        1    0.000    0.000    0.000    0.000 integer.j2:1(<module>)
        1    0.000    0.000    0.000    0.000 c_func_ref.j2:1(<module>)
        1    0.000    0.000    0.000    0.000 decl_class_var.j2:1(<module>)
        1    0.000    0.000    0.000    0.000 continue.j2:1(<module>)
        1    0.000    0.000    0.000    0.000 cast_str_to_str.j2:1(<module>)
        1    0.000    0.000    0.000    0.000 dict_get.j2:1(<module>)
        1    0.000    0.000    0.000    0.000 c_type_expr.j2:1(<module>)
        1    0.000    0.000    0.000    0.000 binary_fill_list.j2:1(<module>)
        1    0.000    0.000    0.000    0.000 lark.py:529(_deserialize_lexer_conf)
        4    0.000    0.000    0.000    0.000 reflections.py:521(on_dict_type)
        1    0.000    0.000    0.000    0.000 lexer.py:542(BasicLexer)
        1    0.000    0.000    0.000    0.000 earley_forest.py:25(SymbolNode)
        1    0.000    0.000    0.000    0.000 visitors.py:74(Transformer)
        1    0.000    0.000    0.000    0.000 constructor.j2:1(<module>)
        1    0.000    0.000    0.000    0.000 _method_body.j2:1(<module>)
        1    0.000    0.000    0.000    0.000 _decl_this_var.j2:1(<module>)
        1    0.000    0.000    0.000    0.000 list_type.j2:1(<module>)
        1    0.000    0.000    0.000    0.000 len.j2:1(<module>)
        1    0.000    0.000    0.000    0.000 while.j2:1(<module>)
        1    0.000    0.000    0.000    0.000 environment.py:1395(make_module)
        1    0.000    0.000    0.000    0.000 __init__.py:1361(getLogger)
        1    0.000    0.000    0.000    0.000 cyk.py:184(CnfWrapper)
        1    0.000    0.000    0.000    0.000 cache.py:5(<generic parameters of EntryCache>)
        1    0.000    0.000    0.000    0.000 lalr_interactive_parser.py:13(InteractiveParser)
        1    0.000    0.000    0.000    0.000 cache.py:5(EntryCache)
        1    0.000    0.000    0.000    0.000 throw.j2:1(<module>)
        1    0.000    0.000    0.000    0.000 str_replace.j2:1(<module>)
        3    0.000    0.000    0.000    0.000 enum.py:1435(_iter_member_by_value_)
        9    0.000    0.000    0.000    0.000 typing.py:1105(__hash__)
        1    0.000    0.000    0.038    0.038 parser.py:127(load)
        1    0.000    0.000    0.000    0.000 earley_common.py:5(Item)
        1    0.000    0.000    0.000    0.000 earley.py:27(Parser)
        1    0.000    0.000    0.000    0.000 _str_format.j2:4(root)
        1    0.000    0.000    0.000    0.000 doc_string.j2:1(<module>)
        1    0.000    0.000    0.000    0.000 template.j2:1(<module>)
        1    0.000    0.000    0.000    0.000 _definition_enum.j2:1(<module>)
        1    0.000    0.000    0.000    0.000 move_assign_dict.j2:1(<module>)
        1    0.000    0.000    0.000    0.000 str_split.j2:1(<module>)
        1    0.000    0.000    0.000    0.000 str_endswith.j2:1(<module>)
        1    0.000    0.000    0.000    0.000 dict_comp.j2:1(<module>)
       32    0.000    0.000    0.000    0.000 <frozen importlib._bootstrap_external>:1604(<genexpr>)
        6    0.000    0.000    0.000    0.000 <frozen importlib._bootstrap_external>:169(_path_isdir)
        6    0.000    0.000    0.000    0.000 typing.py:3119(_get_typeddict_qualifiers)
        3    0.000    0.000    0.000    0.000 nodes.py:637(can_assign)
        2    0.000    0.000    0.000    0.000 compiler.py:736(push_parameter_definitions)
        1    0.000    0.000    0.000    0.000 utils.py:99(SerializeMemoizer)
        1    0.000    0.000    0.000    0.000 visitors.py:360(Visitor)
        1    0.000    0.000    0.000    0.000 utils.py:164(TextSlice)
        1    0.000    0.000    0.000    0.000 load_grammar.py:821(FromPackageLoader)
        1    0.000    0.000    0.000    0.000 parser_frontends.py:58(ParsingFrontend)
        1    0.000    0.000    0.000    0.000 import.j2:1(<module>)
        1    0.000    0.000    0.000    0.000 decl_local_var.j2:1(<module>)
        1    0.000    0.000    0.000    0.000 catch.j2:1(<module>)
        1    0.000    0.000    0.000    0.000 _block_constructor.j2:1(<module>)
        1    0.000    0.000    0.000    0.000 _post_definition.j2:1(<module>)
        1    0.000    0.000    0.000    0.000 cast_enum.j2:1(<module>)
        1    0.000    0.000    0.000    0.000 _statements_enum.j2:1(<module>)
        1    0.000    0.000    0.000    0.000 class_ref.j2:1(<module>)
        1    0.000    0.000    0.000    0.000 cast_bin_to_bin.j2:1(<module>)
     11/4    0.000    0.000    0.000    0.000 <frozen abc>:121(__subclasscheck__)
        1    0.000    0.000    0.000    0.000 __init__.py:600(__init__)
        1    0.000    0.000    0.000    0.000 parser_frontends.py:143(_validate_frontend_args)
        1    0.000    0.000    0.000    0.000 lexer.py:448(LexerThread)
        1    0.000    0.000    0.000    0.000 generic_call.j2:1(<module>)
        1    0.000    0.000    0.000    0.000 try.j2:1(<module>)
        1    0.000    0.000    0.000    0.000 list_copy.j2:1(<module>)
        1    0.000    0.000    0.000    0.000 class_method.j2:1(<module>)
        1    0.000    0.000    0.000    0.000 dict_type.j2:1(<module>)
        1    0.000    0.000    0.000    0.000 str_startswith.j2:1(<module>)
       37    0.000    0.000    0.000    0.000 <frozen importlib._bootstrap_external>:1017(create_module)
        1    0.000    0.000    0.000    0.000 __init__.py:1446(_clear_cache)
        2    0.000    0.000    0.000    0.000 __init__.py:898(_addHandlerRef)
        1    0.000    0.000    0.000    0.000 lark.py:239(deserialize)
        1    0.000    0.000    0.000    0.000 method.j2:1(<module>)
        1    0.000    0.000    0.000    0.000 _signature_common.j2:1(<module>)
        1    0.000    0.000    0.000    0.000 _block.j2:1(<module>)
        1    0.000    0.000    0.000    0.000 comment.j2:1(<module>)
        1    0.000    0.000    0.000    0.000 ternary_operator.j2:1(<module>)
        1    0.000    0.000    0.000    0.000 list_extend.j2:1(<module>)
        1    0.000    0.000    0.000    0.000 semantics.py:24(<lambda>)
        1    0.000    0.000    0.000    0.000 earley_forest.py:364(ForestTransformer)
        1    0.000    0.000    0.000    0.000 parse_tree_builder.py:190(AmbiguousExpander)
        1    0.000    0.000    0.000    0.000 lexer.py:649(ContextualLexer)
        1    0.000    0.000    0.000    0.000 visitors.py:379(Visitor_Recursive)
        1    0.000    0.000    0.000    0.000 decl_this_param.j2:1(<module>)
        1    0.000    0.000    0.000    0.000 anno_assign.j2:1(<module>)
        1    0.000    0.000    0.000    0.000 _initializer.j2:1(<module>)
        1    0.000    0.000    0.000    0.000 _before.j2:1(<module>)
        1    0.000    0.000    0.000    0.000 _lambda_params.j2:1(<module>)
        1    0.000    0.000    0.000    0.000 for_in.j2:1(<module>)
        1    0.000    0.000    0.000    0.000 falsy.j2:1(<module>)
        1    0.000    0.000    0.000    0.000 pair.j2:1(<module>)
        1    0.000    0.000    0.000    0.000 aug_assign.j2:1(<module>)
        1    0.000    0.000    0.000    0.000 callable_type.j2:1(<module>)
        3    0.000    0.000    0.000    0.000 dataclasses.py:383(field)
        1    0.000    0.000    0.000    0.000 dataclasses.py:407(_fields_in_init_order)
        2    0.000    0.000    0.000    0.000 idtracking.py:270(visit_Macro)
        1    0.000    0.000    0.000    0.000 earley_forest.py:110(PackedNode)
        1    0.000    0.000    0.000    0.000 xearley.py:30(Parser)
        1    0.000    0.000    0.000    0.000 argument.j2:1(<module>)
        1    0.000    0.000    0.000    0.000 var.j2:1(<module>)
        1    0.000    0.000    0.000    0.000 var_of_type.j2:1(<module>)
        1    0.000    0.000    0.000    0.000 super.j2:1(<module>)
        1    0.000    0.000    0.000    0.000 custom_type.j2:1(<module>)
        1    0.000    0.000    0.000    0.000 _signature_constructor.j2:1(<module>)
        1    0.000    0.000    0.000    0.000 _return_type.j2:1(<module>)
        1    0.000    0.000    0.000    0.000 _signature_suffix.j2:1(<module>)
        1    0.000    0.000    0.000    0.000 cast_list.j2:1(<module>)
        2    0.000    0.000    0.000    0.000 <frozen _collections_abc>:971(clear)
        1    0.000    0.000    0.000    0.000 dataclasses.py:668(_frozen_get_del_attr)
        1    0.000    0.000    0.000    0.000 grammar_analysis.py:12(RulePtr)
        1    0.000    0.000    0.000    0.000 __init__.py:2128(getLogger)
        1    0.000    0.000    0.000    0.000 _params.j2:1(<module>)
        1    0.000    0.000    0.000    0.000 _definition_class.j2:1(<module>)
        1    0.000    0.000    0.000    0.000 _statements.j2:1(<module>)
        1    0.000    0.000    0.000    0.000 template_class.j2:1(<module>)
        1    0.000    0.000    0.000    0.000 comp_for_range.j2:1(<module>)
        1    0.000    0.000    0.000    0.000 _decl_class_var.j2:1(<module>)
        1    0.000    0.000    0.000    0.000 _assign_dict.j2:1(<module>)
        1    0.000    0.000    0.000    0.000 <frozen importlib._bootstrap>:662(spec_from_loader)
        1    0.000    0.000    0.000    0.000 weakref.py:367(__init__)
        1    0.000    0.000    0.000    0.000 utils.py:389(OrderedSet)
        4    0.000    0.000    0.001    0.000 visitors.py:569(_visitor_args_dec)
        1    0.000    0.000    0.000    0.000 lexer.py:525(AbstractBasicLexer)
        1    0.000    0.000    0.000    0.000 visitors.py:407(Interpreter)
        1    0.000    0.000    0.000    0.000 load_grammar.py:382(SimplifyRule_Visitor)
        1    0.000    0.000    0.000    0.000 import_i18n.j2:1(<module>)
        1    0.000    0.000    0.000    0.000 decorator.j2:1(<module>)
        1    0.000    0.000    0.000    0.000 decl_param.j2:1(<module>)
        1    0.000    0.000    0.000    0.000 _classify.j2:1(<module>)
        1    0.000    0.000    0.000    0.000 _delete.j2:1(<module>)
        3    0.000    0.000    0.000    0.000 threading.py:122(RLock)
        2    0.000    0.000    0.000    0.000 idtracking.py:273(visit_Import)
        1    0.000    0.000    0.000    0.000 common.py:72(ParserConf)
        1    0.000    0.000    0.000    0.000 visitors.py:47(_Decoratable)
        1    0.000    0.000    0.000    0.000 decl_this_var.j2:1(<module>)
        1    0.000    0.000    0.000    0.000 relay_of_type.j2:1(<module>)
        9    0.000    0.000    0.000    0.000 typing.py:1230(<genexpr>)
        2    0.000    0.000    0.000    0.000 weakref.py:495(popitem)
       13    0.000    0.000    0.000    0.000 nodes.py:563(can_assign)
        2    0.000    0.000    0.000    0.000 lexer.py:461(__new__)
        1    0.000    0.000    0.000    0.000 <string>:1(__create_fn__)
        1    0.000    0.000    0.000    0.000 load_grammar.py:616(TerminalTreeToPattern)
        1    0.000    0.000    0.011    0.011 utils.py:114(deserialize)
        1    0.000    0.000    0.000    0.000 resolver.py:8(NodeResolver)
        1    0.000    0.000    0.000    0.000 __init__.py:444(PercentStyle)
        1    0.000    0.000    0.000    0.000 load_grammar.py:197(FindRuleSize)
        1    0.000    0.000    0.000    0.000 types_name.j2:1(<module>)
        1    0.000    0.000    0.000    0.000 decl_this_var_forward.j2:1(<module>)
        1    0.000    0.000    0.000    0.000 null_type.j2:1(<module>)
        1    0.000    0.000    0.000    0.000 transpile.py:193(make_parser_setting)
        1    0.000    0.000    0.000    0.000 <frozen ntpath>:50(normcase)
        1    0.000    0.000    0.000    0.000 dataclasses.py:886(_hash_add)
        1    0.000    0.000    0.000    0.000 __init__.py:1337(Manager)
        1    0.000    0.000    0.000    0.000 lexer.py:410(LexerState)
        1    0.000    0.000    0.000    0.000 tree.py:18(Meta)
        1    0.000    0.000    0.000    0.000 __init__.py:1462(Logger)
        1    0.000    0.000    0.000    0.000 lark.py:40(PostLex)
        1    0.000    0.000    0.000    0.000 load_grammar.py:226(EBNF_to_BNF)
        1    0.000    0.000    0.000    0.000 argument_label.j2:1(<module>)
        1    0.000    0.000    0.000    0.000 this_ref.j2:1(<module>)
        1    0.000    0.000    0.000    0.000 <frozen codecs>:94(__new__)
        3    0.000    0.000    0.000    0.000 enum.py:1445(_iter_member_by_def_)
        1    0.000    0.000    0.000    0.000 copyreg.py:107(_slotnames)
        1    0.000    0.000    0.000    0.000 typing.py:1326(__mro_entries__)
        3    0.000    0.000    0.000    0.000 dataclasses.py:531(_field_init)
        5    0.000    0.000    0.000    0.000 traits.py:34(__init__)
        1    0.000    0.000    0.001    0.001 __init__.py:477(StrFormatStyle)
        1    0.000    0.000    0.000    0.000 lalr_parser.py:73(_Parser)
        1    0.000    0.000    0.000    0.000 cache.py:4(cache_setting)
        1    0.000    0.000    0.000    0.000 string.j2:1(<module>)
        1    0.000    0.000    0.000    0.000 parameter.j2:1(<module>)
        7    0.000    0.000    0.000    0.000 {built-in method sys.intern}
        2    0.000    0.000    0.000    0.000 <frozen importlib._bootstrap_external>:1363(__init__)
        1    0.000    0.000    0.000    0.000 <frozen importlib._bootstrap>:501(_requires_builtin_wrapper)
       19    0.000    0.000    0.000    0.000 annotation.py:5(implements)
        4    0.000    0.000    0.000    0.000 dataclasses.py:673(<genexpr>)
        7    0.000    0.000    0.000    0.000 dataclasses.py:865(_set_new_attribute)
        1    0.000    0.000    0.000    0.000 grammar_analysis.py:140(GrammarAnalyzer)
        1    0.000    0.000    0.000    0.000 truthy.j2:1(<module>)
        1    0.000    0.000    0.000    0.000 _prepare.j2:1(<module>)
        1    0.000    0.000    0.000    0.000 reprlib.py:12(decorating_function)
        4    0.000    0.000    0.000    0.000 compiler.py:749(mark_parameter_stored)
        1    0.000    0.000    0.000    0.000 grammar.py:38(Terminal)
        2    0.000    0.000    0.000    0.000 __init__.py:957(createLock)
        1    0.000    0.000    0.000    0.000 visitors.py:255(TransformerChain)
        1    0.000    0.000    0.000    0.000 weakref.py:289(update)
        6    0.000    0.000    0.000    0.000 compiler.py:699(<genexpr>)
        1    0.000    0.000    0.000    0.000 exceptions.py:211(UnexpectedToken)
        2    0.000    0.000    0.000    0.000 earley_forest.py:461(__init__)
        1    0.000    0.000    0.000    0.000 grammar_analysis.py:52(LR0ItemSet)
        6    0.000    0.000    0.000    0.000 __init__.py:205(_checkLevel)
        1    0.000    0.000    0.000    0.000 lalr_analysis.py:78(IntParseTable)
        1    0.000    0.000    0.000    0.000 {built-in method _winapi.LCMapStringEx}
        1    0.000    0.000    0.000    0.000 <frozen importlib._bootstrap_external>:1318(create_module)
        1    0.000    0.000    0.000    0.000 parser.py:116(LarkStored)
        1    0.000    0.000    0.000    0.000 visitors.py:465(_VArgsWrapper)
        1    0.000    0.000    0.000    0.000 load_grammar.py:495(_ReplaceSymbols)
       14    0.000    0.000    0.000    0.000 {method 'isalnum' of 'str' objects}
        1    0.000    0.000    0.000    0.000 __init__.py:554(Formatter)
        1    0.000    0.000    0.000    0.000 lexer.py:93(PatternRE)
        1    0.000    0.000    0.000    0.000 parser.py:148(EntryStored)
        1    0.000    0.000    0.000    0.000 utils.py:264(Enumerator)
        1    0.000    0.000    0.000    0.000 lexer.py:478(Lexer)
        1    0.000    0.000    0.000    0.000 grammar.py:55(NonTerminal)
        1    0.000    0.000    0.000    0.000 __init__.py:458(validate)
        1    0.000    0.000    0.000    0.000 cyk.py:21(Rule)
        5    0.000    0.000    0.000    0.000 typing.py:1127(_is_typevar_like)
        2    0.000    0.000    0.000    0.000 compiler.py:394(return_buffer_contents)
        1    0.000    0.000    0.000    0.000 lexer.py:76(PatternStr)
        1    0.000    0.000    0.000    0.000 lexer.py:116(TerminalDef)
        1    0.000    0.000    0.000    0.000 exceptions.py:170(UnexpectedCharacters)
        1    0.000    0.000    0.000    0.000 visitors.py:274(Transformer_InPlace)
        7    0.000    0.000    0.000    0.000 __init__.py:432(<genexpr>)
        2    0.000    0.000    0.000    0.000 compiler.py:158(__init__)
        1    0.000    0.000    0.000    0.000 earley_forest.py:480(PackedData)
        1    0.000    0.000    0.000    0.000 visitors.py:494(__set_name__)
        1    0.000    0.000    0.000    0.000 visitors.py:289(Transformer_NonRecursive)
        1    0.000    0.000    0.000    0.000 __init__.py:1490(setLevel)
        2    0.000    0.000    0.000    0.000 {method 'tolist' of 'memoryview' objects}
        6    0.000    0.000    0.000    0.000 {method 'has_default' of 'typing.TypeVar' objects}
        4    0.000    0.000    0.000    0.000 __init__.py:819(__init__)
        1    0.000    0.000    0.000    0.000 unicode_escape.py:13(Codec)
       13    0.000    0.000    0.000    0.000 {method 'isascii' of 'str' objects}
        1    0.000    0.000    0.000    0.000 __init__.py:1277(__init__)
        1    0.000    0.000    0.000    0.000 indenter.py:131(PythonIndenter)
        1    0.000    0.000    0.000    0.000 <frozen importlib._bootstrap_external>:1326(exec_module)
        3    0.000    0.000    0.000    0.000 enum.py:115(_iter_bits_lsb)
        3    0.000    0.000    0.000    0.000 _parser.py:294(seek)
        3    0.000    0.000    0.000    0.000 annotation.py:16(duck_typed)
        1    0.000    0.000    0.000    0.000 dataclasses.py:416(_tuple_str)
        1    0.000    0.000    0.000    0.000 ast.py:1831(__getattr__)
        1    0.000    0.000    0.000    0.000 cyk.py:79(Parser)
        1    0.000    0.000    0.000    0.000 load_grammar.py:440(PrepareAnonTerminals)
        1    0.000    0.000    0.000    0.000 __init__.py:511(StringTemplateStyle)
        2    0.000    0.000    0.000    0.000 typing.py:1973(_caller)
        1    0.000    0.000    0.000    0.000 <frozen importlib._bootstrap>:989(create_module)
        3    0.000    0.000    0.000    0.000 dataclasses.py:691(_is_classvar)
        3    0.000    0.000    0.000    0.000 dataclasses.py:519(_field_assign)
        2    0.000    0.000    0.000    0.000 compiler.py:745(pop_parameter_definitions)
        3    0.000    0.000    0.000    0.000 cvars.py:203(name_to_type)
        1    0.000    0.000    0.000    0.000 __init__.py:1342(__init__)
        1    0.000    0.000    0.000    0.000 __init__.py:451(__init__)
        1    0.000    0.000    0.000    0.000 lexer.py:356(Scanner)
        1    0.000    0.000    0.000    0.000 earley_forest.py:204(ForestVisitor)
        1    0.000    0.000    0.000    0.000 earley_forest.py:174(TokenNode)
        2    0.000    0.000    0.000    0.000 earley_forest.py:223(__init__)
        4    0.000    0.000    0.000    0.000 dataclasses.py:411(<genexpr>)
        1    0.000    0.000    0.000    0.000 py2cpp.py:258(__accessible_name_for_function)
        1    0.000    0.000    0.000    0.000 __init__.py:286(LogRecord)
        1    0.000    0.000    0.000    0.000 __init__.py:1271(_StderrHandler)
        1    0.000    0.000    0.000    0.000 exceptions.py:146(UnexpectedEOF)
        1    0.000    0.000    0.000    0.000 earley_forest.py:445(ForestSumVisitor)
        1    0.000    0.000    0.000    0.000 parser_frontends.py:194(EarleyRegexpMatcher)
        1    0.000    0.000    0.000    0.000 earley_common.py:1(<module>)
        1    0.000    0.000    0.000    0.000 lalr_analysis.py:21(Action)
        1    0.000    0.000    0.000    0.000 earley_forest.py:725(ForestToPyDotVisitor)
        1    0.000    0.000    0.000    0.000 lexer.py:274(LineCounter)
        3    0.000    0.000    0.000    0.000 {method 'get' of 'mappingproxy' objects}
        4    0.000    0.000    0.000    0.000 {built-in method sys._getframemodulename}
        1    0.000    0.000    0.000    0.000 __init__.py:1409(_fixupParents)
        1    0.000    0.000    0.000    0.000 trait.py:60(__init__)
        1    0.000    0.000    0.000    0.000 dataclasses.py:646(<genexpr>)
        2    0.000    0.000    0.000    0.000 lexer.py:259(__init__)
        1    0.000    0.000    0.000    0.000 runtime.py:247(get_exported)
        1    0.000    0.000    0.000    0.000 traits.py:16(export_classes)
        1    0.000    0.000    0.000    0.000 __init__.py:1119(__init__)
        1    0.000    0.000    0.000    0.000 __init__.py:1835(__init__)
        1    0.000    0.000    0.000    0.000 exceptions.py:263(VisitError)
        1    0.000    0.000    0.000    0.000 lalr_analysis.py:39(__init__)
        1    0.000    0.000    0.000    0.000 lexer.py:307(UnlessCallback)
        1    0.000    0.000    0.000    0.000 getpass.py:25(GetPassWarning)
        1    0.000    0.000    0.000    0.000 cyk.py:215(UnitSkipRule)
        1    0.000    0.000    0.000    0.000 lalr_interactive_parser.py:130(ImmutableInteractiveParser)
        2    0.000    0.000    0.000    0.000 lalr_analysis.py:22(__init__)
        2    0.000    0.000    0.000    0.000 {method 'setter' of 'property' objects}
        2    0.000    0.000    0.000    0.000 {method 'popitem' of 'dict' objects}
        2    0.000    0.000    0.000    0.000 enum.py:1452(<lambda>)
        2    0.000    0.000    0.000    0.000 functools.py:871(_is_valid_dispatch_type)
        2    0.000    0.000    0.000    0.000 typing.py:1754(<genexpr>)
        3    0.000    0.000    0.000    0.000 dataclasses.py:591(_init_param)
        5    0.000    0.000    0.000    0.000 statement_compound.py:292(declare)
        1    0.000    0.000    0.000    0.000 visitors.py:21(_DiscardType)
        1    0.000    0.000    0.000    0.000 __init__.py:2264(NullHandler)
        1    0.000    0.000    0.000    0.000 parse_tree_builder.py:331(ParseTreeBuilder)
        1    0.000    0.000    0.000    0.000 visitors.py:579(CollapseAmbiguities)
        1    0.000    0.000    0.000    0.000 load_grammar.py:427(RuleTreeToText)
        1    0.000    0.000    0.000    0.000 __init__.py:1189(FileHandler)
        1    0.000    0.000    0.000    0.000 cyk.py:49(Grammar)
        1    0.000    0.000    0.000    0.000 lalr_analysis.py:70(ParseTable)
        2    0.000    0.000    0.000    0.000 {built-in method _sre.template}
        1    0.000    0.000    0.000    0.000 reprlib.py:9(recursive_repr)
        3    0.000    0.000    0.000    0.000 dataclasses.py:288(__init__)
        1    0.000    0.000    0.000    0.000 <string>:2(__init__)
        1    0.000    0.000    0.000    0.000 __init__.py:735(BufferingFormatter)
        1    0.000    0.000    0.000    0.000 __init__.py:814(Filterer)
        1    0.000    0.000    0.000    0.000 visitors.py:513(v_args)
        1    0.000    0.000    0.000    0.000 __init__.py:1682(addHandler)
        1    0.000    0.000    0.000    0.000 parser.py:20(__init__)
        1    0.000    0.000    0.000    0.000 parser_frontends.py:162(PostLexConnector)
        1    0.000    0.000    0.000    0.000 earley_forest.py:106(StableSymbolNode)
        1    0.000    0.000    0.000    0.000 parse_tree_builder.py:28(PropagatePositions)
        1    0.000    0.000    0.000    0.000 earley_forest.py:22(ForestNode)
        1    0.000    0.000    0.000    0.000 load_grammar.py:908(PrepareGrammar)
        1    0.000    0.000    0.000    0.000 load_grammar.py:1079(Definition)
        1    0.000    0.000    0.000    0.000 {built-in method time.time_ns}
        2    0.000    0.000    0.000    0.000 {method 'cast' of 'memoryview' objects}
        4    0.000    0.000    0.000    0.000 annotation.py:41(injectable)
        3    0.000    0.000    0.000    0.000 dataclasses.py:699(_is_initvar)
        1    0.000    0.000    0.000    0.000 dataclasses.py:1277(dataclass)
        4    0.000    0.000    0.000    0.000 dataclasses.py:1172(<genexpr>)
        1    0.000    0.000    0.000    0.000 exceptions.py:11(LarkError)
        3    0.000    0.000    0.000    0.000 exceptions.py:19(assert_config)
        1    0.000    0.000    0.000    0.000 persistent.py:53(__init__)
        1    0.000    0.000    0.000    0.000 utils.py:319(fzset)
        1    0.000    0.000    0.000    0.000 semantics.py:15(trait_provider)
        1    0.000    0.000    0.000    0.000 visitors.py:345(VisitorBase)
        1    0.000    0.000    0.000    0.000 lalr_parser.py:78(__init__)
        1    0.000    0.000    0.000    0.000 parse_tree_builder.py:83(make_propagate_positions)
        1    0.000    0.000    0.000    0.000 tree.py:229(SlottedTree)
        1    0.000    0.000    0.000    0.000 __init__.py:1829(RootLogger)
        1    0.000    0.000    0.000    0.000 load_grammar.py:513(ApplyTemplates)
        1    0.000    0.000    0.000    0.000 load_grammar.py:599(PrepareLiterals)
        1    0.000    0.000    0.000    0.000 load_grammar.py:667(ValidateSymbols)
        1    0.000    0.000    0.000    0.000 lexer.py:318(CallChain)
        1    0.000    0.000    0.000    0.000 parse_tree_builder.py:16(ExpandSingleChild)
        1    0.000    0.000    0.000    0.000 parse_tree_builder.py:117(ChildFilterLALR)
        1    0.000    0.000    0.000    0.000 parse_tree_builder.py:139(ChildFilterLALR_NoPlaceholders)
        1    0.000    0.000    0.000    0.000 indenter.py:12(DedentError)
        1    0.000    0.000    0.000    0.000 unicode_escape.py:20(IncrementalEncoder)
        1    0.000    0.000    0.000    0.000 <frozen abc>:146(update_abstractmethods)
        1    0.000    0.000    0.000    0.000 <frozen importlib._bootstrap>:997(exec_module)
        2    0.000    0.000    0.000    0.000 <frozen _collections_abc>:439(__subclasshook__)
        2    0.000    0.000    0.000    0.000 typing.py:3155(<genexpr>)
        4    0.000    0.000    0.000    0.000 dataclasses.py:1111(<genexpr>)
        1    0.000    0.000    0.000    0.000 ast.py:18(source_provider)
        1    0.000    0.000    0.000    0.000 cache.py:218(__init__)
        1    0.000    0.000    0.000    0.000 parse_tree_builder.py:230(AmbiguousIntermediateExpander)
        1    0.000    0.000    0.000    0.000 visitors.py:243(InlineTransformer)
        1    0.000    0.000    0.000    0.000 parser_frontends.py:163(__init__)
        1    0.000    0.000    0.000    0.000 cyk.py:66(RuleNode)
        1    0.000    0.000    0.000    0.000 __init__.py:777(Filter)
        1    0.000    0.000    0.000    0.000 __init__.py:1295(PlaceHolder)
        1    0.000    0.000    0.000    0.000 __init__.py:1357(disable)
        1    0.000    0.000    0.000    0.000 parse_tree_builder.py:94(ChildFilter)
        1    0.000    0.000    0.000    0.000 {method 'setdefault' of 'dict' objects}
        1    0.000    0.000    0.000    0.000 {built-in method _imp.exec_builtin}
        1    0.000    0.000    0.000    0.000 typing.py:3719(override)
        1    0.000    0.000    0.000    0.000 dataclasses.py:412(<genexpr>)
        3    0.000    0.000    0.000    0.000 dataclasses.py:705(_is_kw_only)
        1    0.000    0.000    0.000    0.000 exceptions.py:15(ConfigurationError)
        1    0.000    0.000    0.000    0.000 exceptions.py:288(MissingVariableError)
        1    0.000    0.000    0.000    0.000 <string>:1(<module>)
        1    0.000    0.000    0.000    0.000 visitors.py:336(Transformer_InPlaceRecursive)
        1    0.000    0.000    0.000    0.000 indenter.py:83(always_accept)
        3    0.000    0.000    0.000    0.000 visitors.py:70(__class_getitem__)
        1    0.000    0.000    0.000    0.000 grammar.py:15(__init__)
        1    0.000    0.000    0.000    0.000 load_grammar.py:835(__init__)
        1    0.000    0.000    0.000    0.000 serializer.py:25(__init__)
        1    0.000    0.000    0.000    0.000 unicode_escape.py:24(IncrementalDecoder)
        1    0.000    0.000    0.000    0.000 unicode_escape.py:31(StreamReader)
        1    0.000    0.000    0.000    0.000 {built-in method atexit.register}
        2    0.000    0.000    0.000    0.000 {method 'isdisjoint' of 'set' objects}
        1    0.000    0.000    0.000    0.000 {built-in method builtins.vars}
        1    0.000    0.000    0.000    0.000 <frozen importlib._bootstrap_external>:1307(__init__)
        2    0.000    0.000    0.000    0.000 <frozen importlib._bootstrap_external>:1439(exec_module)
        1    0.000    0.000    0.000    0.000 annotation.py:24(decorator)
        1    0.000    0.000    0.000    0.000 dataclasses.py:429(__init__)
        1    0.000    0.000    0.000    0.000 dataclasses.py:351(__init__)
        1    0.000    0.000    0.000    0.000 parser.py:119(__init__)
        1    0.000    0.000    0.000    0.000 exceptions.py:28(ParseError)
        1    0.000    0.000    0.000    0.000 exceptions.py:24(GrammarError)
        1    0.000    0.000    0.000    0.000 exceptions.py:32(LexError)
        2    0.000    0.000    0.000    0.000 __init__.py:257(_register_at_fork_reinit_lock)
        1    0.000    0.000    0.000    0.000 earley_forest.py:485(_NoData)
        1    0.000    0.000    0.000    0.000 unicode_escape.py:28(StreamWriter)
        2    0.000    0.000    0.000    0.000 {method 'clear' of 'dict' objects}
        1    0.000    0.000    0.000    0.000 <frozen importlib._bootstrap>:1014(is_package)


