         265982972 function calls (253282404 primitive calls) in 97.640 seconds

   Ordered by: internal time

   ncalls  tottime  percall  cumtime  percall filename:lineno(function)
   648716    3.896    0.000    6.009    0.000 cache.py:74(add)
  8467549    3.058    0.000    4.367    0.000 dsn.py:28(join)
16415567/16360253    2.589    0.000    4.993    0.000 {method 'join' of 'str' objects}
  1745352    1.824    0.000    3.991    0.000 module.py:32(full_joined)
3863661/3188900    1.641    0.000   24.390    0.000 memo2.py:35(get)
673697/670119    1.637    0.000   21.446    0.000 di.py:142(invoke)
  6513690    1.493    0.000    1.493    0.000 {method 'split' of 'str' objects}
   197411    1.453    0.000    3.903    0.000 runtime.py:93(new_context)
3568480/1714360    1.333    0.000    2.540    0.000 reflection.py:337(types)
17329594/17329351    1.260    0.000    1.260    0.000 {built-in method builtins.len}
1060383/989225    1.248    0.000   19.423    0.000 resolver.py:33(resolve)
1018001/315080    1.201    0.000    2.381    0.000 cache.py:49(group_by)
648716/510    1.159    0.000    3.412    0.007 finder.py:90(full_pathfy)
1345854/1340229    1.145    0.000   16.228    0.000 di.py:359(resolve)
  9753270    1.143    0.000    1.225    0.000 {built-in method builtins.isinstance}
  2010652    1.135    0.000    2.671    0.000 path.py:47(elements)
  3112167    1.093    0.000    1.884    0.000 module.py:89(parsed)
  1617788    1.078    0.000    6.300    0.000 module.py:146(join)
  3365400    1.070    0.000    2.430    0.000 di.py:321(__symbolize)
  2400296    1.065    0.000    1.763    0.000 dsn.py:16(elements)
  1422454    1.060    0.000    1.060    0.000 {method 'sub' of 're.Pattern' objects}
8535593/4169557    1.051    0.000   19.113    0.000 {built-in method builtins.getattr}
648716/510    1.014    0.000    1.502    0.003 entry.py:164(__loads)
  2437861    0.961    0.000    2.100    0.000 path.py:57(joined)
  6066308    0.928    0.000    1.440    0.000 di.py:104(_acceptable_symbol)
  4167869    0.889    0.000    1.222    0.000 reflection.py:355(origin)
  2775510    0.852    0.000    2.503    0.000 module.py:125(__init__)
415075/200060    0.842    0.000   61.691    0.000 procedure.py:136(__run_action)
  3880325    0.830    0.000    0.830    0.000 __init__.py:1013(__getitem__)
   230736    0.826    0.000    9.272    0.000 finder.py:110(__make_scopes)
  1454272    0.820    0.000    2.076    0.000 path.py:10(join)
     1020    0.774    0.001    0.774    0.001 decoder.py:351(raw_decode)
1249905/1227206    0.748    0.000   21.145    0.000 node.py:348(_children)
   586890    0.740    0.000    1.669    0.000 finder.py:124(__allow_scope)
  1327627    0.728    0.000    4.122    0.000 node.py:382(_values)
  1416979    0.726    0.000    2.520    0.000 __init__.py:183(sub)
  2014946    0.723    0.000    2.481    0.000 di.py:300(can_resolve)
   664270    0.719    0.000    5.604    0.000 finder.py:193(__each_find_raw)
  1335705    0.710    0.000    3.245    0.000 query.py:196(values)
  4039368    0.672    0.000    0.672    0.000 module.py:57(to_fullyname)
  6700922    0.656    0.000    0.656    0.000 {method 'pop' of 'list' objects}
1249905/1227206    0.655    0.000   19.379    0.000 query.py:134(children)
  4365075    0.652    0.000    0.652    0.000 cache.py:14(exists)
   912725    0.644    0.000    3.533    0.000 path.py:170(shift)
   356970    0.634    0.000    0.831    0.000 reflection.py:321(__init__)
   763114    0.613    0.000    0.765    0.000 node.py:31(__init__)
  1700355    0.598    0.000    1.357    0.000 module.py:53(local_joined)
  1327627    0.581    0.000    4.875    0.000 node.py:168(tokens)
55203/55202    0.573    0.000    0.625    0.000 {built-in method builtins.__build_class__}
  2154937    0.569    0.000    0.931    0.000 cache.py:34(by)
3863661/3188900    0.559    0.000   23.121    0.000 memo2.py:16(get)
   421237    0.556    0.000    0.805    0.000 finder.py:130(__aligned_children)
   352624    0.545    0.000    0.595    0.000 __init__.py:1027(__iter__)
   415075    0.544    0.000    2.452    0.000 procedure.py:176(__make_event)
  2697328    0.518    0.000    1.130    0.000 di.py:131(__find_symbol)
   431832    0.503    0.000    4.896    0.000 finder.py:59(by_standard)
1060383/989225    0.503    0.000   20.169    0.000 query.py:30(__resolve)
  2357305    0.502    0.000    0.516    0.000 entry.py:26(name)
   592532    0.499    0.000    1.081    0.000 node.py:178(prop_keys)
  1435090    0.499    0.000    0.757    0.000 __init__.py:330(_compile)
   589315    0.492    0.000    2.677    0.000 string.py:15(snakelize)
415075/200060    0.484    0.000   61.090    0.000 procedure.py:150(__emit)
   236868    0.477    0.000    3.560    0.000 node.py:173(parent)
415123/200060    0.472    0.000   59.200    0.000 middleware.py:110(__emit)
  1861602    0.462    0.000    0.705    0.000 {built-in method builtins.hasattr}
   139097    0.458    0.000    5.715    0.000 traits.py:59(actualize)
424024/104970    0.439    0.000   19.058    0.000 node.py:236(procedural)
   197411    0.437    0.000    0.857    0.000 runtime.py:165(__init__)
   893745    0.432    0.000    1.721    0.000 path.py:76(last)
   230736    0.430    0.000   16.123    0.000 finder.py:94(find_by_symbolic)
154906/135202    0.423    0.000   18.021    0.000 query.py:145(factory)
415075/200060    0.417    0.000   62.861    0.000 procedure.py:118(__action)
848078/484860    0.413    0.000    0.645    0.000 reflection.py:370(attrs)
      510    0.405    0.001    0.405    0.001 db.py:114(has_module)
   418780    0.401    0.000    0.641    0.000 node.py:64(__eq__)
  5015947    0.393    0.000    0.393    0.000 base.py:208(active)
268903/80470    0.388    0.000    0.984    0.000 sequence.py:32(expand)
249146/246986    0.386    0.000    0.893    0.000 runtime.py:262(call)
  3014517    0.380    0.000    0.380    0.000 {method 'append' of 'list' objects}
  3327011    0.365    0.000    0.365    0.000 node.py:88(full_path)
   178139    0.347    0.000    0.347    0.000 {method 'remove' of 'collections.deque' objects}
957757/824221    0.341    0.000    4.376    0.000 node.py:129(scope)
   365799    0.338    0.000    0.537    0.000 reflection.py:240(__getattr__)
746212/731446    0.323    0.000    4.940    0.000 query.py:52(by)
1345854/1340229    0.323    0.000   13.046    0.000 di.py:83(resolve)
365799/353299    0.307    0.000   17.161    0.000 trait.py:132(<lambda>)
605125/590359    0.307    0.000    5.392    0.000 node.py:288(_by)
  1410440    0.299    0.000    0.299    0.000 db.py:64(__contains__)
   572402    0.292    0.000    3.013    0.000 path.py:103(parent_tag)
   627693    0.291    0.000    5.473    0.000 finder.py:160(__find_raw)
   109438    0.290    0.000    2.862    0.000 primary.py:814(is_decl_local_var)
   227285    0.290    0.000    0.910    0.000 reflection.py:115(stack)
   893745    0.290    0.000    0.424    0.000 path.py:112(__break_tag)
  4035538    0.289    0.000    0.597    0.000 <frozen _collections_abc>:873(__iter__)
   139624    0.288    0.000    2.679    0.000 query.py:77(factory)
   344601    0.286    0.000    0.443    0.000 node.py:430(one_of)
550726/546257    0.284    0.000   10.668    0.000 node.py:300(_at)
  1350454    0.279    0.000    0.855    0.000 di.py:32(__inner_binded)
   536285    0.278    0.000    1.002    0.000 node.py:278(_exists)
225390/177094    0.278    0.000   17.971    0.000 defer.py:55(__getattribute__)
  1811000    0.274    0.000    0.274    0.000 {method 'find' of 'str' objects}
  3311758    0.268    0.000    0.268    0.000 path.py:34(__init__)
  1345854    0.267    0.000    1.118    0.000 di.py:21(can_resolve)
   362088    0.254    0.000    5.494    0.000 reflections.py:60(type_is)
   295030    0.252    0.000    2.783    0.000 statement_compound.py:346(_dig_embedder)
   198287    0.241    0.000    0.649    0.000 utils.py:497(__getitem__)
   201623    0.241    0.000    0.241    0.000 {built-in method __new__ of type object at 0x00007FFC2DB528A0}
  1721956    0.239    0.000    0.239    0.000 {method 'items' of 'dict' objects}
  1204208    0.234    0.000    0.332    0.000 node.py:415(as_a)
  2490450    0.232    0.000    0.232    0.000 procedure.py:94(__stack)
  2021596    0.231    0.000    0.231    0.000 di.py:311(__can_resolve)
   421237    0.228    0.000    0.269    0.000 entry.py:43(children)
    45334    0.225    0.000   10.185    0.000 reflections.py:425(on_relay)
   177457    0.223    0.000   18.397    0.000 node.py:255(__prop_expand)
   156749    0.221    0.000    1.764    0.000 query.py:205(factory)
   352929    0.220    0.000    1.378    0.000 statement_compound.py:305(decorators)
   242956    0.218    0.000    0.352    0.000 trait.py:84(implements)
   155212    0.218    0.000    7.966    0.000 render.py:59(render)
   155212    0.217    0.000    6.631    0.000 environment.py:1272(render)
   534271    0.215    0.000    2.626    0.000 node.py:98(classification)
26979/26957    0.208    0.000   17.002    0.001 py2cpp.py:827(on_relay)
415123/200060    0.202    0.000   59.303    0.000 middleware.py:99(emit)
   242956    0.201    0.000    0.596    0.000 reflection.py:191(impl)
  1083033    0.201    0.000    0.323    0.000 node.py:405(is_a)
  1102697    0.201    0.000    0.201    0.000 {method 'count' of 'str' objects}
104816/271    0.198    0.000   80.398    0.297 procedure.py:72(__exec_impl)
   431193    0.196    0.000    0.327    0.000 dsn.py:4(elem_counts)
  1456697    0.194    0.000    0.194    0.000 {method 'values' of 'dict' objects}
    27812    0.188    0.000    0.635    0.000 template.py:283(_normalize_props)
    28077    0.186    0.000    0.335    0.000 template.py:49(__init__)
     1959    0.175    0.000    0.175    0.000 {built-in method _io.open}
   870116    0.168    0.000    0.168    0.000 db.py:18(__getitem__)
   230736    0.166    0.000    0.473    0.000 module.py:101(expanded)
   310259    0.163    0.000    0.266    0.000 procedure.py:212(__stack_pop)
   108073    0.162    0.000    0.392    0.000 reflection.py:126(to)
   287568    0.161    0.000    0.282    0.000 procedure.py:200(__is_prop_list_by)
    55044    0.157    0.000    1.145    0.000 node.py:477(dirty_proxify)
      510    0.151    0.000    9.574    0.019 query.py:16(__init__)
   189627    0.149    0.000    3.209    0.000 statement_compound.py:582(symbol)
   123435    0.147    0.000    2.236    0.000 traits.py:140(_actualize_type)
   177457    0.142    0.000   18.028    0.000 node.py:270(__prop_of_nodes)
   431832    0.139    0.000    5.035    0.000 reflections.py:83(from_standard)
   162751    0.138    0.000    0.424    0.000 default.j2:4(root)
   706969    0.137    0.000    0.137    0.000 {method 'update' of 'dict' objects}
   238304    0.136    0.000    0.595    0.000 path.py:146(de_identify)
  1714790    0.136    0.000    0.136    0.000 reflection.py:292(types)
   198130    0.135    0.000    1.242    0.000 environment.py:953(_load_template)
   536285    0.132    0.000    0.246    0.000 query.py:41(exists)
   236868    0.131    0.000    3.053    0.000 query.py:66(parent)
415075/200060    0.131    0.000   62.924    0.000 procedure.py:110(__process)
   750571    0.130    0.000    0.130    0.000 entry.py:55(value)
  1038154    0.129    0.000    0.129    0.000 {method 'endswith' of 'str' objects}
   206660    0.126    0.000    0.136    0.000 node.py:494(__getattribute__)
    66564    0.126    0.000    1.138    0.000 template.py:227(unpack_templates)
   230477    0.125    0.000    4.399    0.000 statement_compound.py:277(domain_name)
134412/50030    0.119    0.000    3.757    0.000 node.py:132(factory)
   235013    0.119    0.000    2.421    0.000 statement_compound.py:330(actual_symbol)
   661143    0.119    0.000    0.119    0.000 runtime.py:229(resolve_or_missing)
   242966    0.116    0.000    0.116    0.000 {method 'mro' of 'type' objects}
   185714    0.115    0.000    6.396    0.000 primary.py:233(receiver)
   853531    0.112    0.000    0.112    0.000 node.py:83(module_path)
   241504    0.111    0.000    1.112    0.000 element.py:60(path)
   230750    0.111    0.000    0.951    0.000 statement_compound.py:590(decorators)
   198130    0.107    0.000    1.379    0.000 environment.py:978(get_template)
  1665285    0.107    0.000    0.107    0.000 typing.py:2371(cast)
   888918    0.107    0.000    0.107    0.000 {method 'startswith' of 'str' objects}
    28103    0.106    0.000    3.338    0.000 serializer.py:63(deserialize)
    75551    0.106    0.000    6.465    0.000 reflections.py:452(on_var)
   467103    0.104    0.000    0.181    0.000 query.py:147(<lambda>)
   589385    0.104    0.000    0.104    0.000 {method 'lower' of 'str' objects}
104816/271    0.102    0.000   80.404    0.297 procedure.py:55(exec)
209927/188039    0.101    0.000   16.610    0.000 reflections.py:245(__resolve_raw)
    11865    0.101    0.000    7.427    0.001 py2cpp.py:1212(analyze_func_call_spec)
    24663    0.101    0.000    7.176    0.000 py2cpp.py:922(on_var)
   120415    0.099    0.000    0.099    0.000 defer.py:46(__init__)
   334801    0.096    0.000    0.144    0.000 resolver.py:93(resolve)
   365799    0.096    0.000    0.096    0.000 trait.py:117(get)
   147994    0.096    0.000    7.632    0.000 py2cpp.py:153(render)
    53746    0.094    0.000    0.528    0.000 primary.py:746(is_decl_this_var)
60017/59959    0.093    0.000    3.056    0.000 naming.py:57(domain_name)
    98012    0.093    0.000    0.180    0.000 traits.py:119(_actualize_self)
   505655    0.092    0.000    0.152    0.000 utils.py:81(from_obj)
110619/109377    0.090    0.000   31.163    0.000 reflections.py:107(type_of)
    28103    0.089    0.000    0.269    0.000 serializer.py:90(_deserialize_attrs)
   451406    0.087    0.000    0.087    0.000 middleware.py:89(usable)
   168774    0.087    0.000    0.684    0.000 primary.py:240(prop)
    13825    0.087    0.000    0.087    0.000 {built-in method nt._path_isfile}
   527122    0.087    0.000    0.087    0.000 resolver.py:54(can_resolve)
   419980    0.087    0.000    0.124    0.000 node.py:153(can_expand)
    67108    0.084    0.000    5.851    0.000 traits.py:242(prop_of)
   197411    0.083    0.000    3.985    0.000 environment.py:1378(new_context)
   763624    0.081    0.000    0.081    0.000 memo2.py:31(__init__)
   311311    0.079    0.000    0.771    0.000 path.py:94(last_tag)
   650690    0.078    0.000    0.078    0.000 entry.py:37(has_child)
   974554    0.078    0.000    0.078    0.000 reflection.py:97(_traits)
   120415    0.076    0.000    0.185    0.000 defer.py:19(new)
   104816    0.075    0.000    0.118    0.000 procedure.py:99(__result)
    71031    0.074    0.000    1.504    0.000 primary.py:534(arguments)
    22566    0.074    0.000    1.596    0.000 template.py:165(returns)
   861605    0.073    0.000    0.073    0.000 reflection.py:343(decl)
   107612    0.072    0.000    0.125    0.000 path.py:21(identify)
   197568    0.072    0.000    0.098    0.000 nodes.py:76(__init__)
    28031    0.072    0.000    0.772    0.000 template.py:431(build)
   188039    0.071    0.000   16.681    0.000 reflections.py:228(resolve)
    11865    0.070    0.000    9.340    0.001 py2cpp.py:1036(on_func_call)
   110579    0.069    0.000    2.211    0.000 traits.py:101(_actualize_nullable)
   511366    0.069    0.000    0.069    0.000 {method 'pop' of 'dict' objects}
   596650    0.068    0.000    0.068    0.000 memo2.py:7(__init__)
   155933    0.068    0.000    0.086    0.000 <frozen _collections_abc>:823(keys)
   720431    0.065    0.000    0.065    0.000 convertion.py:4(safe_cast)
   129763    0.065    0.000    2.009    0.000 traits.py:47(type_is)
   188373    0.064    0.000    0.221    0.000 path.py:42(valid)
    65614    0.064    0.000    0.193    0.000 embed.py:170(dig_for_method)
    53807    0.062    0.000    0.125    0.000 dsn.py:111(relativefy)
    29869    0.062    0.000    0.344    0.000 finder.py:238(__find_library_raw)
   513495    0.060    0.000    0.060    0.000 {method 'keys' of 'dict' objects}
    65614    0.060    0.000    0.106    0.000 embed.py:98(get_from_method)
    38468    0.060    0.000    0.888    0.000 node.py:503(dirty_child)
   179700    0.060    0.000    0.060    0.000 {method 'replace' of 'str' objects}
   121538    0.059    0.000    0.596    0.000 statement_compound.py:428(decorators)
    38725    0.058    0.000    1.818    0.000 primary.py:313(domain_name)
     1567    0.058    0.000    0.058    0.000 {method 'read' of '_io.BufferedReader' objects}
    32791    0.058    0.000    0.076    0.000 node.py:222(__embed_classes)
   192321    0.057    0.000    0.096    0.000 resolver.py:23(can_resolve)
    35075    0.057    0.000    0.318    0.000 primary.py:705(is_decl_class_var)
   267454    0.056    0.000    0.111    0.000 environment.py:482(getattr)
   198287    0.056    0.000    0.705    0.000 utils.py:463(get)
   415075    0.056    0.000    0.056    0.000 procedure.py:223(__put_log_action)
    57893    0.056    0.000    0.967    0.000 primary.py:769(is_param_class)
   101800    0.056    0.000    0.555    0.000 statement_simple.py:13(receivers)
   222240    0.056    0.000    0.056    0.000 {method 'get' of 'dict' objects}
60017/59959    0.054    0.000    2.374    0.000 naming.py:119(__alias_or_domain_name)
    74845    0.053    0.000    0.428    0.000 primary.py:838(in_decl_class_type)
    28031    0.053    0.000    0.253    0.000 traits.py:462(_build_schema)
   155923    0.053    0.000    0.281    0.000 lexer.py:213(_future_new)
    26387    0.052    0.000    1.777    0.000 primary.py:222(match_feature)
    13906    0.052    0.000    0.828    0.000 template.py:251(make_updates)
    34754    0.052    0.000    0.216    0.000 primary.py:719(is_decl_this_var_forward)
    23980    0.051    0.000    2.759    0.000 traits.py:378(returns)
   155923    0.051    0.000    0.331    0.000 lexer.py:202(__new__)
   208687    0.051    0.000    0.072    0.000 enum.py:199(__get__)
   363461    0.050    0.000    0.050    0.000 reflection.py:17(__init__)
    57115    0.050    0.000    0.473    0.000 primary.py:784(is_param_this)
7082/4663    0.050    0.000    1.818    0.000 py2cpp.py:209(to_accessible_name)
   354176    0.050    0.000    0.050    0.000 {built-in method builtins.iter}
   356970    0.048    0.000    0.048    0.000 base.py:181(__init__)
    16478    0.048    0.000    0.272    0.000 statement_compound.py:317(statements)
    53233    0.048    0.000    0.414    0.000 primary.py:799(is_param)
    36577    0.048    0.000    0.486    0.000 finder.py:175(__find_raw_for_type)
   365799    0.047    0.000    0.047    0.000 trait.py:107(has_method)
    46792    0.047    0.000    0.510    0.000 statement_compound.py:485(_has_annotation)
    25276    0.046    0.000    0.247    0.000 custom_type.j2:4(root)
    55044    0.046    0.000    0.046    0.000 node.py:493(Proxy)
    68818    0.045    0.000    0.373    0.000 primary.py:869(in_decl_import)
    29869    0.044    0.000    0.153    0.000 finder.py:216(__find_imported_raw)
    41238    0.044    0.000    0.675    0.000 method.j2:4(root)
      177    0.044    0.000    0.044    0.000 {built-in method builtins.compile}
     1996    0.044    0.000    0.044    0.000 {method '__exit__' of '_io._IOBase' objects}
    96523    0.043    0.000    0.232    0.000 traits.py:155(_actualize_template)
    40302    0.043    0.000    0.301    0.000 element.py:65(arguments)
    28103    0.042    0.000    0.042    0.000 db.py:125(completed)
    49326    0.042    0.000    0.057    0.000 var.j2:4(root)
    44184    0.041    0.000    0.087    0.000 dsn.py:53(right)
    19920    0.041    0.000    0.053    0.000 di.py:202(__assert_invoke)
   174577    0.041    0.000    0.047    0.000 {built-in method builtins.any}
   648716    0.041    0.000    0.041    0.000 entry.py:12(__init__)
    28031    0.041    0.000    0.855    0.000 traits.py:452(_build_helper)
   363461    0.041    0.000    0.041    0.000 reflection.py:43(__init__)
    56896    0.040    0.000    0.340    0.000 primary.py:850(in_decl_alt_class_type)
   155213    0.040    0.000    0.075    0.000 __init__.py:1036(__bool__)
    80470    0.039    0.000    1.024    0.000 template.py:240(unpack_symbols)
     3441    0.039    0.000    0.247    0.000 py2cpp.py:764(on_import)
    97161    0.038    0.000    0.205    0.000 traits.py:171(_actualize_alt)
    11058    0.038    0.000    5.421    0.000 py2cpp.py:982(on_var_of_type)
    83051    0.038    0.000    1.804    0.000 primary.py:130(match_feature)
    45386    0.037    0.000    0.834    0.000 statement_compound.py:420(symbol)
    59918    0.037    0.000    0.197    0.000 module.py:18(full_join)
    86437    0.037    0.000    0.061    0.000 i18n.py:38(t)
    32673    0.037    0.000    2.895    0.000 primary.py:22(label)
   147994    0.037    0.000    0.037    0.000 middleware.py:34(usable)
    49715    0.036    0.000    2.796    0.000 general.py:50(whole_by)
   198287    0.036    0.000    0.036    0.000 {method '__exit__' of '_thread.lock' objects}
   146115    0.036    0.000    0.386    0.000 primary.py:247(domain_name)
103122/101880    0.036    0.000   30.554    0.000 reflections.py:334(resolve)
    26979    0.035    0.000    0.750    0.000 py2cpp.py:885(is_relay_literalizer)
    31854    0.035    0.000    0.109    0.000 reflection.py:82(context)
    67151    0.035    0.000    5.131    0.000 reflections.py:203(resolve_property)
    13568    0.035    0.000    0.079    0.000 cvars.py:72(in_value)
    60017    0.035    0.000    0.701    0.000 statement_compound.py:335(alias_embedder)
   339211    0.034    0.000    0.034    0.000 {built-in method builtins.issubclass}
    32345    0.034    0.000    0.388    0.000 _method_body.j2:4(root)
    65182    0.034    0.000    0.221    0.000 primary.py:31(value)
    28031    0.034    0.000    0.045    0.000 template.py:454(__resolve_injector)
   120323    0.034    0.000    0.356    0.000 node.py:93(tag)
    20426    0.033    0.000    0.049    0.000 <frozen _collections_abc>:473(__new__)
   379299    0.033    0.000    0.033    0.000 reflection.py:349(node)
    75339    0.033    0.000    0.078    0.000 translation.py:4(alias_dsn)
      510    0.032    0.000    3.472    0.007 db.py:169(import_json)
    59949    0.032    0.000    0.072    0.000 module.py:66(expand_elements)
    19339    0.032    0.000    2.697    0.000 cvars.py:190(resolve)
45612/45554    0.032    0.000    2.293    0.000 py2cpp.py:299(to_domain_name_by_class)
57859/57843    0.032    0.000    0.034    0.000 typing.py:426(inner)
    98783    0.032    0.000    0.032    0.000 reflection.py:397(extends)
    22031    0.031    0.000    0.059    0.000 cpp_view_helper.py:90(annotated)
    68436    0.031    0.000    0.064    0.000 nodes.py:169(iter_child_nodes)
    28501    0.030    0.000    0.242    0.000 statement_compound.py:661(__org_inherits)
103122/101880    0.030    0.000   30.584    0.000 reflections.py:296(__resolve_procedural)
    68320    0.030    0.000    0.536    0.000 node.py:108(fullyname)
    57893    0.030    0.000    0.997    0.000 primary.py:143(match_feature)
    56665    0.030    0.000    0.036    0.000 typing.py:1313(__call__)
    13265    0.029    0.000    0.053    0.000 lexer.py:669(tokeniter)
    19920    0.029    0.000    0.082    0.000 di.py:176(__to_annotated)
   179498    0.029    0.000    0.029    0.000 {built-in method from_iterable}
21758/17009    0.028    0.000    2.101    0.000 reflections.py:262(__resolve_raw_recursive)
    84286    0.028    0.000    0.028    0.000 {built-in method _abc._abc_instancecheck}
   302356    0.028    0.000    0.028    0.000 reflection.py:364(via)
   421237    0.027    0.000    0.027    0.000 tree.py:57(__init__)
     4799    0.027    0.000    0.386    0.000 statement_compound.py:701(decl_this_vars)
    14092    0.026    0.000    0.083    0.000 template.py:322(_find_actual_path)
     3708    0.026    0.000    6.013    0.002 py2cpp.py:670(proc_move_assign_single)
    21211    0.026    0.000    1.588    0.000 py2cpp.py:897(is_relay_cvar)
   421237    0.026    0.000    0.026    0.000 tree.py:28(__init__)
   199625    0.026    0.000    0.026    0.000 {built-in method builtins.callable}
     2591    0.025    0.000    1.950    0.001 py2cpp.py:580(on_method)
     7519    0.025    0.000    1.629    0.000 reflections.py:539(on_func_call)
    60819    0.025    0.000    0.361    0.000 statement_simple.py:24(receivers)
    16256    0.024    0.000    0.051    0.000 comment.py:68(__trim_description)
   178458    0.024    0.000    0.024    0.000 {method 'append' of 'collections.deque' objects}
    59707    0.024    0.000    0.053    0.000 finder.py:255(__find_raw_recursive)
    77536    0.023    0.000    0.267    0.000 primary.py:529(calls)
    25085    0.023    0.000    0.323    0.000 statement_compound.py:605(inherits)
     3760    0.023    0.000    0.165    0.000 comment.py:48(parse)
    25202    0.023    0.000    0.049    0.000 dsn.py:40(left)
    64222    0.023    0.000    0.023    0.000 {built-in method builtins.setattr}
   251265    0.023    0.000    0.023    0.000 node.py:452(match_feature)
     2041    0.023    0.000    0.266    0.000 statement_compound.py:726(vars)
      511    0.022    0.000    2.393    0.005 cache.py:167(load_cache)
    26979    0.022    0.000    7.856    0.000 py2cpp.py:829(<lambda>)
    28103    0.022    0.000    0.042    0.000 db.py:33(__setitem__)
    21626    0.022    0.000    3.957    0.000 py2cpp.py:831(<lambda>)
   236816    0.022    0.000    0.022    0.000 reflection.py:91(attrs)
    19282    0.022    0.000    0.815    0.000 element.py:25(var_type)
    30906    0.022    0.000    0.111    0.000 parameter.j2:4(root)
    13236    0.022    0.000    2.909    0.000 py2cpp.py:919(is_relay_type)
     9024    0.022    0.000    0.090    0.000 _params.j2:4(root)
    22484    0.022    0.000    0.042    0.000 dsn.py:66(shift)
     6944    0.021    0.000    0.434    0.000 py2cpp.py:168(explicit_class_attrs)
    84286    0.021    0.000    0.049    0.000 <frozen abc>:117(__instancecheck__)
    57115    0.021    0.000    0.495    0.000 primary.py:153(match_feature)
    24581    0.021    0.000    0.397    0.000 template.py:216(has_templates)
    65614    0.021    0.000    0.021    0.000 embed.py:26(class_path)
    24616    0.021    0.000    0.324    0.000 primary.py:322(annotations)
    19920    0.020    0.000    0.027    0.000 di.py:191(__pluck_annotations)
     7608    0.020    0.000    0.964    0.000 py2cpp.py:655(on_parameter)
    22579    0.020    0.000    0.097    0.000 async_utils.py:34(wrapper)
17359/13906    0.020    0.000    0.128    0.000 reflection.py:169(to_temporary)
     3061    0.020    0.000    0.020    0.000 {built-in method _hashlib.openssl_md5}
    15028    0.020    0.000    0.702    0.000 py2cpp.py:789(on_argument)
    26670    0.019    0.000    3.937    0.000 py2cpp.py:830(<lambda>)
    53233    0.019    0.000    0.433    0.000 primary.py:137(match_feature)
    38237    0.019    0.000    0.047    0.000 doc_string.j2:4(root)
    48458    0.019    0.000    0.284    0.000 primary.py:167(match_feature)
    24663    0.019    0.000    1.063    0.000 py2cpp.py:924(<lambda>)
    17389    0.019    0.000    2.963    0.000 py2cpp.py:904(is_relay_cvar_link)
    25025    0.019    0.000    0.190    0.000 _signature_common.j2:4(root)
    30118    0.019    0.000    0.028    0.000 argument.j2:4(root)
    28031    0.019    0.000    0.024    0.000 template.py:395(__current_key)
   155933    0.018    0.000    0.018    0.000 <frozen _collections_abc>:850(__init__)
     7605    0.018    0.000    0.778    0.000 py2cpp.py:333(__analyze_prop_alias_embedder)
    34754    0.018    0.000    0.234    0.000 primary.py:95(match_feature)
    22102    0.018    0.000    0.101    0.000 var_of_type.j2:4(root)
    14880    0.017    0.000    0.224    0.000 primary.py:72(declare)
   179272    0.017    0.000    0.017    0.000 enum.py:1333(value)
    13072    0.017    0.000    0.107    0.000 _block.j2:4(root)
   120521    0.017    0.000    0.024    0.000 nodes.py:147(iter_fields)
    59021    0.017    0.000    0.388    0.000 primary.py:52(match_feature)
    40886    0.017    0.000    0.234    0.000 statement_simple.py:57(receiver)
    97247    0.017    0.000    0.017    0.000 {method 'extend' of 'list' objects}
    13906    0.017    0.000    0.041    0.000 template.py:360(apply)
    45735    0.017    0.000    0.185    0.000 statement_simple.py:35(symbols)
     7340    0.016    0.000    0.143    0.000 statement_compound.py:442(parameters)
    42198    0.016    0.000    0.016    0.000 runtime.py:251(get_all)
    42431    0.016    0.000    0.243    0.000 primary.py:185(match_feature)
    27359    0.016    0.000    0.377    0.000 primary.py:102(match_feature)
    35075    0.015    0.000    0.333    0.000 primary.py:88(match_feature)
     6276    0.015    0.000    0.669    0.000 reflections.py:459(on_class_ref)
    26799    0.015    0.000    0.138    0.000 primary.py:44(class_type)
    13317    0.015    0.000    0.025    0.000 <frozen ntpath>:99(join)
    57630    0.015    0.000    0.020    0.000 resolver.py:64(register)
    12436    0.015    0.000    0.174    0.000 class_method.j2:4(root)
    35232    0.015    0.000    0.107    0.000 py2cpp.py:1541(on_fallback)
     6264    0.015    0.000    0.049    0.000 filters.py:812(do_indent)
   194493    0.015    0.000    0.015    0.000 entry.py:78(empty_name)
    85774    0.014    0.000    0.014    0.000 template.py:30(__getattr__)
    13568    0.014    0.000    0.300    0.000 py2cpp.py:912(is_relay_cvar_cast)
     9161    0.014    0.000    4.007    0.000 py2cpp.py:1214(<lambda>)
23479/157    0.014    0.000    0.172    0.001 visitor.py:35(visit)
    11463    0.014    0.000    0.155    0.000 loader.py:93(__resolve_filepath)
    25780    0.014    0.000    0.143    0.000 py2cpp.py:894(is_relay_this)
      510    0.014    0.000    4.250    0.008 restore_symbols.py:21(__call__)
    20778    0.014    0.000    0.028    0.000 move_assign_declare.j2:4(root)
15710/7855    0.014    0.000    0.017    0.000 dict.py:6(dict_pluck)
    36253    0.014    0.000    0.413    0.000 statement_compound.py:556(is_property)
    22579    0.014    0.000    0.016    0.000 async_utils.py:24(is_async)
    43600    0.014    0.000    0.014    0.000 {method 'match' of 're.Pattern' objects}
    29132    0.014    0.000    0.026    0.000 {built-in method builtins.sorted}
     3069    0.013    0.000    0.389    0.000 reflections.py:469(on_indexer)
    93317    0.013    0.000    0.013    0.000 enum.py:795(<genexpr>)
    13588    0.013    0.000    0.013    0.000 {built-in method nt._getfullpathname}
    22031    0.013    0.000    0.072    0.000 cpp_view_helper.py:180(<lambda>)
     5919    0.012    0.000    0.154    0.000 class.j2:4(root)
     2396    0.012    0.000    2.503    0.001 py2cpp.py:1412(proc_binary_operation)
40618/23777    0.012    0.000    0.012    0.000 utils.py:742(__getattribute__)
    30509    0.012    0.000    0.199    0.000 primary.py:178(match_feature)
    20649    0.012    0.000    1.007    0.000 statement_compound.py:322(_org_statements)
     6974    0.012    0.000    0.645    0.000 py2cpp.py:283(to_domain_name)
    20341    0.012    0.000    0.012    0.000 {method 'search' of 're.Pattern' objects}
    16093    0.012    0.000    0.019    0.000 filters.py:566(sync_do_join)
    25516    0.012    0.000    0.087    0.000 primary.py:363(type_name)
     3760    0.012    0.000    0.036    0.000 comment.py:125(split_block)
      510    0.012    0.000    0.032    0.000 resolver.py:27(load)
    20109    0.011    0.000    0.088    0.000 primary.py:117(tokens_without_this)
    28031    0.011    0.000    0.035    0.000 template.py:420(schema)
    11463    0.011    0.000    0.018    0.000 <frozen ntpath>:80(isabs)
     7583    0.011    0.000    0.133    0.000 py2cpp.py:359(__prop_name_via_decl)
     7520    0.011    0.000    0.032    0.000 comment.py:142(parse_attributes)
    50225    0.011    0.000   12.251    0.000 entrypoints.py:50(load)
17044/746    0.011    0.000    0.042    0.000 nodes.py:195(find_all)
    15144    0.011    0.000    3.522    0.000 reflections.py:512(on_var_of_type)
     3583    0.011    0.000    0.143    0.000 template.py:186(templates)
    28031    0.010    0.000    0.264    0.000 traits.py:460(<lambda>)
     2097    0.010    0.000    0.011    0.000 {method 'decode' of 'bytes' objects}
     7581    0.010    0.000    0.055    0.000 _accessor.j2:4(root)
     6108    0.010    0.000    0.015    0.000 nodes.py:129(__init__)
    72050    0.010    0.000    0.010    0.000 filters.py:850(<genexpr>)
    24841    0.010    0.000    0.064    0.000 literal.py:68(as_string)
    46424    0.010    0.000    0.101    0.000 primary.py:62(domain_name)
     1020    0.010    0.000    0.222    0.000 module.py:61(identity)
      720    0.009    0.000    0.032    0.000 _str_format.j2:30(macro)
     8871    0.009    0.000    0.069    0.000 lexer.py:615(wrap)
    20809    0.009    0.000    0.874    0.000 finder.py:77(by_symbolic)
    13698    0.009    0.000    1.471    0.000 reflections.py:466(on_this_ref)
    20346    0.009    0.000    0.036    0.000 decorator.py:227(contains)
    15028    0.009    0.000    0.111    0.000 primary.py:37(unpacking)
7177/6974    0.009    0.000    0.442    0.000 naming.py:243(__make_general)
     7077    0.009    0.000    0.014    0.000 environment.py:495(_filter_test_common)
    47342    0.009    0.000    0.014    0.000 template.py:60(is_a)
     7026    0.009    0.000    0.443    0.000 naming.py:87(accessible_name)
    16256    0.009    0.000    0.015    0.000 comment.py:82(__find_dedent)
    15117    0.009    0.000    0.284    0.000 reflections.py:707(on_empty)
    25342    0.008    0.000    0.881    0.000 statement_simple.py:17(_elements)
12353/1468    0.008    0.000    0.046    0.000 visitor.py:44(generic_visit)
    41824    0.008    0.000    0.008    0.000 {method 'group' of 're.Match' objects}
     4918    0.008    0.000    0.030    0.000 _decorators.j2:4(root)
     3832    0.008    0.000    0.846    0.000 statement_compound.py:534(match_feature)
     6491    0.008    0.000    0.016    0.000 reflection.py:269(instantiate)
    25897    0.008    0.000    1.188    0.000 statement_compound.py:24(statements)
     3986    0.008    0.000    0.013    0.000 block.py:342(break_separator)
      385    0.008    0.000    0.011    0.000 block.py:311(break_last_block)
     6581    0.008    0.000    0.466    0.000 node.py:121(factory)
      720    0.008    0.000    0.701    0.001 py2cpp.py:446(make_string_formatters)
    28436    0.008    0.000    0.008    0.000 {built-in method nt._path_splitroot_ex}
    30434    0.008    0.000    0.076    0.000 primary.py:255(match_feature)
    17870    0.008    0.000    0.019    0.000 decorator.j2:4(root)
    33830    0.008    0.000    0.012    0.000 serializer.py:100(<lambda>)
     6264    0.008    0.000    0.008    0.000 {method 'splitlines' of 'str' objects}
     8704    0.008    0.000    0.008    0.000 {method 'fullmatch' of 're.Pattern' objects}
     3425    0.008    0.000    0.108    0.000 query.py:164(factory)
    17592    0.008    0.000    2.466    0.000 cvars.py:200(resolve_type)
     6503    0.007    0.000    0.779    0.000 py2cpp.py:309(to_prop_name)
    28031    0.007    0.000    0.007    0.000 template.py:386(__init__)
    13568    0.007    0.000    0.007    0.000 enum.py:791(__iter__)
    13452    0.007    0.000    0.015    0.000 import.j2:4(root)
     5399    0.007    0.000    0.030    0.000 query.py:166(tester)
12041/12039    0.007    0.000    1.867    0.000 primary.py:545(match_feature)
    21470    0.007    0.000    0.027    0.000 decorator.py:44(path)
     7026    0.007    0.000    0.037    0.000 naming.py:141(__namespace)
     3760    0.007    0.000    0.025    0.000 comment.py:165(parse_returns)
10825/8620    0.007    0.000    0.014    0.000 utils.py:74(deserialize)
    10684    0.007    0.000    0.032    0.000 node.py:362(_ancestor)
     3573    0.007    0.000    0.018    0.000 decorator.py:20(_parse)
     4171    0.007    0.000    0.853    0.000 statement_compound.py:309(comment)
     7026    0.007    0.000    0.461    0.000 py2cpp.py:225(<lambda>)
    28945    0.007    0.000    0.061    0.000 primary.py:266(match_feature)
     6795    0.007    0.000    0.052    0.000 statement_compound.py:32(domain_name)
    16405    0.007    0.000    0.007    0.000 comment.py:99(__find_dedent_line)
    11549    0.007    0.000    0.627    0.000 element.py:19(symbol)
     9481    0.007    0.000    0.077    0.000 primary.py:369(sub_types)
     9409    0.007    0.000    0.019    0.000 if.j2:4(root)
    23479    0.007    0.000    0.011    0.000 visitor.py:28(get_visitor)
     3588    0.007    0.000    0.493    0.000 py2cpp.py:372(fetch_function_template_names)
    13333    0.006    0.000    0.009    0.000 binary_operator.j2:4(root)
     5197    0.006    0.000    0.394    0.000 statement_compound.py:491(match_feature)
     7605    0.006    0.000    0.938    0.000 py2cpp.py:319(to_prop_name_by_decl)
      825    0.006    0.000    0.196    0.000 statement_compound.py:738(var_value)
    56154    0.006    0.000    0.006    0.000 template.py:22(__init__)
     9532    0.006    0.000    0.029    0.000 entrypoint.j2:4(root)
     7649    0.006    0.000    0.483    0.000 element.py:34(default_value)
      438    0.006    0.000    0.308    0.001 py2cpp.py:602(on_class)
    12565    0.006    0.000    0.215    0.000 statement_simple.py:176(import_path)
     1332    0.006    0.000    1.406    0.001 py2cpp.py:941(on_indexer)
    21470    0.006    0.000    0.033    0.000 decorator.py:94(any)
    13745    0.006    0.000    0.006    0.000 {built-in method nt._path_normpath}
     3325    0.006    0.000    0.153    0.000 py2cpp.py:731(on_return)
     9629    0.006    0.000    0.659    0.000 statement_compound.py:450(return_type)
    11439    0.006    0.000    0.051    0.000 statement_compound.py:468(block)
      782    0.006    0.000    0.006    0.000 {built-in method nt._path_exists}
     8736    0.006    0.000    0.010    0.000 comment.py:114(__each_trim)
     5397    0.006    0.000    0.077    0.000 constructor.j2:4(root)
 3731/853    0.006    0.000    0.025    0.000 visitor.py:61(generic_visit)
     4325    0.006    0.000    0.026    0.000 py2cpp.py:412(to_accessor)
      157    0.006    0.000    0.006    0.000 {method 'read' of '_io.TextIOWrapper' objects}
     3760    0.006    0.000    0.386    0.000 py2cpp.py:1471(on_doc_string)
      870    0.006    0.000    0.006    0.000 {built-in method nt.stat}
     8979    0.006    0.000    0.040    0.000 primary.py:448(sub_types)
     3757    0.006    0.000    6.070    0.002 py2cpp.py:664(on_move_assign)
    18000    0.006    0.000    0.013    0.000 __init__.py:1033(__contains__)
     4798    0.006    0.000    0.046    0.000 primary.py:111(fullyname)
    10684    0.006    0.000    0.024    0.000 query.py:89(ancestor)
     6974    0.006    0.000    0.447    0.000 naming.py:191(domain_name)
     4130    0.005    0.000    0.007    0.000 decorator.py:138(parse)
     5925    0.005    0.000    0.110    0.000 literal.py:75(match_feature)
21601/11300    0.005    0.000    0.078    0.000 {built-in method builtins.next}
      777    0.005    0.000    0.431    0.001 py2cpp.py:552(on_class_method)
     7077    0.005    0.000    0.026    0.000 filters.py:1776(<lambda>)
     8934    0.005    0.000    0.178    0.000 primary.py:282(keys)
     2395    0.005    0.000    0.576    0.000 py2cpp.py:1442(proc_binary_operation_expression)
    10276    0.005    0.000    0.036    0.000 filters.py:1779(select_or_reject)
     3917    0.005    0.000    0.005    0.000 {method 'split' of 're.Pattern' objects}
     1332    0.005    0.000    1.280    0.001 py2cpp.py:960(analyze_indexer_spec)
    11692    0.005    0.000    0.009    0.000 compiler.py:453(write)
     3588    0.005    0.000    0.273    0.000 traits.py:397(function_templates)
     7177    0.005    0.000    0.399    0.000 naming.py:100(make_manualy)
    18492    0.005    0.000    0.007    0.000 convertion.py:18(as_a)
    17070    0.005    0.000    0.706    0.000 statement_simple.py:30(value)
 3731/853    0.005    0.000    0.028    0.000 optimizer.py:31(generic_visit)
     9210    0.005    0.000    0.053    0.000 statement_compound.py:656(block)
     5343    0.005    0.000    0.164    0.000 loader.py:72(hash)
     7769    0.005    0.000    0.088    0.000 statement_compound.py:461(statements)
     6804    0.005    0.000    0.169    0.000 statement_simple.py:62(var_type)
     3332    0.005    0.000    0.022    0.000 helper.py:47(<lambda>)
    15684    0.005    0.000    0.059    0.000 reflections.py:387(on_argument)
     6491    0.005    0.000    0.007    0.000 reflection.py:281(__init__)
     8709    0.005    0.000    0.195    0.000 statement_compound.py:649(statements)
    16336    0.005    0.000    0.007    0.000 lexer.py:277(test)
     7855    0.005    0.000    0.022    0.000 helper.py:42(<lambda>)
       47    0.005    0.000    0.005    0.000 {built-in method _io.open_code}
    16537    0.005    0.000    0.006    0.000 return.j2:4(root)
     6882    0.005    0.000    0.064    0.000 statement_simple.py:180(symbols)
     4381    0.005    0.000    0.225    0.000 reflections.py:153(__from_class_def)
    13588    0.005    0.000    0.024    0.000 <frozen ntpath>:573(abspath)
     1414    0.005    0.000    0.287    0.000 template.py:107(returns)
     7961    0.005    0.000    0.007    0.000 filters.py:177(do_replace)
     3416    0.005    0.000    0.047    0.000 statement_compound.py:611(inherit_sub_types)
     3116    0.005    0.000    0.232    0.000 reflections.py:134(__from_declable)
    43133    0.005    0.000    0.005    0.000 primary.py:318(type_name)
  579/157    0.005    0.000    0.129    0.001 parser.py:988(subparse)
     3243    0.005    0.000    0.040    0.000 filters.py:1348(sync_do_list)
    22307    0.005    0.000    0.005    0.000 {method 'strip' of 'str' objects}
 5849/271    0.004    0.000   17.147    0.063 modules.py:58(load)
     4092    0.004    0.000    0.015    0.000 path.py:155(relativefy)
     6594    0.004    0.000    0.029    0.000 _return_type.j2:4(root)
     4130    0.004    0.000    0.396    0.000 py2cpp.py:817(on_types_name)
     3760    0.004    0.000    0.183    0.000 literal.py:85(data)
    13335    0.004    0.000    0.032    0.000 primary.py:287(sliced)
     5896    0.004    0.000    0.213    0.000 primary.py:277(receiver)
     7608    0.004    0.000    0.052    0.000 element.py:53(packing)
     4434    0.004    0.000    0.011    0.000 decorator.py:187(any)
     7630    0.004    0.000    0.017    0.000 __init__.py:169(fullmatch)
    19023    0.004    0.000    0.088    0.000 primary.py:106(domain_name)
     1489    0.004    0.000    0.497    0.000 py2cpp.py:934(on_class_ref)
     3243    0.004    0.000    0.004    0.000 filters.py:1745(prepare_select_or_reject)
     9184    0.004    0.000    0.007    0.000 module.py:83(module_path_to_filepath)
     5897    0.004    0.000    0.004    0.000 utils.py:738(__init__)
      271    0.004    0.000    0.015    0.000 module.py:107(handler)
    18000    0.004    0.000    0.017    0.000 <frozen _collections_abc>:870(__contains__)
     4954    0.004    0.000    0.182    0.000 py2cpp.py:938(on_this_ref)
     4079    0.004    0.000    0.006    0.000 _template_types.j2:4(root)
     3654    0.004    0.000    0.082    0.000 py2cpp.py:388(allow_move_assign)
     7026    0.004    0.000    0.021    0.000 naming.py:157(__ancestor_classes)
     1976    0.004    0.000    0.078    0.000 statement_compound.py:632(depended_types)
   510/76    0.004    0.000   13.050    0.172 modules.py:91(__load_dependencies)
     8628    0.004    0.000    0.005    0.000 _comment.j2:4(root)
    29415    0.004    0.000    0.004    0.000 enum.py:1328(name)
    42918    0.004    0.000    0.004    0.000 environment.py:941(join_path)
     2819    0.004    0.000    0.149    0.000 py2cpp.py:1022(on_custom_type)
     7136    0.004    0.000    0.011    0.000 node.py:158(id)
     1020    0.004    0.000    0.141    0.000 loader.py:32(load)
2527/2375    0.004    0.000    0.005    0.000 sequence.py:64(update)
     1020    0.004    0.000    0.779    0.001 decoder.py:340(decode)
     3574    0.004    0.000    0.157    0.000 py2cpp.py:659(on_decorator)
     9651    0.004    0.000    0.613    0.000 operator.py:29(elements)
        1    0.004    0.004    0.007    0.007 lalr_analysis.py:60(deserialize)
     8078    0.004    0.000    0.013    0.000 node.py:390(query_raw)
     7136    0.003    0.000    0.005    0.000 cache.py:24(index_of)
      271    0.003    0.000    0.003    0.000 {method 'write' of '_io.BufferedWriter' objects}
     3696    0.003    0.000    0.069    0.000 statement_compound.py:297(accessor)
    20183    0.003    0.000    0.003    0.000 runtime.py:816(__init__)
     3061    0.003    0.000    0.003    0.000 {method 'hexdigest' of '_hashlib.HASH' objects}
      154    0.003    0.000    0.313    0.002 py2cpp.py:416(make_lambda_binds)
     4479    0.003    0.000    0.693    0.000 primary.py:197(symbol)
     1531    0.003    0.000    0.008    0.000 cache.py:40(identifier)
    19544    0.003    0.000    0.003    0.000 {method 'rstrip' of 'str' objects}
     3760    0.003    0.000    0.003    0.000 {method 'findall' of 're.Pattern' objects}
      510    0.003    0.000    3.595    0.007 persistent.py:89(restore)
     4480    0.003    0.000    0.671    0.000 primary.py:206(alias)
     3580    0.003    0.000    0.012    0.000 di.py:331(bind)
      953    0.003    0.000    0.012    0.000 query.py:101(factory)
      215    0.003    0.000    0.198    0.001 py2cpp.py:560(on_constructor)
     3250    0.003    0.000    0.012    0.000 _initializer.j2:4(root)
    22333    0.003    0.000    0.003    0.000 {method 'write' of '_io.StringIO' objects}
      524    0.003    0.000    0.297    0.001 reflections.py:620(each_binary_operator)
     4422    0.003    0.000    0.117    0.000 query.py:153(expand)
   9761/9    0.003    0.000    0.011    0.001 utils.py:35(_deserialize)
     4099    0.003    0.000    0.051    0.000 module.py:20(load_module_path)
     3991    0.003    0.000    0.010    0.000 else_if.j2:4(root)
      510    0.003    0.000    2.396    0.005 parser.py:73(__load_entry)
        1    0.003    0.003    0.003    0.003 {built-in method _pickle.load}
     1020    0.003    0.000    2.412    0.002 cache.py:257(wrapper)
     7077    0.003    0.000    0.017    0.000 environment.py:570(call_test)
     2118    0.003    0.000    0.128    0.000 terminal.py:9(match_terminal)
     5144    0.003    0.000    0.007    0.000 generic_call.j2:4(root)
      548    0.003    0.000    0.275    0.001 traits.py:190(try_operation)
     2806    0.003    0.000    0.025    0.000 py2cpp.py:376(allow_override_from_method)
     1020    0.003    0.000    0.232    0.000 persistent.py:101(_gen_filepath)
      720    0.003    0.000    0.020    0.000 <frozen _collections_abc>:657(<genexpr>)
     9450    0.003    0.000    0.062    0.000 primary.py:298(match_feature)
    36000    0.003    0.000    0.003    0.000 __init__.py:1034(<genexpr>)
      510    0.003    0.000   12.240    0.024 entrypoints.py:26(handler)
     2879    0.003    0.000    0.003    0.000 {method 'encode' of 'str' objects}
      510    0.003    0.000    0.065    0.000 parser.py:49(__load_parser)
      154    0.003    0.000    0.091    0.001 primary.py:679(ref_vars)
     6944    0.003    0.000    0.004    0.000 py2cpp.py:268(__accessible_name_for_class)
     7136    0.003    0.000    0.003    0.000 module.py:113(identify)
      513    0.003    0.000    0.026    0.000 compiler.py:1482(visit_Output)
     7077    0.003    0.000    0.020    0.000 filters.py:1770(func)
     1924    0.003    0.000    0.037    0.000 throw.j2:4(root)
      157    0.003    0.000    0.172    0.001 compiler.py:829(visit_Template)
     2324    0.003    0.000    0.042    0.000 statement_compound.py:396(definition_type)
    25988    0.003    0.000    0.003    0.000 {built-in method nt.fspath}
     4325    0.003    0.000    0.004    0.000 accessible.py:7(to_accessor)
2149/1940    0.003    0.000    0.028    0.000 parser.py:646(parse_primary)
     7299    0.003    0.000    0.017    0.000 statement_compound.py:434(template_params)
     3398    0.003    0.000    0.003    0.000 sequence.py:20(last_index_of)
     4422    0.003    0.000    0.121    0.000 node.py:374(_under_expand)
9264/2870    0.003    0.000    0.014    0.000 {built-in method builtins.hash}
    17569    0.003    0.000    0.003    0.000 {built-in method builtins.min}
    18385    0.003    0.000    0.003    0.000 <frozen _collections_abc>:515(_is_param_expr)
    11962    0.003    0.000    0.003    0.000 {method 'add' of 'set' objects}
     3344    0.003    0.000    0.003    0.000 anno_assign.j2:4(root)
     3670    0.003    0.000    0.733    0.000 statement_compound.py:455(comment)
     9032    0.003    0.000    0.074    0.000 lexer.py:380(__next__)
4140/4100    0.003    0.000    0.036    0.000 <frozen importlib._bootstrap>:1349(_find_and_load)
     2050    0.002    0.000    0.060    0.000 di.py:376(__bind_proxy)
     2286    0.002    0.000    0.032    0.000 _definition_class.j2:4(root)
2155/1958    0.002    0.000    0.012    0.000 statement_compound.py:615(expand_sub_types)
     6660    0.002    0.000    0.491    0.000 statement_simple.py:105(return_value)
     6936    0.002    0.000    0.004    0.000 utils.py:751(__setitem__)
     4270    0.002    0.000    0.005    0.000 literalize.j2:4(root)
     3841    0.002    0.000    0.056    0.000 statement_compound.py:101(if_clause)
      858    0.002    0.000    0.021    0.000 _statements.j2:4(root)
     4099    0.002    0.000    0.042    0.000 __init__.py:71(import_module)
1702/1079    0.002    0.000    0.126    0.000 reflections.py:279(__resolve_raw_fallback)
     4478    0.002    0.000    0.019    0.000 primary.py:202(entity_symbol)
      481    0.002    0.000    0.282    0.001 py2cpp.py:740(on_throw)
      157    0.002    0.000    0.015    0.000 nodes.py:231(set_environment)
     5310    0.002    0.000    0.010    0.000 compiler.py:467(writeline)
     2561    0.002    0.000    0.080    0.000 statement_compound.py:91(else_ifs)
     1575    0.002    0.000    1.569    0.001 py2cpp.py:1391(on_comparison)
     3760    0.002    0.000    0.014    0.000 literal.py:80(as_string)
     3760    0.002    0.000    0.010    0.000 __init__.py:241(split)
     1818    0.002    0.000    0.092    0.000 py2cpp.py:1462(on_integer)
     3760    0.002    0.000    0.009    0.000 __init__.py:270(findall)
     3897    0.002    0.000    0.017    0.000 statement_compound.py:56(block)
     3263    0.002    0.000    0.060    0.000 reflections.py:652(on_string)
     4253    0.002    0.000    0.423    0.000 statement_compound.py:513(match_feature)
     2550    0.002    0.000    0.004    0.000 module.py:48(filepath)
      510    0.002    0.000    0.036    0.000 resolver.py:11(__init__)
     1702    0.002    0.000    0.019    0.000 finder.py:25(get_object)
    19992    0.002    0.000    0.002    0.000 runtime.py:899(__bool__)
     2547    0.002    0.000    0.009    0.000 decorator.py:217(match_args)
    10102    0.002    0.000    0.002    0.000 this_ref.j2:4(root)
      510    0.002    0.000    2.284    0.004 parser.py:159(load)
     1020    0.002    0.000    0.323    0.000 general.py:45(imports)
     3373    0.002    0.000    0.043    0.000 statement_compound.py:481(is_pure)
     3580    0.002    0.000    0.005    0.000 di.py:42(bind)
     2591    0.002    0.000    0.013    0.000 statement_compound.py:560(class_types)
     3040    0.002    0.000    0.003    0.000 _signature_prefix.j2:4(root)
     1020    0.002    0.000    0.789    0.001 __init__.py:299(loads)
      466    0.002    0.000    0.006    0.000 _block_constructor.j2:4(root)
        1    0.002    0.002   97.647   97.647 transpile.py:303(_run_impl)
      510    0.002    0.000    0.779    0.002 __init__.py:274(load)
4101/4099    0.002    0.000    0.039    0.000 <frozen importlib._bootstrap>:1375(_gcd_import)
1846/1121    0.002    0.000    0.059    0.000 parser.py:563(parse_compare)
     3212    0.002    0.000    0.056    0.000 reflections.py:646(on_integer)
2074/1291    0.002    0.000    0.051    0.000 parser.py:628(parse_unary)
     6640    0.002    0.000    0.002    0.000 string.j2:4(root)
     4479    0.002    0.000    0.705    0.000 primary.py:192(tokens)
     3760    0.002    0.000    0.014    0.000 comment.py:204(parse_note)
     1258    0.002    0.000    0.435    0.000 py2cpp.py:961(<lambda>)
     7136    0.002    0.000    0.006    0.000 query.py:210(id)
     7975    0.002    0.000    0.002    0.000 cvars.py:216(to_operator)
      999    0.002    0.000    0.006    0.000 _inherits.j2:4(root)
2367/1600    0.002    0.000    0.013    0.000 reflection.py:235(__hash__)
    14410    0.002    0.000    0.002    0.000 {method 'end' of 're.Match' objects}
     2118    0.002    0.000    0.008    0.000 path.py:136(consists_of_only)
     3430    0.002    0.000    0.003    0.000 _signature_suffix.j2:4(root)
     3760    0.002    0.000    0.004    0.000 comment.py:181(parse_raises)
      858    0.002    0.000    0.008    0.000 _classify.j2:4(root)
     4099    0.002    0.000    0.046    0.000 module.py:8(load_module)
     1745    0.002    0.000    0.053    0.000 str_format.j2:4(root)
     2947    0.002    0.000    0.007    0.000 __init__.py:174(search)
     1660    0.002    0.000    0.070    0.000 py2cpp.py:1468(on_string)
     3280    0.002    0.000    0.282    0.000 primary.py:380(match_feature)
     1071    0.002    0.000    0.006    0.000 nodes.py:590(from_untrusted)
     2978    0.002    0.000    0.010    0.000 statement_compound.py:596(template_params)
     1348    0.002    0.000    0.068    0.000 py2cpp.py:761(on_comment)
     3243    0.002    0.000    0.002    0.000 filters.py:1533(sync_do_select)
     2212    0.002    0.000    0.006    0.000 decorator.py:124(match_args)
2927/2876    0.002    0.000    0.132    0.000 primary.py:417(match_feature)
     7613    0.002    0.000    0.007    0.000 lexer.py:367(next_if)
     5183    0.002    0.000    0.012    0.000 {method 'extend' of 'collections.deque' objects}
      639    0.002    0.000    0.116    0.000 py2cpp.py:700(on_anno_assign)
      510    0.002    0.000    3.574    0.007 persistent.py:164(_restore)
     7613    0.002    0.000    0.008    0.000 lexer.py:376(skip_if)
      463    0.002    0.000    0.065    0.000 template.py:142(parameter)
     4640    0.002    0.000    0.020    0.000 primary.py:121(class_types)
     3821    0.002    0.000    0.006    0.000 py2cpp.py:1806(sub_cvar_relay)
1176/1156    0.002    0.000    0.066    0.000 parser.py:680(parse_tuple)
      271    0.002    0.000    0.002    0.000 encoder.py:205(iterencode)
     1107    0.002    0.000    0.094    0.000 statement_compound.py:715(match_feature)
    11235    0.002    0.000    0.002    0.000 decorator.py:149(__init__)
     2787    0.002    0.000    0.003    0.000 node.py:59(__hash__)
     4044    0.002    0.000    0.014    0.000 terminal.py:18(can_expand)
        1    0.002    0.002    0.013    0.013 lexer.py:631(__init__)
      430    0.002    0.000    0.002    0.000 ue_view_helper.py:95(filter_decl_var)
     4888    0.002    0.000    0.027    0.000 primary.py:305(match_feature)
     1216    0.002    0.000    0.168    0.000 statement_compound.py:733(type_literal)
     2174    0.002    0.000    0.003    0.000 cvar_to.j2:4(root)
      517    0.002    0.000    0.002    0.000 <frozen importlib._bootstrap_external>:101(_path_join)
     4479    0.002    0.000    0.707    0.000 py2cpp.py:824(on_import_as_name)
     1974    0.002    0.000    0.128    0.000 literal.py:31(match_feature)
      720    0.002    0.000    0.035    0.000 runtime.py:692(__call__)
       27    0.002    0.000    0.002    0.000 {built-in method marshal.loads}
      271    0.002    0.000    0.071    0.000 py2cpp.py:465(on_entrypoint)
 1642/271    0.002    0.000   80.405    0.297 py2cpp.py:138(transpile)
 1168/825    0.002    0.000    0.016    0.000 primary.py:217(domain_name)
     2961    0.002    0.000    0.017    0.000 statement_compound.py:385(symbol)
     2561    0.002    0.000    0.022    0.000 statement_compound.py:105(block)
     3636    0.002    0.000    0.002    0.000 integer.j2:4(root)
     3570    0.002    0.000    0.047    0.000 loader.py:21(exists)
        2    0.002    0.001    0.002    0.001 earley_forest.py:461(__init__)
      853    0.002    0.000    0.003    0.000 nodes.py:240(__eq__)
     3788    0.001    0.000    0.001    0.000 {method 'copy' of 'dict' objects}
     1243    0.001    0.000    0.074    0.000 py2cpp.py:477(on_if)
     2995    0.001    0.000    0.018    0.000 primary.py:393(match_feature)
     2912    0.001    0.000    0.006    0.000 dict.j2:4(root)
     3760    0.001    0.000    0.010    0.000 comment.py:215(parse_examples)
     2523    0.001    0.000    0.153    0.000 statement_compound.py:85(statements)
     3441    0.001    0.000    0.003    0.000 translation.py:17(import_dsn)
     1020    0.001    0.000    0.005    0.000 cache.py:227(get)
      968    0.001    0.000    0.098    0.000 traits.py:310(constructor)
      177    0.001    0.000    0.012    0.000 reflections.py:677(on_dict)
    18488    0.001    0.000    0.001    0.000 primary.py:67(symbol)
     1129    0.001    0.000    0.003    0.000 idtracking.py:86(copy)
     2688    0.001    0.000    0.006    0.000 cvar_down.j2:4(root)
      510    0.001    0.000    2.462    0.005 parser.py:37(__call__)
     1530    0.001    0.000    0.028    0.000 loader.py:52(mtime)
     1213    0.001    0.000    0.003    0.000 compiler.py:1593(visit_Name)
     5411    0.001    0.000    0.002    0.000 compiler.py:474(newline)
      271    0.001    0.000    0.082    0.000 writer.py:39(_flush)
     4130    0.001    0.000    0.111    0.000 primary.py:171(class_types)
      720    0.001    0.000    0.024    0.000 environment.py:1428(_get_default_module)
      464    0.001    0.000    0.005    0.000 _after.j2:4(root)
     2346    0.001    0.000    0.002    0.000 _decl_this_var.j2:4(root)
      320    0.001    0.000    0.337    0.001 py2cpp.py:483(on_for)
     4144    0.001    0.000    0.003    0.000 lexer.py:559(<lambda>)
     2978    0.001    0.000    0.002    0.000 class_ref.j2:4(root)
     9229    0.001    0.000    0.001    0.000 cvars.py:208(equals)
  317/255    0.001    0.000    0.025    0.000 statement_compound.py:758(_collect_impl)
     2591    0.001    0.000    0.026    0.000 statement_compound.py:552(is_override)
     2031    0.001    0.000    0.002    0.000 runtime.py:559(__next__)
      623    0.001    0.000    0.014    0.000 primary.py:550(can_resolve_super)
     1337    0.001    0.000    0.023    0.000 reflections.py:664(on_pair)
     1043    0.001    0.000    0.003    0.000 py2cpp.py:1693(break_relay)
     1020    0.001    0.000    0.005    0.000 di.py:347(unbind)
     1027    0.001    0.000    0.005    0.000 lexer.py:556(<genexpr>)
     4044    0.001    0.000    0.001    0.000 comment.j2:4(root)
      511    0.001    0.000    2.402    0.005 cache.py:91(get)
      511    0.001    0.000    0.005    0.000 cache.py:108(gen_cache_path)
     7077    0.001    0.000    0.001    0.000 {built-in method _operator.ne}
     2827    0.001    0.000    0.027    0.000 lexer.py:403(expect)
      341    0.001    0.000    0.002    0.000 block.py:197(_skip_other_block)
     2860    0.001    0.000    0.001    0.000 {method 'groupdict' of 're.Match' objects}
      783    0.001    0.000    0.009    0.000 _prepare.j2:4(root)
      510    0.001    0.000    0.002    0.000 di.py:257(instantiate)
      999    0.001    0.000    0.004    0.000 _constructor_inherits.j2:4(root)
      157    0.001    0.000    0.032    0.000 loaders.py:194(get_source)
     1531    0.001    0.000    0.001    0.000 {built-in method nt.getcwd}
      716    0.001    0.000    0.010    0.000 statement_compound.py:803(_merged)
      720    0.001    0.000    0.033    0.000 runtime.py:778(_invoke)
2040/1291    0.001    0.000    0.053    0.000 parser.py:597(parse_concat)
     4101    0.001    0.000    0.001    0.000 <frozen importlib._bootstrap>:1285(_sanity_check)
  853/497    0.001    0.000    0.042    0.000 compiler.py:46(new_func)
      271    0.001    0.000    0.088    0.000 writer.py:25(flush)
      510    0.001    0.000    4.256    0.008 module.py:85(preprocess)
     2591    0.001    0.000    0.027    0.000 statement_compound.py:548(is_abstract)
     1375    0.001    0.000    0.007    0.000 len.j2:4(root)
     1342    0.001    0.000    0.048    0.000 py2cpp.py:1033(on_null_type)
      463    0.001    0.000    0.082    0.000 traits.py:358(parameter_at)
     3253    0.001    0.000    0.001    0.000 {method 'index' of 'list' objects}
     1321    0.001    0.000    0.063    0.000 statement_compound.py:96(else_clause)
     1020    0.001    0.000    0.021    0.000 persistent.py:137(_can_restore)
     3345    0.001    0.000    0.001    0.000 move_assign.j2:4(root)
     1335    0.001    0.000    0.105    0.000 statement_simple.py:144(throws)
     1542    0.001    0.000    0.001    0.000 pair.j2:4(root)
     7923    0.001    0.000    0.001    0.000 environment.py:463(getitem)
      284    0.001    0.000    0.185    0.001 traits.py:325(iterates)
      510    0.001    0.000    0.001    0.000 __init__.py:244(detect_encoding)
     7514    0.001    0.000    0.001    0.000 {built-in method builtins.max}
     2556    0.001    0.000    0.001    0.000 statement_compound.py:301(operations)
1858/1121    0.001    0.000    0.061    0.000 parser.py:557(parse_not)
      234    0.001    0.000    0.001    0.000 ue_view_helper.py:141(build_log_call)
     3173    0.001    0.000    0.011    0.000 py2cpp.py:808(on_decl_local_var)
      239    0.001    0.000    0.004    0.000 {method 'sort' of 'list' objects}
     1020    0.001    0.000    0.010    0.000 di.py:71(rebind)
     1280    0.001    0.000    0.177    0.000 statement_compound.py:80(condition)
      271    0.001    0.000    0.003    0.000 transpile.py:365(fetch_output_path)
   137/33    0.001    0.000    0.002    0.000 _parser.py:511(_parse)
1818/1093    0.001    0.000    0.063    0.000 parser.py:548(parse_and)
     1882    0.001    0.000    0.017    0.000 statement_compound.py:147(for_in)
     1458    0.001    0.000    0.001    0.000 cpp_view_helper.py:116(to_immutable)
      462    0.001    0.000    0.001    0.000 parse_tree_builder.py:162(maybe_create_child_filter)
      720    0.001    0.000    0.023    0.000 <frozen _collections_abc>:652(__rsub__)
  222/116    0.001    0.000    0.093    0.001 parser.py:255(parse_if)
      271    0.001    0.000    0.003    0.000 __init__.py:183(dumps)
     2866    0.001    0.000    0.030    0.000 py2cpp.py:1536(on_terminal)
      654    0.001    0.000    0.019    0.000 statement_compound.py:789(_merged_by)
      510    0.001    0.000    0.004    0.000 di.py:398(combine)
     1329    0.001    0.000    0.082    0.000 statement_compound.py:50(statements)
      271    0.001    0.000    0.001    0.000 py2cpp.py:428(make_depends)
     2728    0.001    0.000    0.003    0.000 lexer.py:81(to_regexp)
      623    0.001    0.000    0.051    0.000 reflections.py:550(on_super)
      510    0.001    0.000    0.001    0.000 db.py:135(on_complete)
      510    0.001    0.000    0.003    0.000 di.py:230(combine)
      623    0.001    0.000    0.009    0.000 primary.py:556(super_class_symbol)
     1231    0.001    0.000    0.689    0.001 py2cpp.py:962(<lambda>)
1811/1089    0.001    0.000    0.064    0.000 parser.py:539(parse_or)
      388    0.001    0.000    0.041    0.000 primary.py:493(or_types)
     2806    0.001    0.000    0.009    0.000 py2cpp.py:814(on_decl_this_param)
      921    0.001    0.000    0.003    0.000 else.j2:4(root)
      643    0.001    0.000    0.001    0.000 typing.py:1358(__getattr__)
      152    0.001    0.000    0.008    0.000 reflections.py:667(on_list)
      548    0.001    0.000    0.051    0.000 traits.py:224(_find_method)
     2731    0.001    0.000    0.183    0.000 literal.py:107(first)
1971/1243    0.001    0.000    0.054    0.000 parser.py:586(parse_math1)
     1019    0.001    0.000    0.002    0.000 parser.py:998(flush_data)
  296/122    0.001    0.000    0.015    0.000 idtracking.py:252(visit_If)
      223    0.001    0.000    0.003    0.000 _lambda_params.j2:4(root)
      271    0.001    0.000    0.005    0.000 transpile.py:351(output_filepath)
     1348    0.001    0.000    0.017    0.000 statement_simple.py:169(text)
  510/506    0.001    0.000    0.185    0.000 modules.py:80(__load_libraries)
2040/1291    0.001    0.000    0.052    0.000 parser.py:607(parse_math2)
      271    0.001    0.000    0.001    0.000 <frozen ntpath>:222(split)
  250/248    0.001    0.000    0.016    0.000 parser.py:864(parse_call_args)
     1632    0.001    0.000    0.002    0.000 range.j2:4(root)
     2985    0.001    0.000    0.001    0.000 nodes.py:472(as_const)
  440/175    0.001    0.000    0.109    0.001 parser.py:167(parse_statement)
     4080    0.001    0.000    0.001    0.000 module.py:38(path)
      771    0.001    0.000    0.030    0.000 py2cpp.py:1480(on_pair)
       80    0.001    0.000    0.003    0.000 _statements_enum.j2:4(root)
     1027    0.001    0.000    0.010    0.000 _signature_constructor.j2:4(root)
     1948    0.001    0.000    0.200    0.000 statement_compound.py:45(condition)
     4457    0.001    0.000    0.001    0.000 decorator.py:157(__iter__)
     2735    0.001    0.000    0.001    0.000 {method 'translate' of 'str' objects}
     1562    0.001    0.000    0.323    0.000 general.py:35(statements)
 1459/845    0.001    0.000    0.049    0.000 parser.py:524(parse_condexpr)
     2735    0.001    0.000    0.002    0.000 __init__.py:305(escape)
     3100    0.001    0.000    0.001    0.000 decorator.py:167(__len__)
     2371    0.001    0.000    0.072    0.000 primary.py:574(iterates)
      215    0.001    0.000    0.042    0.000 statement_compound.py:689(this_vars)
      284    0.001    0.000    0.127    0.000 traits.py:341(_resolve_method)
      786    0.001    0.000    0.001    0.000 compiler.py:1632(visit_Const)
      661    0.001    0.000    0.037    0.000 py2cpp.py:471(on_else_if)
      296    0.001    0.000    0.001    0.000 idtracking.py:120(branch_update)
      555    0.001    0.000    0.113    0.000 py2cpp.py:804(on_decl_this_var)
      510    0.001    0.000    2.462    0.005 ast.py:30(make_root_entry)
      215    0.001    0.000    0.005    0.000 statement_compound.py:668(constructor_exists)
     1309    0.001    0.000    0.002    0.000 compiler.py:1434(_output_child_to_const)
     1020    0.001    0.000    0.001    0.000 cache.py:256(decorator)
     3574    0.001    0.000    0.001    0.000 decorator.py:11(__init__)
     2731    0.001    0.000    0.008    0.000 literal.py:112(second)
      723    0.001    0.000    0.019    0.000 primary.py:651(symbols)
     6706    0.001    0.000    0.001    0.000 reflection.py:304(node)
2040/1291    0.001    0.000    0.052    0.000 parser.py:618(parse_pow)
      968    0.001    0.000    0.091    0.000 reflections.py:216(resolve_constructor)
     1377    0.001    0.000    0.010    0.000 statement_compound.py:158(iterates)
     4144    0.001    0.000    0.001    0.000 lexer.py:394(_regexp_has_newline)
      449    0.001    0.000    0.014    0.000 enum.j2:4(root)
     3570    0.001    0.000    0.001    0.000 di.py:277(__register)
      157    0.001    0.000    0.401    0.003 loaders.py:107(load)
2074/1560    0.001    0.000    0.024    0.000 parser.py:773(parse_postfix)
     7077    0.001    0.000    0.001    0.000 filters.py:1561(<lambda>)
      530    0.001    0.000    0.003    0.000 cpp_view_helper.py:31(parse)
     7077    0.001    0.000    0.001    0.000 filters.py:1763(transfunc)
      148    0.001    0.000    0.041    0.000 py2cpp.py:977(on_relay_of_type)
      271    0.001    0.000   17.148    0.063 transpile.py:327(by_entrypoint)
      214    0.001    0.000    0.004    0.000 statement_compound.py:673(constructor)
      510    0.001    0.000    0.235    0.000 persistent.py:66(stored)
     1020    0.001    0.000    0.013    0.000 module.py:53(in_storage)
     1940    0.001    0.000    0.001    0.000 list.j2:4(root)
     6491    0.001    0.000    0.001    0.000 reflection.py:298(decl)
      113    0.001    0.000    1.085    0.010 py2cpp.py:1524(on_lambda)
      284    0.001    0.000    0.201    0.001 reflections.py:556(on_for_in)
1773/1067    0.001    0.000    0.066    0.000 parser.py:515(parse_expression)
      325    0.001    0.000    0.011    0.000 parser.py:801(parse_subscript)
        1    0.001    0.001    0.001    0.001 parse_tree_builder.py:358(create_callback)
  222/116    0.001    0.000    0.048    0.000 compiler.py:1299(visit_If)
      668    0.001    0.000    0.005    0.000 <frozen genericpath>:89(getmtime)
      169    0.001    0.000    0.242    0.001 py2cpp.py:528(proc_for_each)
       88    0.001    0.000    0.139    0.002 py2cpp.py:1341(on_comp_for)
     1702    0.001    0.000    0.020    0.000 reflections.py:73(get_object)
     2207    0.001    0.000    0.001    0.000 cvars.py:212(contains)
      157    0.001    0.000    0.018    0.000 compiler.py:538(pull_dependencies)
     1099    0.001    0.000    0.019    0.000 reflections.py:348(on_fallback)
     2328    0.001    0.000    0.001    0.000 lexer.py:342(__bool__)
     2222    0.001    0.000    0.001    0.000 decorator.py:60(join_args)
      777    0.001    0.000    0.004    0.000 statement_compound.py:506(class_types)
      270    0.001    0.000    0.001    0.000 <frozen posixpath>:72(join)
      800    0.001    0.000    0.015    0.000 reflection.py:207(__eq__)
      606    0.001    0.000    0.002    0.000 _before.j2:4(root)
     2684    0.001    0.000    0.001    0.000 null_type.j2:4(root)
     1974    0.001    0.000    0.001    0.000 {method 'groups' of 're.Match' objects}
      271    0.001    0.000    0.002    0.000 encoder.py:183(encode)
      209    0.001    0.000    0.002    0.000 compiler.py:584(enter_frame)
     7112    0.001    0.000    0.001    0.000 module.py:33(module_path)
   222/31    0.001    0.000    0.001    0.000 _compiler.py:37(_compile)
1121/1071    0.001    0.000    0.001    0.000 compiler.py:125(has_safe_repr)
     6491    0.001    0.000    0.001    0.000 reflection.py:76(via)
     1518    0.001    0.000    0.001    0.000 <frozen importlib._bootstrap>:645(parent)
     4362    0.001    0.000    0.001    0.000 lexer.py:528(<genexpr>)
      157    0.001    0.000    0.367    0.002 environment.py:728(compile)
     5344    0.001    0.000    0.001    0.000 {method 'popleft' of 'collections.deque' objects}
  194/163    0.001    0.000    0.027    0.000 {built-in method builtins.exec}
      251    0.001    0.000    0.001    0.000 {built-in method builtins.all}
  888/366    0.001    0.000    0.013    0.000 idtracking.py:256(inner_visit)
      510    0.001    0.000   12.247    0.024 module.py:64(load)
     1395    0.001    0.000    0.003    0.000 list_type.j2:4(root)
      834    0.001    0.000    0.016    0.000 reflections.py:393(on_argument_label)
     1377    0.001    0.000    0.002    0.000 slice_string.j2:4(root)
  422/256    0.001    0.000    0.081    0.000 parser.py:196(parse_statements)
      592    0.001    0.000    0.004    0.000 relay_of_type.j2:4(root)
      430    0.001    0.000    0.003    0.000 ue_view_helper.py:187(<lambda>)
      648    0.001    0.000    0.005    0.000 closure.j2:4(root)
      510    0.001    0.000    0.002    0.000 di.py:387(_clone)
  268/265    0.001    0.000    0.003    0.000 compiler.py:481(signature)
     1665    0.001    0.000    0.001    0.000 decl_this_var.j2:4(root)
      510    0.001    0.000    0.033    0.000 entrypoints.py:42(entrypoint)
      665    0.001    0.000    0.006    0.000 statement_compound.py:141(symbols)
      617    0.001    0.000    0.043    0.000 statement_compound.py:67(statements)
      847    0.001    0.000    0.002    0.000 lexer.py:292(test_any)
     1245    0.001    0.000    0.001    0.000 unary_operator.j2:4(root)
     2108    0.001    0.000    0.001    0.000 {method 'discard' of 'set' objects}
      510    0.001    0.000    0.002    0.000 di.py:219(_clone)
     1415    0.001    0.000    0.001    0.000 typing.py:1294(_is_dunder)
      581    0.001    0.000    0.003    0.000 reflections.py:527(on_custom_type)
      157    0.000    0.000    0.004    0.000 lexer.py:325(__init__)
      720    0.000    0.000    0.021    0.000 <frozen _collections_abc>:866(_from_iterable)
      113    0.000    0.000    0.056    0.000 primary.py:671(ref_vars)
      384    0.000    0.000    0.301    0.001 py2cpp.py:1406(on_sum)
     1530    0.000    0.000    0.002    0.000 list_comp.j2:4(root)
  508/506    0.000    0.000    0.184    0.000 modules.py:26(libralies)
      791    0.000    0.000    0.016    0.000 reflections.py:536(on_null_type)
     1020    0.000    0.000    0.001    0.000 di.py:57(unbind)
  532/523    0.000    0.000    0.001    0.000 nodes.py:841(as_const)
     1377    0.000    0.000    0.001    0.000 compiler.py:281(visit_Name)
     1990    0.000    0.000    0.000    0.000 {method 'rpartition' of 'str' objects}
      777    0.000    0.000    0.010    0.000 statement_compound.py:502(is_override)
     1020    0.000    0.000    0.001    0.000 di.py:272(__init__)
      589    0.000    0.000    0.069    0.000 operator.py:17(operator)
     2002    0.000    0.000    0.001    0.000 lexer.py:294(<genexpr>)
     1123    0.000    0.000    0.001    0.000 idtracking.py:116(load)
  579/157    0.000    0.000    0.071    0.000 compiler.py:442(blockvisit)
     1213    0.000    0.000    0.001    0.000 tuple.j2:4(root)
     1230    0.000    0.000    0.002    0.000 idtracking.py:238(visit_Name)
      510    0.000    0.000    1.503    0.003 entry.py:153(loads)
      271    0.000    0.000    0.004    0.000 header.py:77(to_json)
     1020    0.000    0.000    0.001    0.000 di.py:291(__unregister)
2678/2566    0.000    0.000    0.000    0.000 idtracking.py:68(find_ref)
     1322    0.000    0.000    0.001    0.000 lexer.py:598(_normalize_newlines)
      157    0.000    0.000    0.145    0.001 parser.py:1037(parse)
      584    0.000    0.000    0.001    0.000 runtime.py:406(__init__)
      101    0.000    0.000    0.004    0.000 <frozen importlib._bootstrap_external>:1624(find_spec)
      798    0.000    0.000    0.002    0.000 cvar_as_a.j2:4(root)
     1246    0.000    0.000    0.006    0.000 primary.py:564(_fetch_decl_class)
     1278    0.000    0.000    0.004    0.000 statement_simple.py:67(value)
      157    0.000    0.000    0.174    0.001 compiler.py:101(generate)
      620    0.000    0.000    0.012    0.000 statement_compound.py:73(block)
      651    0.000    0.000    0.069    0.000 statement_compound.py:152(statements)
      218    0.000    0.000    0.010    0.000 lexer.py:526(__init__)
      471    0.000    0.000    0.001    0.000 environment.py:459(iter_extensions)
2040/1967    0.000    0.000    0.005    0.000 parser.py:786(parse_filter_expr)
      157    0.000    0.000    0.000    0.000 compiler.py:301(__init__)
      102    0.000    0.000    0.011    0.000 py2cpp.py:495(proc_for_range)
     2510    0.000    0.000    0.000    0.000 {method 'isidentifier' of 'str' objects}
     4144    0.000    0.000    0.000    0.000 lexer.py:70(_get_flags)
     2728    0.000    0.000    0.001    0.000 lexer.py:88(max_width)
      157    0.000    0.000    0.153    0.001 environment.py:615(_parse)
      218    0.000    0.000    0.001    0.000 copy.py:62(copy)
      517    0.000    0.000    0.001    0.000 statement_compound.py:339(is_internal)
      501    0.000    0.000    0.123    0.000 statement_compound.py:643(comment)
      255    0.000    0.000    0.026    0.000 statement_compound.py:746(collect)
       41    0.000    0.000    0.048    0.001 statement_compound.py:575(ref_vars)
      772    0.000    0.000    0.001    0.000 typing.py:1368(__setattr__)
      434    0.000    0.000    0.000    0.000 _post_definition.j2:4(root)
       21    0.000    0.000    0.001    0.000 inspect.py:579(_getmembers)
      416    0.000    0.000    0.001    0.000 super.j2:4(root)
      665    0.000    0.000    0.012    0.000 statement_compound.py:162(block)
      430    0.000    0.000    0.002    0.000 statement_compound.py:527(class_types)
      337    0.000    0.000    0.200    0.001 reflections.py:614(on_sum)
     1416    0.000    0.000    0.000    0.000 lexer.py:111(max_width)
     1128    0.000    0.000    0.014    0.000 py2cpp.py:795(on_argument_label)
  200/176    0.000    0.000    0.001    0.000 nodes.py:750(as_const)
      208    0.000    0.000    0.099    0.000 py2cpp.py:1334(on_super)
      157    0.000    0.000    0.008    0.000 environment.py:658(_tokenize)
  399/384    0.000    0.000    0.000    0.000 nodes.py:865(as_const)
       37    0.000    0.000    0.017    0.000 compiler.py:1160(visit_For)
     1305    0.000    0.000    0.001    0.000 idtracking.py:77(ref)
      530    0.000    0.000    0.003    0.000 cpp_view_helper.py:170(<lambda>)
      332    0.000    0.000    0.001    0.000 cvars.py:220(to_move)
  182/180    0.000    0.000    0.013    0.000 parser.py:920(parse_call)
     2882    0.000    0.000    0.000    0.000 primary.py:442(match_feature)
      513    0.000    0.000    0.000    0.000 compiler.py:1379(_make_finalize)
      777    0.000    0.000    0.010    0.000 statement_compound.py:498(is_abstract)
        1    0.000    0.000    0.038    0.038 lark.py:505(load)
      674    0.000    0.000    0.000    0.000 idtracking.py:50(_define_ref)
      172    0.000    0.000    0.001    0.000 compiler.py:1756(_filter_test_common)
      766    0.000    0.000    0.001    0.000 compiler.py:1427(_output_const_repr)
      483    0.000    0.000    0.002    0.000 statement_simple.py:149(via)
      279    0.000    0.000    0.015    0.000 py2cpp.py:1000(on_list_type)
      510    0.000    0.000    0.006    0.000 semantics.py:43(handler)
        1    0.000    0.000    0.000    0.000 {built-in method _imp.create_dynamic}
     1530    0.000    0.000    0.000    0.000 {method 'startswith' of 'bytes' objects}
     1147    0.000    0.000    0.000    0.000 {method 'copy' of 'list' objects}
      157    0.000    0.000    0.004    0.000 lexer.py:604(tokenize)
      612    0.000    0.000    0.000    0.000 cast_bin_to_bin.j2:4(root)
      157    0.000    0.000    0.000    0.000 loaders.py:25(split_template_path)
      341    0.000    0.000    0.023    0.000 primary.py:332(receiver)
      283    0.000    0.000    0.000    0.000 compiler.py:168(__init__)
     1179    0.000    0.000    0.000    0.000 parser.py:150(is_tuple_end)
      307    0.000    0.000    0.016    0.000 py2cpp.py:474(on_else)
      653    0.000    0.000    0.000    0.000 binary_in.j2:4(root)
      796    0.000    0.000    0.043    0.000 literal.py:125(values)
     1430    0.000    0.000    0.000    0.000 lexer.py:734(<genexpr>)
  182/176    0.000    0.000    0.005    0.000 compiler.py:1843(visit_Call)
      363    0.000    0.000    0.014    0.000 py2cpp.py:1474(on_truthy)
      695    0.000    0.000    0.026    0.000 literal.py:138(items)
     1445    0.000    0.000    0.000    0.000 _parser.py:167(__getitem__)
       83    0.000    0.000    0.001    0.000 compiler.py:1033(visit_Include)
     1556    0.000    0.000    0.000    0.000 {built-in method builtins.repr}
      124    0.000    0.000    0.001    0.000 typing.py:1423(__init__)
      390    0.000    0.000    0.000    0.000 comp_for.j2:4(root)
      195    0.000    0.000    0.018    0.000 compiler.py:142(find_undeclared)
      157    0.000    0.000    0.174    0.001 environment.py:679(_generate)
      720    0.000    0.000    0.000    0.000 c_func_ref.j2:4(root)
      489    0.000    0.000    0.005    0.000 primary.py:588(for_in)
      158    0.000    0.000    0.000    0.000 utils.py:519(__setitem__)
      195    0.000    0.000    0.001    0.000 typing.py:173(_type_check)
  257/174    0.000    0.000    0.000    0.000 nodes.py:499(as_const)
      140    0.000    0.000    0.210    0.001 py2cpp.py:530(<lambda>)
      241    0.000    0.000    0.001    0.000 compiler.py:219(copy)
        1    0.000    0.000    0.013    0.013 parser_frontends.py:150(create_contextual_lexer)
      435    0.000    0.000    0.004    0.000 statement_compound.py:366(symbol)
      510    0.000    0.000    0.000    0.000 config.py:51(<lambda>)
      125    0.000    0.000    0.003    0.000 parser.py:473(parse_assign_target)
      463    0.000    0.000    0.002    0.000 parse_tree_builder.py:340(_init_builders)
  189/182    0.000    0.000    0.003    0.000 compiler.py:1725(visit_Getitem)
      750    0.000    0.000    0.000    0.000 ternary_operator.j2:4(root)
      208    0.000    0.000    0.004    0.000 delete.j2:4(root)
     1640    0.000    0.000    0.000    0.000 grammar.py:25(__hash__)
      777    0.000    0.000    0.003    0.000 py2cpp.py:811(on_decl_class_param)
      210    0.000    0.000    0.021    0.000 idtracking.py:46(analyze_node)
      234    0.000    0.000    0.002    0.000 ue_view_helper.py:182(<lambda>)
     1416    0.000    0.000    0.000    0.000 lexer.py:98(to_regexp)
      271    0.000    0.000    0.000    0.000 py2cpp.py:132(meta)
      243    0.000    0.000    0.006    0.000 expression.py:7(expression)
      274    0.000    0.000    0.011    0.000 py2cpp.py:1510(on_null)
      202    0.000    0.000    0.360    0.002 py2cpp.py:1388(on_and_compare)
       49    0.000    0.000    0.000    0.000 _compiler.py:241(_optimize_charset)
     2555    0.000    0.000    0.000    0.000 nodes.py:94(get_eval_context)
    87/31    0.000    0.000    0.003    0.000 _parser.py:451(_parse_sub)
      112    0.000    0.000    0.002    0.000 destructor.j2:4(root)
   267/79    0.000    0.000    0.000    0.000 _parser.py:177(getwidth)
        4    0.000    0.000    0.000    0.000 {built-in method nt.listdir}
      755    0.000    0.000    0.000    0.000 nodes.py:614(as_const)
      483    0.000    0.000    0.001    0.000 cvar_new_smart.j2:4(root)
       83    0.000    0.000    0.102    0.001 py2cpp.py:1363(on_list_comp)
       77    0.000    0.000    0.006    0.000 parser.py:927(parse_filter)
      378    0.000    0.000    0.001    0.000 move_assign_dict.j2:4(root)
      547    0.000    0.000    0.093    0.000 py2cpp.py:801(on_decl_this_var_forward)
       83    0.000    0.000    0.006    0.000 parser.py:345(parse_include)
      157    0.000    0.000    0.000    0.000 <frozen codecs>:322(decode)
       81    0.000    0.000    0.001    0.000 compiler.py:784(pop_assign_tracking)
       37    0.000    0.000    0.014    0.000 <frozen importlib._bootstrap_external>:1093(get_code)
      255    0.000    0.000    0.026    0.000 statement_compound.py:343(_decl_vars_with)
     1029    0.000    0.000    0.000    0.000 {method 'update' of 'set' objects}
      228    0.000    0.000    0.013    0.000 py2cpp.py:1483(on_list)
      271    0.000    0.000    0.004    0.000 header.py:85(to_header_str)
      157    0.000    0.000    0.001    0.000 environment.py:1213(from_code)
      271    0.000    0.000    0.001    0.000 <frozen ntpath>:261(dirname)
      876    0.000    0.000    0.001    0.000 general.py:25(scope)
      157    0.000    0.000    0.000    0.000 environment.py:1244(_from_namespace)
      388    0.000    0.000    0.006    0.000 reflections.py:599(on_comparison)
      244    0.000    0.000    0.005    0.000 primary.py:617(fors)
      239    0.000    0.000    0.009    0.000 py2cpp.py:1477(on_falsy)
      292    0.000    0.000    0.011    0.000 py2cpp.py:1382(on_not_compare)
     2129    0.000    0.000    0.000    0.000 nodes.py:587(as_const)
     1129    0.000    0.000    0.000    0.000 {method 'copy' of 'set' objects}
      726    0.000    0.000    0.000    0.000 truthy.j2:4(root)
      149    0.000    0.000    0.001    0.000 primary.py:645(domain_name)
     1291    0.000    0.000    0.000    0.000 module.py:43(entrypoint)
      541    0.000    0.000    0.000    0.000 compiler.py:1455(_output_child_pre)
      192    0.000    0.000    0.002    0.000 primary.py:607(domain_name)
      589    0.000    0.000    0.002    0.000 operator.py:22(value)
      157    0.000    0.000    0.000    0.000 {method 'getvalue' of '_io.StringIO' objects}
      244    0.000    0.000    0.002    0.000 primary.py:582(symbols)
      452    0.000    0.000    0.062    0.000 literal.py:151(values)
      157    0.000    0.000    0.001    0.000 environment.py:642(preprocess)
       29    0.000    0.000    0.015    0.001 py2cpp.py:711(on_delete)
       49    0.000    0.000    0.051    0.001 py2cpp.py:692(proc_move_assign_destruction)
       81    0.000    0.000    0.016    0.000 parser.py:225(parse_set)
      313    0.000    0.000    0.000    0.000 template.j2:4(root)
      827    0.000    0.000    0.000    0.000 compiler.py:945(<genexpr>)
      511    0.000    0.000    0.003    0.000 cache.py:123(cache_exists)
      665    0.000    0.000    0.000    0.000 aug_assign.j2:4(root)
       46    0.000    0.000    0.006    0.000 template.py:74(prop)
      180    0.000    0.000    0.000    0.000 nodes.py:718(args_as_const)
      143    0.000    0.000    0.008    0.000 py2cpp.py:1465(on_float)
      340    0.000    0.000    0.001    0.000 cast_str_to_str.j2:4(root)
      141    0.000    0.000    0.001    0.000 cpp_view_helper.py:19(parse)
      141    0.000    0.000    0.001    0.000 cpp_view_helper.py:165(<lambda>)
       27    0.000    0.000    0.002    0.000 <frozen importlib._bootstrap_external>:782(_compile_bytecode)
      360    0.000    0.000    0.031    0.000 primary.py:373(primary_type)
      125    0.000    0.000    0.006    0.000 py2cpp.py:1457(on_ternary_operator)
       46    0.000    0.000    0.005    0.000 <frozen importlib._bootstrap>:1240(_find_spec)
      218    0.000    0.000    0.000    0.000 copy.py:248(_reconstruct)
      469    0.000    0.000    0.001    0.000 dict_type.j2:4(root)
    86/77    0.000    0.000    0.003    0.000 compiler.py:1798(visit_Filter)
      360    0.000    0.000    0.031    0.000 primary.py:385(value_type)
       95    0.000    0.000    0.007    0.000 py2cpp.py:708(on_aug_assign)
      271    0.000    0.000    0.000    0.000 encoder.py:105(__init__)
      290    0.000    0.000    0.000    0.000 compiler.py:495(<genexpr>)
      157    0.000    0.000    0.002    0.000 compiler.py:723(write_commons)
      157    0.000    0.000    0.008    0.000 parser.py:53(__init__)
   101/19    0.000    0.000    0.030    0.002 <frozen importlib._bootstrap>:480(_call_with_frames_removed)
      110    0.000    0.000    0.001    0.000 nodes.py:206(set_ctx)
      126    0.000    0.000    0.001    0.000 py2cpp.py:1709(pluck_func_call_arguments)
      182    0.000    0.000    0.009    0.000 py2cpp.py:1507(on_tuple)
1136/1104    0.000    0.000    0.000    0.000 idtracking.py:59(find_load)
      173    0.000    0.000    0.018    0.000 idtracking.py:178(_simple_visit)
      286    0.000    0.000    0.000    0.000 float.j2:4(root)
       63    0.000    0.000    0.020    0.000 py2cpp.py:641(on_enum)
      271    0.000    0.000    0.000    0.000 header.py:45(__init__)
       49    0.000    0.000    0.000    0.000 <frozen importlib._bootstrap>:304(acquire)
     1020    0.000    0.000    0.000    0.000 di.py:15(__init__)
      541    0.000    0.000    0.000    0.000 compiler.py:1471(_output_child_post)
      232    0.000    0.000    0.000    0.000 str_find.j2:4(root)
      315    0.000    0.000    0.001    0.000 callable_type.j2:4(root)
      510    0.000    0.000    0.000    0.000 entrypoints.py:35(<lambda>)
      548    0.000    0.000    0.000    0.000 null.j2:4(root)
      291    0.000    0.000    0.002    0.000 primary.py:593(iterates)
      332    0.000    0.000    0.000    0.000 py2cpp.py:1822(sub_cvar_to)
       25    0.000    0.000    0.017    0.001 py2cpp.py:516(proc_for_dict)
      157    0.000    0.000    0.002    0.000 lexer.py:428(get_lexer)
       37    0.000    0.000    0.016    0.000 parser.py:236(parse_for)
      189    0.000    0.000    0.005    0.000 parser.py:832(parse_subscribed)
       74    0.000    0.000    0.001    0.000 <frozen importlib._bootstrap_external>:513(cache_from_source)
      548    0.000    0.000    0.000    0.000 accessible.py:47(arthmetical)
       41    0.000    0.000    0.105    0.003 py2cpp.py:598(on_closure)
      138    0.000    0.000    0.000    0.000 typing.py:260(_collect_type_parameters)
      157    0.000    0.000    0.000    0.000 lexer.py:397(close)
   104/63    0.000    0.000    0.007    0.000 compiler.py:62(visitor)
      157    0.000    0.000    0.000    0.000 <frozen codecs>:312(__init__)
      418    0.000    0.000    0.001    0.000 primary.py:661(expression)
      584    0.000    0.000    0.000    0.000 runtime.py:428(_to_iterator)
       24    0.000    0.000    0.046    0.002 py2cpp.py:510(proc_for_enumerate)
       81    0.000    0.000    0.011    0.000 compiler.py:1561(visit_Assign)
      240    0.000    0.000    0.000    0.000 enumerate.j2:4(root)
      198    0.000    0.000    0.000    0.000 while.j2:4(root)
      333    0.000    0.000    0.020    0.000 parser.py:712(parse)
       21    0.000    0.000    0.000    0.000 {built-in method builtins.dir}
      141    0.000    0.000    0.015    0.000 py2cpp.py:1504(on_dict)
      478    0.000    0.000    0.000    0.000 falsy.j2:4(root)
  214/190    0.000    0.000    0.001    0.000 nodes.py:797(as_const)
      206    0.000    0.000    0.000    0.000 nodes.py:920(as_const)
       76    0.000    0.000    0.112    0.001 py2cpp.py:1343(<lambda>)
      192    0.000    0.000    0.004    0.000 reflections.py:691(on_null)
      548    0.000    0.000    0.000    0.000 accessible.py:37(operation_by)
      157    0.000    0.000    0.000    0.000 environment.py:1110(make_globals)
      280    0.000    0.000    0.000    0.000 string.py:26(is_quoted_literal)
      157    0.000    0.000    0.000    0.000 {built-in method _codecs.utf_8_decode}
       49    0.000    0.000    0.000    0.000 _compiler.py:214(_compile_charset)
      165    0.000    0.000    0.001    0.000 statement_compound.py:567(match_feature)
      547    0.000    0.000    0.000    0.000 helper.py:72(<lambda>)
      215    0.000    0.000    0.001    0.000 statement_compound.py:523(is_override)
      230    0.000    0.000    0.000    0.000 comp_for_range.j2:4(root)
      125    0.000    0.000    0.003    0.000 compiler.py:1701(visit_Compare)
       41    0.000    0.000    0.007    0.000 statement_compound.py:473(decl_vars)
      606    0.000    0.000    0.000    0.000 _parser.py:260(get)
      294    0.000    0.000    0.000    0.000 move_assign_destruction.j2:4(root)
      175    0.000    0.000    0.001    0.000 str_startswith.j2:4(root)
  136/129    0.000    0.000    0.001    0.000 compiler.py:1713(visit_Getattr)
      718    0.000    0.000    0.000    0.000 parse_tree_builder.py:158(_should_expand)
      462    0.000    0.000    0.001    0.000 grammar.py:112(_deserialize)
      488    0.000    0.000    0.000    0.000 group.j2:4(root)
      210    0.000    0.000    0.000    0.000 idtracking.py:175(__init__)
      200    0.000    0.000    0.001    0.000 cast_bin_to_str.j2:4(root)
      110    0.000    0.000    0.003    0.000 statement_compound.py:403(bound)
     1416    0.000    0.000    0.000    0.000 lexer.py:102(_get_width)
      869    0.000    0.000    0.000    0.000 _parser.py:239(__next)
       99    0.000    0.000    0.088    0.001 py2cpp.py:1409(on_term)
      874    0.000    0.000    0.000    0.000 compiler.py:414(indent)
       78    0.000    0.000    0.001    0.000 param_type.j2:4(root)
     46/6    0.000    0.000    0.031    0.005 <frozen importlib._bootstrap>:1304(_find_and_load_unlocked)
      158    0.000    0.000    0.000    0.000 compiler.py:611(func)
       79    0.000    0.000    0.001    0.000 reflections.py:702(on_lambda)
      141    0.000    0.000    0.005    0.000 py2cpp.py:1515(on_elipsis)
      283    0.000    0.000    0.000    0.000 idtracking.py:31(__init__)
      215    0.000    0.000    0.001    0.000 statement_compound.py:519(is_abstract)
      122    0.000    0.000    0.006    0.000 py2cpp.py:1518(on_group)
      157    0.000    0.000    0.002    0.000 environment.py:454(lexer)
      874    0.000    0.000    0.000    0.000 compiler.py:418(outdent)
      176    0.000    0.000    0.000    0.000 _definition_enum.j2:4(root)
   225/15    0.000    0.000    0.000    0.000 <frozen importlib._bootstrap_external>:1384(_recalculate)
        1    0.000    0.000    0.038    0.038 lark.py:524(_load)
      241    0.000    0.000    0.001    0.000 compiler.py:232(soft)
      149    0.000    0.000    0.003    0.000 reflections.py:649(on_float)
       82    0.000    0.000    0.006    0.000 py2cpp.py:798(on_decl_class_var)
       43    0.000    0.000    0.000    0.000 nodes.py:887(as_const)
       31    0.000    0.000    0.001    0.000 _compiler.py:514(_compile_info)
      191    0.000    0.000    0.001    0.000 primary.py:337(prop)
       68    0.000    0.000    0.004    0.000 py2cpp.py:275(__accessible_name_for_alt_class)
       49    0.000    0.000    0.005    0.000 py2cpp.py:649(on_template_class)
       45    0.000    0.000    0.005    0.000 <frozen importlib._bootstrap_external>:1522(_get_spec)
      510    0.000    0.000    0.000    0.000 resolver.py:44(__init__)
       94    0.000    0.000    0.005    0.000 primary.py:434(sub_types)
       31    0.000    0.000    0.001    0.000 ue_view_helper.py:64(parse)
      511    0.000    0.000    0.000    0.000 cache.py:51(__init__)
      126    0.000    0.000    0.000    0.000 alt_class.j2:4(root)
      103    0.000    0.000    0.064    0.001 reflections.py:617(on_term)
       49    0.000    0.000    0.000    0.000 <frozen importlib._bootstrap>:426(_get_module_lock)
       62    0.000    0.000    0.001    0.000 typing.py:1634(__getitem__)
      271    0.000    0.000    0.000    0.000 <frozen ntpath>:34(_get_bothseps)
       41    0.000    0.000    0.001    0.000 <frozen importlib._bootstrap>:733(_init_module_attrs)
      195    0.000    0.000    0.000    0.000 compiler.py:277(__init__)
       31    0.000    0.000    0.005    0.000 _compiler.py:743(compile)
      161    0.000    0.000    0.001    0.000 lexer.py:354(look)
      157    0.000    0.000    0.000    0.000 {built-in method _functools.reduce}
      584    0.000    0.000    0.000    0.000 runtime.py:556(__iter__)
      328    0.000    0.000    0.000    0.000 _decl_class_var.j2:4(root)
       43    0.000    0.000    0.002    0.000 reflections.py:498(on_relay_of_type)
      157    0.000    0.000    0.014    0.000 nodes.py:186(find)
      179    0.000    0.000    0.000    0.000 _delete.j2:4(root)
       69    0.000    0.000    0.140    0.002 py2cpp.py:1385(on_or_compare)
      144    0.000    0.000    0.001    0.000 literal.py:47(match_feature)
       83    0.000    0.000    0.000    0.000 compiler.py:716(dump_local_context)
      510    0.000    0.000    0.000    0.000 parser.py:151(__init__)
       31    0.000    0.000    0.003    0.000 _parser.py:970(parse)
      462    0.000    0.000    0.000    0.000 parse_tree_builder.py:29(__init__)
     41/8    0.000    0.000    0.030    0.004 <frozen importlib._bootstrap>:911(_load_unlocked)
      124    0.000    0.000    0.000    0.000 decorator.py:207(any_args)
       86    0.000    0.000    0.000    0.000 contextlib.py:303(helper)
      156    0.000    0.000    0.000    0.000 import_i18n.j2:4(root)
      125    0.000    0.000    0.001    0.000 compiler.py:1709(visit_Operand)
      124    0.000    0.000    0.000    0.000 cast_str_to_bin.j2:4(root)
      163    0.000    0.000    0.001    0.000 literal.py:40(as_int)
      210    0.000    0.000    0.018    0.000 primary.py:612(projection)
      447    0.000    0.000    0.000    0.000 _parser.py:175(append)
      209    0.000    0.000    0.000    0.000 compiler.py:600(leave_frame)
      211    0.000    0.000    0.000    0.000 module.py:136(elements)
      510    0.000    0.000    0.000    0.000 module.py:14(__init__)
      510    0.000    0.000    0.000    0.000 cache.py:8(__init__)
       47    0.000    0.000    0.006    0.000 <frozen importlib._bootstrap_external>:1214(get_data)
      124    0.000    0.000    0.001    0.000 typing.py:1307(__init__)
       69    0.000    0.000    0.001    0.000 py2cpp.py:1790(pluck_cvar_new)
      218    0.000    0.000    0.000    0.000 {method '__reduce_ex__' of 'object' objects}
       94    0.000    0.000    0.005    0.000 primary.py:515(type_params)
      227    0.000    0.000    0.000    0.000 <frozen importlib._bootstrap_external>:1380(_get_parent_path)
       25    0.000    0.000    0.000    0.000 evaluator.py:58(_op_bin_each)
      185    0.000    0.000    0.037    0.000 operator.py:81(primary)
       83    0.000    0.000    0.000    0.000 compiler.py:434(simple_write)
       26    0.000    0.000    0.001    0.000 typing.py:753(Union)
       86    0.000    0.000    0.000    0.000 contextlib.py:108(__init__)
      382    0.000    0.000    0.000    0.000 runtime.py:892(__iter__)
       49    0.000    0.000    0.000    0.000 <frozen importlib._bootstrap>:372(release)
      510    0.000    0.000    0.000    0.000 resolver.py:85(fallback)
       84    0.000    0.000    0.000    0.000 cast_char.j2:4(root)
       67    0.000    0.000    0.001    0.000 function.j2:4(root)
       67    0.000    0.000    0.005    0.000 py2cpp.py:1003(on_dict_type)
      270    0.000    0.000    0.000    0.000 <frozen posixpath>:42(_get_sep)
      123    0.000    0.000    0.004    0.000 py2cpp.py:1379(on_factor)
       45    0.000    0.000    0.005    0.000 py2cpp.py:1006(on_callable_type)
      468    0.000    0.000    0.000    0.000 compiler.py:765(get_resolve_func)
      510    0.000    0.000    0.000    0.000 restore_symbols.py:12(__init__)
      460    0.000    0.000    0.000    0.000 _parser.py:163(__len__)
       38    0.000    0.000    0.000    0.000 <frozen importlib._bootstrap_external>:833(spec_from_file_location)
       49    0.000    0.000    0.000    0.000 <frozen importlib._bootstrap>:124(setdefault)
      157    0.000    0.000    0.039    0.000 environment.py:700(_compile)
      271    0.000    0.000    0.000    0.000 writer.py:17(put)
       15    0.000    0.000    0.000    0.000 typing.py:1207(_generic_class_getitem)
     37/6    0.000    0.000    0.030    0.005 <frozen importlib._bootstrap_external>:1020(exec_module)
      192    0.000    0.000    0.000    0.000 c_type_expr.j2:4(root)
      185    0.000    0.000    0.001    0.000 operator.py:86(condition)
        2    0.000    0.000    0.000    0.000 {built-in method builtins.eval}
      125    0.000    0.000    0.001    0.000 dict_comp.j2:4(root)
       66    0.000    0.000    0.005    0.000 statement_compound.py:128(statements)
       46    0.000    0.000    0.002    0.000 traits.py:273(_declare_class)
      102    0.000    0.000    0.000    0.000 template_class.j2:4(root)
      485    0.000    0.000    0.000    0.000 _parser.py:255(match)
       31    0.000    0.000    0.000    0.000 typing.py:1256(_generic_init_subclass)
      510    0.000    0.000    0.000    0.000 entrypoints.py:36(<lambda>)
       87    0.000    0.000    0.000    0.000 _parser.py:371(_escape)
       86    0.000    0.000    0.001    0.000 contextlib.py:136(__enter__)
       26    0.000    0.000    0.003    0.000 evaluator.py:163(on_var)
      119    0.000    0.000    0.000    0.000 str_count.j2:4(root)
      305    0.000    0.000    0.000    0.000 enum.py:1308(__hash__)
      157    0.000    0.000    0.000    0.000 __init__.py:1003(__init__)
       40    0.000    0.000    0.000    0.000 _begin_destroy.j2:4(root)
       74    0.000    0.000    0.000    0.000 <frozen importlib._bootstrap_external>:137(_path_split)
        3    0.000    0.000    0.001    0.000 visitors.py:50(_apply_v_args)
       33    0.000    0.000    0.000    0.000 {built-in method _abc._abc_init}
      130    0.000    0.000    0.000    0.000 list_insert.j2:4(root)
       52    0.000    0.000    0.000    0.000 nodes.py:523(as_const)
       95    0.000    0.000    0.000    0.000 statement_simple.py:85(operator)
      202    0.000    0.000    0.001    0.000 <frozen importlib._bootstrap_external>:145(_path_stat)
       23    0.000    0.000    0.002    0.000 parser.py:746(parse_list)
       87    0.000    0.000    0.001    0.000 statement_simple.py:97(targets)
       83    0.000    0.000    0.002    0.000 idtracking.py:286(visit_Assign)
      223    0.000    0.000    0.000    0.000 typing.py:164(_type_convert)
      218    0.000    0.000    0.000    0.000 copyreg.py:98(__newobj__)
       38    0.000    0.000    0.001    0.000 statement_compound.py:109(having_blocks)
       76    0.000    0.000    0.000    0.000 idtracking.py:94(store)
      157    0.000    0.000    0.000    0.000 compiler.py:255(__init__)
       94    0.000    0.000    0.005    0.000 primary.py:424(parameters)
      379    0.000    0.000    0.000    0.000 typing.py:1437(__eq__)
      528    0.000    0.000    0.000    0.000 <frozen importlib._bootstrap>:491(_verbose_message)
      126    0.000    0.000    0.000    0.000 compiler.py:226(inner)
        2    0.000    0.000    0.000    0.000 __init__.py:358(namedtuple)
      185    0.000    0.000    0.001    0.000 operator.py:91(secondary)
       42    0.000    0.000    0.000    0.000 <frozen importlib._bootstrap_external>:177(_path_isabs)
      161    0.000    0.000    0.000    0.000 lexer.py:350(push)
       25    0.000    0.000    0.000    0.000 enum.py:1603(__and__)
    41/28    0.000    0.000    0.000    0.000 _compiler.py:439(_get_literal_prefix)
      235    0.000    0.000    0.000    0.000 _parser.py:292(tell)
      113    0.000    0.000    0.001    0.000 primary.py:666(decl_vars)
      172    0.000    0.000    0.000    0.000 {method 'upper' of 'str' objects}
    86/77    0.000    0.000    0.001    0.000 compiler.py:259(visit_Filter)
       41    0.000    0.000    0.001    0.000 <frozen importlib._bootstrap>:806(module_from_spec)
       83    0.000    0.000    0.000    0.000 idtracking.py:147(dump_stores)
        1    0.000    0.000    0.015    0.015 load_grammar.py:1(<module>)
       41    0.000    0.000    0.001    0.000 reflections.py:688(on_tuple)
       72    0.000    0.000    0.001    0.000 typing.py:1658(copy_with)
       60    0.000    0.000    0.001    0.000 reflections.py:638(on_ternary_operator)
       14    0.000    0.000    0.005    0.000 compiler.py:1338(visit_FilterBlock)
      227    0.000    0.000    0.000    0.000 <frozen importlib._bootstrap_external>:1370(_find_parent_path_names)
       86    0.000    0.000    0.001    0.000 contextlib.py:145(__exit__)
       31    0.000    0.000    0.002    0.000 _compiler.py:576(_code)
        1    0.000    0.000    0.004    0.004 utils.py:1(<module>)
       66    0.000    0.000    0.000    0.000 statement_compound.py:134(block)
      271    0.000    0.000    0.000    0.000 writer.py:8(__init__)
      408    0.000    0.000    0.000    0.000 py2cpp.py:1338(on_for_in)
      222    0.000    0.000    0.000    0.000 <frozen importlib._bootstrap_external>:139(<genexpr>)
        1    0.000    0.000    0.002    0.002 parse_tree_builder.py:332(__init__)
      141    0.000    0.000    0.000    0.000 elipsis.j2:4(root)
      317    0.000    0.000    0.000    0.000 parse_tree_builder.py:166(<genexpr>)
       50    0.000    0.000    0.003    0.000 py2cpp.py:758(on_continue)
    19/17    0.000    0.000    0.003    0.000 compiler.py:1820(visit_CondExpr)
        3    0.000    0.000    0.023    0.008 __init__.py:1(<module>)
      122    0.000    0.000    0.000    0.000 primary.py:622(condition)
      924    0.000    0.000    0.000    0.000 grammar.py:121(__hash__)
        5    0.000    0.000    0.015    0.003 py2cpp.py:1369(on_dict_comp)
       98    0.000    0.000    0.000    0.000 str_join.j2:4(root)
       48    0.000    0.000    0.000    0.000 py2cpp.py:108(__on_view_depends)
       27    0.000    0.000    0.000    0.000 <frozen importlib._bootstrap_external>:697(_classify_pyc)
      159    0.000    0.000    0.000    0.000 {method 'insert' of 'list' objects}
       46    0.000    0.000    0.000    0.000 {built-in method _imp.is_builtin}
       48    0.000    0.000    0.001    0.000 helper.py:17(<lambda>)
       81    0.000    0.000    0.000    0.000 <frozen importlib._bootstrap_external>:89(_unpack_uint32)
       81    0.000    0.000    0.000    0.000 reflections.py:518(on_list_type)
       82    0.000    0.000    0.000    0.000 py2cpp.py:1757(pluck_class_var_name)
       85    0.000    0.000    0.000    0.000 parser.py:333(parse_import_context)
      287    0.000    0.000    0.000    0.000 compiler.py:608(choose_async)
       25    0.000    0.000    0.000    0.000 typing.py:3794(__getattr__)
       31    0.000    0.000    0.027    0.001 py2cpp.py:1400(on_and_bitwise)
      350    0.000    0.000    0.000    0.000 parser.py:879(ensure)
       38    0.000    0.000    0.000    0.000 <frozen importlib._bootstrap_external>:1619(_get_spec)
       26    0.000    0.000    0.000    0.000 typing.py:379(_remove_dups_flatten)
      101    0.000    0.000    0.000    0.000 reflections.py:587(on_factor)
       49    0.000    0.000    0.000    0.000 <frozen importlib._bootstrap>:162(__enter__)
       31    0.000    0.000    0.000    0.000 ue_view_helper.py:22(parse)
      119    0.000    0.000    0.000    0.000 reflections.py:696(on_group)
       52    0.000    0.000    0.000    0.000 str_rfind.j2:4(root)
       44    0.000    0.000    0.003    0.000 reflections.py:406(on_decl_local_var)
       31    0.000    0.000    0.001    0.000 ue_view_helper.py:172(<lambda>)
       31    0.000    0.000    0.000    0.000 py2cpp.py:1741(break_dict_iterator)
      105    0.000    0.000    0.000    0.000 enum.py:1585(_get_value)
   118/18    0.000    0.000    0.000    0.000 <frozen importlib._bootstrap_external>:1398(__iter__)
       14    0.000    0.000    0.006    0.000 parser.py:437(parse_filter_block)
       32    0.000    0.000    0.001    0.000 reflections.py:579(on_list_comp)
       38    0.000    0.000    0.001    0.000 <frozen importlib._bootstrap_external>:642(_get_cached)
       95    0.000    0.000    0.011    0.000 statement_simple.py:80(receiver)
      172    0.000    0.000    0.000    0.000 compiler.py:717(<genexpr>)
       37    0.000    0.000    0.002    0.000 idtracking.py:202(visit_For)
       81    0.000    0.000    0.000    0.000 compiler.py:780(push_assign_tracking)
      157    0.000    0.000    0.000    0.000 compiler.py:943(<genexpr>)
       30    0.000    0.000    0.018    0.001 py2cpp.py:1394(on_or_bitwise)
      274    0.000    0.000    0.000    0.000 compiler.py:497(<genexpr>)
       48    0.000    0.000    0.000    0.000 str_replace.j2:4(root)
       33    0.000    0.000    0.003    0.000 py2cpp.py:480(on_while)
      372    0.000    0.000    0.000    0.000 element.py:48(declare)
       16    0.000    0.000    0.012    0.001 py2cpp.py:645(on_alt_class)
       56    0.000    0.000    0.001    0.000 reflections.py:658(on_truthy)
       48    0.000    0.000    0.000    0.000 _parser.py:85(opengroup)
       31    0.000    0.000    0.000    0.000 ue_view_helper.py:84(format)
       73    0.000    0.000    0.000    0.000 helper.py:32(<lambda>)
       49    0.000    0.000    0.000    0.000 <frozen importlib._bootstrap>:74(__new__)
       29    0.000    0.000    0.000    0.000 py2cpp.py:1774(break_indexer)
      750    0.000    0.000    0.000    0.000 inspect.py:618(<lambda>)
       46    0.000    0.000    0.000    0.000 <frozen importlib._bootstrap>:445(cb)
      147    0.000    0.000    0.000    0.000 typing.py:1639(<genexpr>)
       53    0.000    0.000    0.001    0.000 reflections.py:661(on_falsy)
      325    0.000    0.000    0.000    0.000 typing.py:1427(<genexpr>)
       22    0.000    0.000    0.021    0.001 py2cpp.py:363(__prop_name_via_embedder)
        4    0.000    0.000    0.000    0.000 <frozen importlib._bootstrap_external>:1675(_fill_cache)
        9    0.000    0.000    0.000    0.000 _compiler.py:389(_mk_bitmap)
      104    0.000    0.000    0.000    0.000 dict_keys.j2:4(root)
       33    0.000    0.000    0.014    0.000 reflections.py:602(on_or_bitwise)
       71    0.000    0.000    0.012    0.000 primary.py:398(key_type)
       54    0.000    0.000    0.001    0.000 reflections.py:590(on_not_compare)
       46    0.000    0.000    0.000    0.000 <frozen importlib._bootstrap>:232(__init__)
       36    0.000    0.000    0.016    0.000 reflections.py:608(on_and_bitwise)
       95    0.000    0.000    0.018    0.000 statement_simple.py:89(value)
       84    0.000    0.000    0.000    0.000 cvar_self_to_raw.j2:4(root)
       49    0.000    0.000    0.000    0.000 <frozen importlib._bootstrap>:79(__init__)
       23    0.000    0.000    0.000    0.000 _compiler.py:470(_get_charset_prefix)
       51    0.000    0.000    0.000    0.000 idtracking.py:112(declare_parameter)
       60    0.000    0.000    0.001    0.000 <frozen importlib._bootstrap_external>:155(_path_is_mode_type)
   107/40    0.000    0.000    0.000    0.000 <frozen importlib._bootstrap_external>:1407(__len__)
       46    0.000    0.000    0.001    0.000 <frozen importlib._bootstrap>:416(__enter__)
       41    0.000    0.000    0.000    0.000 helper.py:77(<lambda>)
        2    0.000    0.000    0.001    0.000 parser.py:758(parse_dict)
       63    0.000    0.000    0.000    0.000 str_split.j2:4(root)
       71    0.000    0.000    0.000    0.000 primary.py:403(value_type)
      412    0.000    0.000    0.000    0.000 parse_tree_builder.py:182(<genexpr>)
      229    0.000    0.000    0.000    0.000 _parser.py:112(__init__)
       35    0.000    0.000    0.002    0.000 py2cpp.py:755(on_break)
      210    0.000    0.000    0.000    0.000 idtracking.py:235(__init__)
      110    0.000    0.000    0.000    0.000 <frozen importlib._bootstrap_external>:1500(_path_importer_cache)
      354    0.000    0.000    0.000    0.000 {built-in method builtins.ord}
      158    0.000    0.000    0.000    0.000 _parser.py:82(groups)
      182    0.000    0.000    0.000    0.000 py2cpp.py:1029(on_union_type)
       79    0.000    0.000    0.000    0.000 compiler.py:384(temporary_identifier)
       52    0.000    0.000    0.000    0.000 str_encode.j2:4(root)
       97    0.000    0.000    0.000    0.000 compiler.py:422(start_write)
       37    0.000    0.000    0.000    0.000 <frozen importlib._bootstrap_external>:674(_check_name_wrapper)
        1    0.000    0.000    0.001    0.001 lexer.py:1(<module>)
      157    0.000    0.000    0.000    0.000 optimizer.py:28(__init__)
       65    0.000    0.000    0.000    0.000 _compiler.py:401(_simple)
      116    0.000    0.000    0.000    0.000 nodes.py:552(can_assign)
        1    0.000    0.000    0.000    0.000 visitors.py:1(<module>)
       49    0.000    0.000    0.000    0.000 <frozen importlib._bootstrap>:82(remove)
       45    0.000    0.000    0.005    0.000 <frozen importlib._bootstrap_external>:1551(find_spec)
       27    0.000    0.000    0.000    0.000 <frozen importlib._bootstrap_external>:730(_validate_timestamp_pyc)
        2    0.000    0.000    0.000    0.000 typing.py:3142(__new__)
       42    0.000    0.000    0.000    0.000 {built-in method nt._path_splitroot}
        1    0.000    0.000    0.001    0.001 lexer.py:479(__init__)
       31    0.000    0.000    0.000    0.000 {built-in method _sre.compile}
      157    0.000    0.000    0.000    0.000 <frozen codecs>:263(__init__)
      100    0.000    0.000    0.000    0.000 continue.j2:4(root)
        1    0.000    0.000    0.005    0.005 compiler.py:614(macro_body)
       45    0.000    0.000    0.000    0.000 primary.py:429(return_type)
        7    0.000    0.000    0.001    0.000 py2cpp.py:247(__accessible_name_for_method)
        1    0.000    0.000    0.013    0.013 parser_frontends.py:48(__init__)
       54    0.000    0.000    0.001    0.000 <frozen importlib._bootstrap_external>:164(_path_isfile)
      136    0.000    0.000    0.000    0.000 <frozen importlib._bootstrap>:1226(__exit__)
      136    0.000    0.000    0.000    0.000 <frozen importlib._bootstrap>:1222(__enter__)
      125    0.000    0.000    0.000    0.000 {method 'find' of 'bytearray' objects}
       39    0.000    0.000    0.000    0.000 <frozen importlib._bootstrap>:48(_new_module)
       33    0.000    0.000    0.000    0.000 <frozen abc>:105(__new__)
      149    0.000    0.000    0.000    0.000 {method 'rfind' of 'str' objects}
    88/71    0.000    0.000    0.000    0.000 typing.py:1443(__hash__)
       50    0.000    0.000    0.000    0.000 {built-in method fromkeys}
        1    0.000    0.000    0.017    0.017 lark.py:1(<module>)
       26    0.000    0.000    0.068    0.003 reflections.py:187(__from_comprehension)
       35    0.000    0.000    0.000    0.000 enum.py:695(__call__)
      111    0.000    0.000    0.000    0.000 nodes.py:890(const)
       27    0.000    0.000    0.000    0.000 {built-in method _imp._fix_co_filename}
      101    0.000    0.000    0.000    0.000 <frozen importlib._bootstrap_external>:67(_relax_case)
      231    0.000    0.000    0.000    0.000 {built-in method _imp.release_lock}
      231    0.000    0.000    0.000    0.000 {built-in method _imp.acquire_lock}
       16    0.000    0.000    0.001    0.000 typing.py:806(Optional)
       31    0.000    0.000    0.000    0.000 compiler.py:1746(visit_Slice)
    52/26    0.000    0.000    0.005    0.000 evaluator.py:45(exec)
       71    0.000    0.000    0.000    0.000 primary.py:408(primary_type)
       42    0.000    0.000    0.000    0.000 nodes.py:706(as_const)
       71    0.000    0.000    0.000    0.000 typing.py:1122(_is_unpacked_typevartuple)
       18    0.000    0.000    0.000    0.000 evaluator.py:207(on_integer)
      103    0.000    0.000    0.000    0.000 {method '__exit__' of '_thread.RLock' objects}
        1    0.000    0.000    0.000    0.000 resolver.py:6(symbol_mapping)
        1    0.000    0.000    0.000    0.000 lalr_analysis.py:1(<module>)
       33    0.000    0.000    0.000    0.000 _parser.py:230(__init__)
       75    0.000    0.000    0.001    0.000 <frozen importlib._bootstrap>:632(cached)
       11    0.000    0.000    0.000    0.000 copy_constructor.j2:4(root)
       22    0.000    0.000    0.000    0.000 nodes.py:650(as_const)
       10    0.000    0.000    0.002    0.000 py2cpp.py:253(__accessible_name_for_class_method)
       10    0.000    0.000    0.011    0.001 py2cpp.py:518(<lambda>)
       35    0.000    0.000    0.000    0.000 enum.py:1152(__new__)
       12    0.000    0.000    0.000    0.000 compiler.py:1618(visit_NSRef)
       10    0.000    0.000    0.000    0.000 typing.py:1748(__getitem__)
       46    0.000    0.000    0.000    0.000 lexer.py:265(__eq__)
      168    0.000    0.000    0.000    0.000 nodes.py:722(<genexpr>)
    44/28    0.000    0.000    0.001    0.000 typing.py:574(__getitem__)
        1    0.000    0.000    0.004    0.004 earley.py:1(<module>)
       39    0.000    0.000    0.000    0.000 c_func_invoke.j2:4(root)
       42    0.000    0.000    0.000    0.000 <frozen importlib._bootstrap_external>:190(_path_abspath)
       70    0.000    0.000    0.000    0.000 break.j2:4(root)
        8    0.000    0.000    0.000    0.000 functools.py:36(update_wrapper)
       48    0.000    0.000    0.000    0.000 _parser.py:97(closegroup)
        1    0.000    0.000    0.000    0.000 pkgutil.py:1(<module>)
       81    0.000    0.000    0.000    0.000 {built-in method from_bytes}
       32    0.000    0.000    0.000    0.000 evaluator.py:134(_allow_string)
        4    0.000    0.000    0.000    0.000 ue_view_helper.py:107(parse_decl_var)
       79    0.000    0.000    0.000    0.000 typing.py:789(<genexpr>)
       45    0.000    0.000    0.000    0.000 <frozen importlib._bootstrap>:1128(find_spec)
       37    0.000    0.000    0.000    0.000 <frozen importlib._bootstrap_external>:1233(path_stats)
       35    0.000    0.000    0.000    0.000 str_strip.j2:4(root)
    32/30    0.000    0.000    0.000    0.000 nodes.py:996(as_const)
        5    0.000    0.000    0.000    0.000 template.py:124(templates)
       46    0.000    0.000    0.000    0.000 <frozen importlib._bootstrap>:420(__exit__)
       38    0.000    0.000    0.000    0.000 idtracking.py:291(visit_For)
       24    0.000    0.000    0.000    0.000 list_copy.j2:4(root)
       24    0.000    0.000    0.000    0.000 list_sort.j2:4(root)
       72    0.000    0.000    0.000    0.000 _parser.py:171(__setitem__)
       79    0.000    0.000    0.000    0.000 compiler.py:134(<genexpr>)
       12    0.000    0.000    0.000    0.000 cvar_to_addr_id.j2:4(root)
        1    0.000    0.000    0.008    0.008 parser_frontends.py:1(<module>)
       14    0.000    0.000    0.000    0.000 typing.py:1599(__mro_entries__)
       13    0.000    0.000    0.000    0.000 typing.py:1719(__getitem__)
       24    0.000    0.000    0.000    0.000 _parser.py:448(_uniq)
      254    0.000    0.000    0.000    0.000 parse_tree_builder.py:141(__init__)
       36    0.000    0.000    0.000    0.000 dict_get.j2:4(root)
        8    0.000    0.000    0.000    0.000 typing.py:1733(__getitem_inner__)
       98    0.000    0.000    0.000    0.000 {built-in method _thread.get_ident}
       32    0.000    0.000    0.000    0.000 list_extend.j2:4(root)
       21    0.000    0.000    0.001    0.000 inspect.py:621(getmembers)
        1    0.000    0.000    0.002    0.002 earley_forest.py:1(<module>)
        1    0.000    0.000    0.000    0.000 lark.py:188(__init__)
        5    0.000    0.000    0.000    0.000 default.j2:1(<module>)
       46    0.000    0.000    0.000    0.000 <frozen importlib._bootstrap>:982(find_spec)
       12    0.000    0.000    0.000    0.000 reflections.py:533(on_union_type)
        5    0.000    0.000    0.006    0.001 py2cpp.py:547(on_function)
        1    0.000    0.000    0.002    0.002 parse_tree_builder.py:1(<module>)
        9    0.000    0.000    0.000    0.000 _parser.py:273(getuntil)
       33    0.000    0.000    0.003    0.000 statement_compound.py:123(condition)
       45    0.000    0.000    0.000    0.000 {built-in method _imp.find_frozen}
     11/5    0.000    0.000    0.005    0.001 <frozen importlib._bootstrap>:1390(_handle_fromlist)
       15    0.000    0.000    0.000    0.000 str_endswith.j2:4(root)
       16    0.000    0.000    0.006    0.000 statement_compound.py:377(actual_type)
       15    0.000    0.000    0.005    0.000 reflections.py:611(on_shift_bitwise)
       49    0.000    0.000    0.000    0.000 <frozen importlib._bootstrap>:173(__exit__)
       34    0.000    0.000    0.000    0.000 reflections.py:576(on_comp_for)
       83    0.000    0.000    0.000    0.000 typing.py:1096(__eq__)
        7    0.000    0.000    0.000    0.000 py2cpp.py:263(__accessible_name_for_callable)
       25    0.000    0.000    0.000    0.000 evaluator.py:249(on_terminal)
     11/4    0.000    0.000    0.000    0.000 {built-in method _abc._abc_subclasscheck}
       32    0.000    0.000    0.002    0.000 compiler.py:1173(<genexpr>)
       13    0.000    0.000    0.000    0.000 lexer.py:362(skip)
       62    0.000    0.000    0.000    0.000 _compiler.py:573(isstring)
       49    0.000    0.000    0.000    0.000 {built-in method _weakref._remove_dead_weakref}
        5    0.000    0.000    0.000    0.000 trait.py:35(impl_methods)
        1    0.000    0.000    0.024    0.024 parser.py:1(<module>)
       10    0.000    0.000    0.000    0.000 enum.py:1592(__or__)
       31    0.000    0.000    0.000    0.000 _parser.py:954(fix_flags)
        1    0.000    0.000    0.000    0.000 lark.py:47(LarkOptions)
       16    0.000    0.000    0.000    0.000 cast_list.j2:4(root)
       12    0.000    0.000    0.001    0.000 compiler.py:85(visitor)
        2    0.000    0.000    0.000    0.000 _parser.py:997(parse_template)
       49    0.000    0.000    0.000    0.000 {method 'remove' of 'list' objects}
        2    0.000    0.000    0.000    0.000 compiler.py:1664(visit_Dict)
        1    0.000    0.000    0.002    0.002 lalr_parser.py:1(<module>)
       48    0.000    0.000    0.000    0.000 <frozen importlib._bootstrap>:599(__init__)
       15    0.000    0.000    0.000    0.000 compiler.py:389(buffer)
        1    0.000    0.000    0.000    0.000 lark.py:245(Lark)
       73    0.000    0.000    0.000    0.000 _compiler.py:31(_combine_flags)
       26    0.000    0.000    0.000    0.000 typing.py:351(_deduplicate)
        1    0.000    0.000    0.000    0.000 cyk.py:1(<module>)
        1    0.000    0.000    0.001    0.001 grammar_analysis.py:1(<module>)
        1    0.000    0.000    0.000    0.000 lexer.py:142(Token)
       16    0.000    0.000    0.000    0.000 evaluator.py:232(on_sum)
       35    0.000    0.000    0.000    0.000 _assign_dict.j2:4(root)
       24    0.000    0.000    0.000    0.000 cast_enum.j2:4(root)
        1    0.000    0.000    0.000    0.000 {method 'disable' of '_lsprof.Profiler' objects}
        1    0.000    0.000    0.002    0.002 query.py:1(<module>)
        1    0.000    0.000    0.000    0.000 tree.py:1(<module>)
        2    0.000    0.000    0.000    0.000 parser.py:357(parse_import)
        1    0.000    0.000    0.000    0.000 parser_frontends.py:127(_get_lexer_callbacks)
        4    0.000    0.000    0.000    0.000 <frozen importlib._bootstrap_external>:1487(_path_hooks)
       10    0.000    0.000    0.005    0.000 <frozen importlib._bootstrap_external>:1085(source_to_code)
        1    0.000    0.000    0.004    0.004 exceptions.py:1(<module>)
        1    0.000    0.000    0.000    0.000 common.py:1(<module>)
        1    0.000    0.000    0.000    0.000 lalr_parser_state.py:1(<module>)
       77    0.000    0.000    0.000    0.000 compiler.py:774(parameter_is_undeclared)
        4    0.000    0.000    0.000    0.000 <frozen importlib._bootstrap_external>:1598(__init__)
       97    0.000    0.000    0.000    0.000 compiler.py:429(end_write)
        1    0.000    0.000    0.000    0.000 entry.py:1(<module>)
        1    0.000    0.000    0.003    0.003 lark.py:467(_prepare_callbacks)
        4    0.000    0.000    0.000    0.000 <frozen zipimport>:68(__init__)
       10    0.000    0.000    0.000    0.000 typing.py:1023(__init__)
        4    0.000    0.000    0.006    0.001 {built-in method builtins.__import__}
        1    0.000    0.000    0.001    0.001 __init__.py:71(search_function)
       31    0.000    0.000    0.000    0.000 ue_view_helper.py:46(format)
       46    0.000    0.000    0.000    0.000 {built-in method _thread.allocate_lock}
       31    0.000    0.000    0.000    0.000 typing.py:1221(<genexpr>)
    15/12    0.000    0.000    0.000    0.000 nodes.py:1006(as_const)
       34    0.000    0.000    0.000    0.000 {built-in method _operator.neg}
        1    0.000    0.000    0.000    0.000 serializer.py:1(<module>)
       33    0.000    0.000    0.000    0.000 evaluator.py:217(on_string)
        2    0.000    0.000    0.000    0.000 typing.py:3240(TypedDict)
       12    0.000    0.000    0.000    0.000 c_macro.j2:4(root)
        1    0.000    0.000    0.000    0.000 list_copy.j2:1(<module>)
       21    0.000    0.000    0.000    0.000 list_pop.j2:4(root)
       16    0.000    0.000    0.000    0.000 evaluator.py:145(_cat)
        1    0.000    0.000    0.000    0.000 xearley.py:1(<module>)
        2    0.000    0.000    0.000    0.000 __init__.py:374(_compile_template)
       10    0.000    0.000    0.001    0.000 lexer.py:483(c)
        1    0.000    0.000    0.000    0.000 __init__.py:43(normalize_encoding)
        1    0.000    0.000    0.000    0.000 parser.py:406(parse_signature)
        1    0.000    0.000    0.000    0.000 trait.py:70(__ensure_traits)
        7    0.000    0.000    0.001    0.000 compiler.py:1656(visit_List)
        1    0.000    0.000    0.000    0.000 entry.py:9(EntryOfLark)
        1    0.000    0.000    0.021    0.021 parser_frontends.py:30(_deserialize_parsing_frontend)
        9    0.000    0.000    0.000    0.000 reflections.py:593(on_or_compare)
       52    0.000    0.000    0.000    0.000 {method 'count' of 'tuple' objects}
        1    0.000    0.000    0.000    0.000 load_grammar.py:1085(GrammarBuilder)
        1    0.000    0.000    0.001    0.001 lalr_interactive_parser.py:1(<module>)
       46    0.000    0.000    0.000    0.000 <frozen importlib._bootstrap>:412(__init__)
        2    0.000    0.000    0.000    0.000 compiler.py:1099(visit_Import)
        1    0.000    0.000    0.002    0.002 earley_forest.py:641(TreeForestTransformer)
        1    0.000    0.000    0.000    0.000 enum.py:1455(_missing_)
        1    0.000    0.000    0.005    0.005 compiler.py:1320(visit_Macro)
       10    0.000    0.000    0.000    0.000 decorator.py:114(any_args)
        1    0.000    0.000    0.000    0.000 {built-in method _imp.exec_dynamic}
       31    0.000    0.000    0.000    0.000 ue_view_helper.py:36(__init__)
        1    0.000    0.000    0.000    0.000 indenter.py:15(Indenter)
       30    0.000    0.000    0.000    0.000 typing.py:1757(<genexpr>)
        8    0.000    0.000    0.000    0.000 typing.py:1715(copy_with)
       64    0.000    0.000    0.000    0.000 _compiler.py:431(_get_iscased)
       31    0.000    0.000    0.000    0.000 _parser.py:76(__init__)
       15    0.000    0.000    0.000    0.000 statement_simple.py:72(symbols)
        6    0.000    0.000    0.002    0.000 py2cpp.py:1403(on_shift_bitwise)
        1    0.000    0.000    0.000    0.000 functools.py:826(singledispatch)
        4    0.000    0.000    0.000    0.000 ue_view_helper.py:177(<lambda>)
        1    0.000    0.000    0.000    0.000 xearley.py:30(Parser)
       29    0.000    0.000    0.000    0.000 {method '__contains__' of 'frozenset' objects}
        2    0.000    0.000    0.000    0.000 dict.j2:1(<module>)
        4    0.000    0.000    0.000    0.000 <frozen importlib._bootstrap_external>:1716(path_hook_for_FileFinder)
        2    0.000    0.000    0.000    0.000 resolver.py:1(<module>)
        1    0.000    0.000    0.000    0.000 getpass.py:1(<module>)
       11    0.000    0.000    0.000    0.000 {method '__typing_prepare_subst__' of 'typing.TypeVar' objects}
        1    0.000    0.000    0.000    0.000 comp_for.j2:1(<module>)
        3    0.000    0.000    0.000    0.000 compiler.py:1647(visit_Tuple)
        1    0.000    0.000    0.000    0.000 indenter.py:1(<module>)
        1    0.000    0.000    0.000    0.000 lalr_analysis.py:148(LALR_Analyzer)
       32    0.000    0.000    0.000    0.000 typing.py:1765(__eq__)
        4    0.000    0.000    0.001    0.000 visitors.py:456(_apply_v_args)
        1    0.000    0.000    0.007    0.007 lalr_parser.py:27(deserialize)
        2    0.000    0.000    0.000    0.000 tuple.j2:1(<module>)
        5    0.000    0.000    0.000    0.000 _compiler.py:410(_generate_overlap_table)
       14    0.000    0.000    0.000    0.000 idtracking.py:300(visit_FilterBlock)
        9    0.000    0.000    0.000    0.000 evaluator.py:220(on_or_bitwise)
       14    0.000    0.000    0.003    0.000 __init__.py:287(compile)
       10    0.000    0.000    0.000    0.000 trait.py:21(implements)
    19/18    0.000    0.000    0.001    0.000 compiler.py:1824(write_expr2)
        1    0.000    0.000    0.000    0.000 load_grammar.py:679(Grammar)
        1    0.000    0.000    0.000    0.000 entry.py:112(Serialization)
        1    0.000    0.000    0.000    0.000 grammar.py:1(<module>)
        2    0.000    0.000    0.000    0.000 class.j2:1(<module>)
       49    0.000    0.000    0.000    0.000 <frozen importlib._bootstrap>:158(__init__)
       10    0.000    0.000    0.000    0.000 typing.py:1773(__hash__)
        1    0.000    0.000    0.000    0.000 common.py:57(_deserialize)
       39    0.000    0.000    0.000    0.000 {method 'partition' of 'str' objects}
        4    0.000    0.000    0.000    0.000 types.py:334(__getattr__)
        1    0.000    0.000    0.000    0.000 query.py:13(Nodes)
        1    0.000    0.000    0.004    0.004 parser.py:443(parse_macro)
       31    0.000    0.000    0.000    0.000 ue_view_helper.py:76(__init__)
        8    0.000    0.000    0.000    0.000 typing.py:2528(get_origin)
        6    0.000    0.000    0.000    0.000 reflections.py:596(on_and_compare)
        1    0.000    0.000    0.000    0.000 common.py:27(LexerConf)
        2    0.000    0.000    0.000    0.000 compiler.py:1084(_import_common)
        1    0.000    0.000    0.000    0.000 lalr_parser_state.py:11(ParseConf)
       76    0.000    0.000    0.000    0.000 parse_tree_builder.py:17(__init__)
        1    0.000    0.000    0.000    0.000 tree.py:36(Tree)
       21    0.000    0.000    0.000    0.000 inspect.py:302(isclass)
        1    0.000    0.000    0.000    0.000 finder.py:8(ASTFinder)
       11    0.000    0.000    0.000    0.000 typing.py:310(_check_generic_specialization)
       16    0.000    0.000    0.000    0.000 <string>:1(<lambda>)
        1    0.000    0.000    0.000    0.000 environment.py:1526(__init__)
        7    0.000    0.000    0.000    0.000 visitors.py:474(__init__)
        1    0.000    0.000    0.000    0.000 {built-in method _imp.create_builtin}
        2    0.000    0.000    0.000    0.000 py2cpp.py:1725(break_list_sort_key)
       19    0.000    0.000    0.000    0.000 lark.py:217(__getattr__)
       14    0.000    0.000    0.000    0.000 binary_fill_list.j2:4(root)
        2    0.000    0.000    0.000    0.000 reflections.py:582(on_dict_comp)
        1    0.000    0.000    0.000    0.000 serializer.py:14(ReflectionSerializer)
       29    0.000    0.000    0.000    0.000 {method 'items' of 'mappingproxy' objects}
       37    0.000    0.000    0.000    0.000 <frozen importlib._bootstrap_external>:1209(get_filename)
        2    0.000    0.000    0.000    0.000 __init__.py:930(__init__)
        6    0.000    0.000    0.000    0.000 print.j2:4(root)
        2    0.000    0.000    0.000    0.000 cvar_to.j2:1(<module>)
        2    0.000    0.000    0.000    0.000 functools.py:878(register)
        4    0.000    0.000    0.000    0.000 typing.py:2696(overload)
        1    0.000    0.000    0.000    0.000 function.j2:1(<module>)
       37    0.000    0.000    0.000    0.000 <frozen importlib._bootstrap_external>:1184(__init__)
        6    0.000    0.000    0.000    0.000 compiler.py:1866(visit_Keyword)
        1    0.000    0.000    0.000    0.000 lalr_interactive_parser.py:13(InteractiveParser)
        2    0.000    0.000    0.000    0.000 functools.py:867(_is_union_type)
       18    0.000    0.000    0.000    0.000 typing.py:553(__repr__)
       19    0.000    0.000    0.000    0.000 typing.py:1742(<genexpr>)
        1    0.000    0.000    0.000    0.000 lexer.py:33(Pattern)
       52    0.000    0.000    0.000    0.000 parse_tree_builder.py:95(__init__)
        2    0.000    0.000    0.000    0.000 _comment.j2:1(<module>)
        2    0.000    0.000    0.000    0.000 _compiler.py:394(_bytes_to_codes)
        1    0.000    0.000    0.000    0.000 lalr_analysis.py:34(ParseTableBase)
        2    0.000    0.000    0.000    0.000 _accessor.j2:1(<module>)
        9    0.000    0.000    0.000    0.000 _parser.py:311(_class_escape)
       42    0.000    0.000    0.000    0.000 <frozen importlib._bootstrap>:653(has_location)
        1    0.000    0.000    0.000    0.000 exceptions.py:37(UnexpectedInput)
        2    0.000    0.000    0.000    0.000 _template_types.j2:1(<module>)
       24    0.000    0.000    0.000    0.000 inspect.py:758(getmro)
        1    0.000    0.000    0.000    0.000 lalr_parser_state.py:32(ParserState)
       37    0.000    0.000    0.000    0.000 <frozen importlib._bootstrap_external>:1017(create_module)
        1    0.000    0.000    0.000    0.000 lark.py:514(_deserialize_lexer_conf)
        2    0.000    0.000    0.000    0.000 _decorators.j2:1(<module>)
       40    0.000    0.000    0.000    0.000 {built-in method _sre.unicode_tolower}
        2    0.000    0.000    0.000    0.000 typing.py:709(ClassVar)
        1    0.000    0.000    0.000    0.000 parser.py:17(SyntaxParserOfLark)
        1    0.000    0.000    0.000    0.000 elipsis.j2:1(<module>)
        1    0.000    0.000    0.000    0.000 _begin_destroy.j2:1(<module>)
        1    0.000    0.000    0.000    0.000 str_replace.j2:1(<module>)
        1    0.000    0.000    0.000    0.000 cvar_to_addr_id.j2:1(<module>)
        1    0.000    0.000    0.000    0.000 __init__.py:1846(LoggerAdapter)
        1    0.000    0.000    0.000    0.000 grammar.py:85(Rule)
        1    0.000    0.000    0.000    0.000 unicode_escape.py:1(<module>)
        1    0.000    0.000    0.000    0.000 import.j2:1(<module>)
       31    0.000    0.000    0.000    0.000 {built-in method _sre.unicode_iscased}
        9    0.000    0.000    0.000    0.000 {method 'translate' of 'bytearray' objects}
        1    0.000    0.000    0.000    0.000 binary_in.j2:1(<module>)
        1    0.000    0.000    0.000    0.000 weakref.py:104(__init__)
        1    0.000    0.000    0.000    0.000 utils.py:238(FS)
        1    0.000    0.000    0.000    0.000 __init__.py:1110(StreamHandler)
        1    0.000    0.000    0.000    0.000 utils.py:50(Serialize)
        2    0.000    0.000    0.000    0.000 cache.py:1(<module>)
        1    0.000    0.000    0.000    0.000 float.j2:1(<module>)
        1    0.000    0.000    0.000    0.000 c_func_ref.j2:1(<module>)
        1    0.000    0.000    0.000    0.000 len.j2:1(<module>)
        1    0.000    0.000    0.000    0.000 alt_class.j2:1(<module>)
        1    0.000    0.000    0.000    0.000 move_assign_destruction.j2:1(<module>)
        1    0.000    0.000    0.000    0.000 str_encode.j2:1(<module>)
        1    0.000    0.000    0.000    0.000 lexer.py:213(compile_rules)
       12    0.000    0.000    0.000    0.000 idtracking.py:249(visit_NSRef)
        1    0.000    0.000    0.000    0.000 throw.j2:1(<module>)
        1    0.000    0.000    0.000    0.000 class_method.j2:1(<module>)
        1    0.000    0.000    0.000    0.000 cast_bin_to_str.j2:1(<module>)
       11    0.000    0.000    0.000    0.000 {method 'index' of 'tuple' objects}
       31    0.000    0.000    0.000    0.000 {method '__init_subclass__' of 'object' objects}
        1    0.000    0.000    0.000    0.000 cast_str_to_bin.j2:1(<module>)
        5    0.000    0.000    0.000    0.000 _parser.py:1005(addliteral)
        3    0.000    0.000    0.000    0.000 _parser.py:1013(addgroup)
        1    0.000    0.000    0.000    0.000 parser_frontends.py:41(ParsingFrontend)
        1    0.000    0.000    0.000    0.000 _str_format.j2:4(root)
        1    0.000    0.000    0.000    0.000 cvar_as_a.j2:1(<module>)
        1    0.000    0.000    0.000    0.000 _decl_class_var.j2:1(<module>)
        1    0.000    0.000    0.000    0.000 c_macro.j2:1(<module>)
        1    0.000    0.000    0.000    0.000 dict_get.j2:1(<module>)
        1    0.000    0.000    0.000    0.000 cvar_new_smart.j2:1(<module>)
        1    0.000    0.000    0.000    0.000 param_type.j2:1(<module>)
        1    0.000    0.000    0.000    0.000 cast_char.j2:1(<module>)
        9    0.000    0.000    0.000    0.000 _parser.py:303(checkgroupname)
        4    0.000    0.000    0.000    0.000 reflections.py:521(on_dict_type)
        1    0.000    0.000    0.000    0.000 grammar.py:60(RuleOptions)
        1    0.000    0.000    0.000    0.000 generic_call.j2:1(<module>)
        1    0.000    0.000    0.000    0.000 str_startswith.j2:1(<module>)
        1    0.000    0.000    0.000    0.000 dict_type.j2:1(<module>)
        1    0.000    0.000    0.000    0.000 str_split.j2:1(<module>)
        1    0.000    0.000    0.000    0.000 destructor.j2:1(<module>)
        1    0.000    0.000    0.000    0.000 continue.j2:1(<module>)
        1    0.000    0.000    0.000    0.000 break.j2:1(<module>)
        1    0.000    0.000    0.000    0.000 closure.j2:1(<module>)
        1    0.000    0.000    0.000    0.000 cvar_new_addr.j2:1(<module>)
        1    0.000    0.000    0.000    0.000 str_strip.j2:1(<module>)
        1    0.000    0.000    0.000    0.000 copy_constructor.j2:1(<module>)
       32    0.000    0.000    0.000    0.000 <frozen importlib._bootstrap_external>:1604(<genexpr>)
        1    0.000    0.000    0.000    0.000 __init__.py:1361(getLogger)
        1    0.000    0.000    0.000    0.000 idtracking.py:160(dump_param_targets)
       13    0.000    0.000    0.000    0.000 compiler.py:1369(_default_finalize)
        1    0.000    0.000    0.000    0.000 utils.py:97(SerializeMemoizer)
        1    0.000    0.000    0.000    0.000 load_grammar.py:226(EBNF_to_BNF)
        1    0.000    0.000    0.000    0.000 cvar_down.j2:1(<module>)
        1    0.000    0.000    0.000    0.000 list_sort.j2:1(<module>)
        1    0.000    0.000    0.000    0.000 cvar_self_to_raw.j2:1(<module>)
        1    0.000    0.000    0.004    0.004 py2cpp.py:1437(proc_binary_operation_fill_list)
        2    0.000    0.000    0.000    0.000 __init__.py:1477(__init__)
        1    0.000    0.000    0.000    0.000 finder.py:1(<module>)
        1    0.000    0.000    0.000    0.000 visitors.py:74(Transformer)
        1    0.000    0.000    0.000    0.000 cache.py:5(<generic parameters of EntryCache>)
        1    0.000    0.000    0.000    0.000 unicode_escape.py:37(getregentry)
        1    0.000    0.000    0.000    0.000 dict_keys.j2:1(<module>)
        1    0.000    0.000    0.000    0.000 str_find.j2:1(<module>)
        1    0.000    0.000    0.000    0.000 template_class.j2:1(<module>)
        1    0.000    0.000    0.000    0.000 while.j2:1(<module>)
        1    0.000    0.000    0.000    0.000 c_func_invoke.j2:1(<module>)
        1    0.000    0.000    0.000    0.000 list_pop.j2:1(<module>)
        1    0.000    0.000    0.000    0.000 print.j2:1(<module>)
        1    0.000    0.000    0.000    0.000 c_type_expr.j2:1(<module>)
        1    0.000    0.000    0.000    0.000 binary_fill_list.j2:1(<module>)
        9    0.000    0.000    0.000    0.000 evaluator.py:111(_bitwise)
        1    0.000    0.000    0.000    0.000 earley.py:27(Parser)
        1    0.000    0.000    0.000    0.000 load_grammar.py:819(FromPackageLoader)
        1    0.000    0.000    0.000    0.000 aug_assign.j2:1(<module>)
        1    0.000    0.000    0.000    0.000 str_endswith.j2:1(<module>)
        1    0.000    0.000    0.000    0.000 dict_comp.j2:1(<module>)
     11/4    0.000    0.000    0.000    0.000 <frozen abc>:121(__subclasscheck__)
        1    0.000    0.000    0.000    0.000 grammar.py:9(Symbol)
        1    0.000    0.000    0.038    0.038 parser.py:127(load)
        2    0.000    0.000    0.000    0.000 __init__.py:898(_addHandlerRef)
        1    0.000    0.000    0.000    0.000 earley_forest.py:25(SymbolNode)
        1    0.000    0.000    0.000    0.000 enum.j2:1(<module>)
        1    0.000    0.000    0.000    0.000 delete.j2:1(<module>)
        3    0.000    0.000    0.000    0.000 <frozen importlib._bootstrap>:463(_lock_unlock_module)
        1    0.000    0.000    0.000    0.000 typing.py:1326(__mro_entries__)
        6    0.000    0.000    0.000    0.000 typing.py:3119(_get_typeddict_qualifiers)
        1    0.000    0.000    0.000    0.000 __init__.py:600(__init__)
        1    0.000    0.000    0.000    0.000 __init__.py:1446(_clear_cache)
        1    0.000    0.000    0.000    0.000 custom_type.j2:1(<module>)
        1    0.000    0.000    0.000    0.000 cast_bin_to_bin.j2:1(<module>)
        1    0.000    0.000    0.000    0.000 ternary_operator.j2:1(<module>)
        1    0.000    0.000    0.000    0.000 enumerate.j2:1(<module>)
        6    0.000    0.000    0.000    0.000 <frozen importlib._bootstrap_external>:169(_path_isdir)
        1    0.000    0.000    0.000    0.000 visitors.py:360(Visitor)
        1    0.000    0.000    0.000    0.000 lexer.py:518(BasicLexer)
        1    0.000    0.000    0.000    0.000 cache.py:5(EntryCache)
        1    0.000    0.000    0.000    0.000 decl_this_var.j2:1(<module>)
        1    0.000    0.000    0.000    0.000 _str_format.j2:1(<module>)
        1    0.000    0.000    0.000    0.000 _method_body.j2:1(<module>)
        1    0.000    0.000    0.000    0.000 _decl_this_var.j2:1(<module>)
        1    0.000    0.000    0.000    0.000 else.j2:1(<module>)
        1    0.000    0.000    0.000    0.000 else_if.j2:1(<module>)
        1    0.000    0.000    0.000    0.000 null.j2:1(<module>)
        1    0.000    0.000    0.000    0.000 _statements_enum.j2:1(<module>)
        1    0.000    0.000    0.000    0.000 comp_for_range.j2:1(<module>)
        1    0.000    0.000    0.000    0.000 str_rfind.j2:1(<module>)
        1    0.000    0.000    0.000    0.000 range.j2:1(<module>)
        1    0.000    0.000    0.000    0.000 list_insert.j2:1(<module>)
        1    0.000    0.000    0.000    0.000 semantics.py:24(<lambda>)
        1    0.000    0.000    0.000    0.000 grammar_analysis.py:12(RulePtr)
        1    0.000    0.000    0.000    0.000 lalr_parser.py:17(LALR_Parser)
        1    0.000    0.000    0.000    0.000 parser_frontends.py:116(_validate_frontend_args)
        1    0.000    0.000    0.000    0.000 __init__.py:2128(getLogger)
        1    0.000    0.000    0.000    0.000 doc_string.j2:1(<module>)
        1    0.000    0.000    0.000    0.000 move_assign_dict.j2:1(<module>)
       13    0.000    0.000    0.000    0.000 <frozen abc>:7(abstractmethod)
        1    0.000    0.000    0.000    0.000 weakref.py:367(__init__)
        2    0.000    0.000    0.000    0.000 weakref.py:495(popitem)
        1    0.000    0.000    0.000    0.000 environment.py:1395(make_module)
        1    0.000    0.000    0.000    0.000 lark.py:40(PostLex)
        1    0.000    0.000    0.000    0.000 earley_forest.py:501(ForestToParseTree)
        1    0.000    0.000    0.000    0.000 import_i18n.j2:1(<module>)
        1    0.000    0.000    0.000    0.000 constructor.j2:1(<module>)
        1    0.000    0.000    0.000    0.000 entrypoint.j2:1(<module>)
        1    0.000    0.000    0.000    0.000 _after.j2:1(<module>)
        1    0.000    0.000    0.000    0.000 unary_operator.j2:1(<module>)
        1    0.000    0.000    0.000    0.000 binary_operator.j2:1(<module>)
        1    0.000    0.000    0.000    0.000 group.j2:1(<module>)
        1    0.000    0.000    0.000    0.000 list_extend.j2:1(<module>)
        1    0.000    0.000    0.000    0.000 cast_str_to_str.j2:1(<module>)
        1    0.000    0.000    0.000    0.000 <frozen importlib._bootstrap>:662(spec_from_loader)
        2    0.000    0.000    0.000    0.000 <frozen _collections_abc>:971(clear)
        4    0.000    0.000    0.001    0.000 visitors.py:569(_visitor_args_dec)
        1    0.000    0.000    0.000    0.000 visitors.py:407(Interpreter)
        1    0.000    0.000    0.000    0.000 lexer.py:625(ContextualLexer)
        1    0.000    0.000    0.000    0.000 load_grammar.py:382(SimplifyRule_Visitor)
        1    0.000    0.000    0.000    0.000 load_grammar.py:197(FindRuleSize)
        1    0.000    0.000    0.000    0.000 _block_constructor.j2:1(<module>)
        1    0.000    0.000    0.000    0.000 method.j2:1(<module>)
        3    0.000    0.000    0.000    0.000 cvar_new_addr.j2:4(root)
        1    0.000    0.000    0.000    0.000 list_comp.j2:1(<module>)
        1    0.000    0.000    0.000    0.000 pair.j2:1(<module>)
        1    0.000    0.000    0.000    0.000 _delete.j2:1(<module>)
        1    0.000    0.000    0.000    0.000 template.j2:1(<module>)
        3    0.000    0.000    0.000    0.000 enum.py:1435(_iter_member_by_value_)
        1    0.000    0.000    0.000    0.000 copyreg.py:107(_slotnames)
        3    0.000    0.000    0.000    0.000 nodes.py:637(can_assign)
        1    0.000    0.000    0.000    0.000 visitors.py:379(Visitor_Recursive)
        1    0.000    0.000    0.000    0.000 move_assign_declare.j2:1(<module>)
        1    0.000    0.000    0.000    0.000 relay_of_type.j2:1(<module>)
        1    0.000    0.000    0.000    0.000 _classify.j2:1(<module>)
        1    0.000    0.000    0.000    0.000 _inherits.j2:1(<module>)
        1    0.000    0.000    0.000    0.000 list.j2:1(<module>)
        1    0.000    0.000    0.000    0.000 if.j2:1(<module>)
        1    0.000    0.000    0.000    0.000 cast_enum.j2:1(<module>)
        1    0.000    0.000    0.000    0.000 falsy.j2:1(<module>)
        1    0.000    0.000    0.000    0.000 _definition_enum.j2:1(<module>)
        1    0.000    0.000    0.000    0.000 _lambda_params.j2:1(<module>)
        1    0.000    0.000    0.000    0.000 str_join.j2:1(<module>)
        1    0.000    0.000    0.000    0.000 slice_string.j2:1(<module>)
        5    0.000    0.000    0.000    0.000 typing.py:544(__getattr__)
        9    0.000    0.000    0.000    0.000 typing.py:1230(<genexpr>)
        2    0.000    0.000    0.000    0.000 idtracking.py:273(visit_Import)
        1    0.000    0.000    0.000    0.000 __init__.py:1462(Logger)
        1    0.000    0.000    0.000    0.000 load_grammar.py:616(TerminalTreeToPattern)
        1    0.000    0.000    0.000    0.000 __init__.py:1337(Manager)
        1    0.000    0.000    0.000    0.000 tree.py:16(Meta)
        1    0.000    0.000    0.000    0.000 lark.py:230(deserialize)
        1    0.000    0.000    0.000    0.000 utils.py:319(OrderedSet)
        1    0.000    0.000    0.000    0.000 common.py:72(ParserConf)
        1    0.000    0.000    0.010    0.010 utils.py:112(deserialize)
        1    0.000    0.000    0.000    0.000 cyk.py:21(Rule)
        1    0.000    0.000    0.000    0.000 string.j2:1(<module>)
        1    0.000    0.000    0.000    0.000 argument.j2:1(<module>)
        1    0.000    0.000    0.000    0.000 var.j2:1(<module>)
        1    0.000    0.000    0.000    0.000 anno_assign.j2:1(<module>)
        1    0.000    0.000    0.000    0.000 _params.j2:1(<module>)
        1    0.000    0.000    0.000    0.000 _initializer.j2:1(<module>)
        1    0.000    0.000    0.000    0.000 _block.j2:1(<module>)
        1    0.000    0.000    0.000    0.000 _signature_suffix.j2:1(<module>)
        1    0.000    0.000    0.000    0.000 list_type.j2:1(<module>)
        1    0.000    0.000    0.000    0.000 integer.j2:1(<module>)
        1    0.000    0.000    0.000    0.000 literalize.j2:1(<module>)
        1    0.000    0.000    0.000    0.000 class_ref.j2:1(<module>)
        1    0.000    0.000    0.000    0.000 callable_type.j2:1(<module>)
        1    0.000    0.000    0.000    0.000 compiler.py:697(macro_def)
        3    0.000    0.000    0.000    0.000 threading.py:122(RLock)
        1    0.000    0.000    0.000    0.000 lexer.py:405(LexerState)
        1    0.000    0.000    0.001    0.001 __init__.py:477(StrFormatStyle)
        1    0.000    0.000    0.000    0.000 grammar_analysis.py:140(GrammarAnalyzer)
        1    0.000    0.000    0.000    0.000 visitors.py:47(_Decoratable)
        1    0.000    0.000    0.000    0.000 __init__.py:444(PercentStyle)
        1    0.000    0.000    0.000    0.000 var_of_type.j2:1(<module>)
        1    0.000    0.000    0.000    0.000 _signature_prefix.j2:1(<module>)
        1    0.000    0.000    0.000    0.000 str_format.j2:1(<module>)
        1    0.000    0.000    0.000    0.000 comment.j2:1(<module>)
        1    0.000    0.000    0.000    0.000 return.j2:1(<module>)
        1    0.000    0.000    0.000    0.000 str_count.j2:1(<module>)
        1    0.000    0.000    0.000    0.000 _assign_dict.j2:1(<module>)
        1    0.000    0.000    0.000    0.000 transpile.py:192(make_parser_setting)
        1    0.000    0.000    0.000    0.000 parameter.j2:1(<module>)
        1    0.000    0.000    0.000    0.000 super.j2:1(<module>)
        1    0.000    0.000    0.000    0.000 _definition_class.j2:1(<module>)
        1    0.000    0.000    0.000    0.000 _statements.j2:1(<module>)
        1    0.000    0.000    0.000    0.000 move_assign.j2:1(<module>)
        1    0.000    0.000    0.000    0.000 lexer.py:501(AbstractBasicLexer)
        1    0.000    0.000    0.000    0.000 decorator.j2:1(<module>)
        1    0.000    0.000    0.000    0.000 this_ref.j2:1(<module>)
        1    0.000    0.000    0.000    0.000 _signature_common.j2:1(<module>)
        1    0.000    0.000    0.000    0.000 _return_type.j2:1(<module>)
        1    0.000    0.000    0.000    0.000 _constructor_inherits.j2:1(<module>)
        1    0.000    0.000    0.000    0.000 _post_definition.j2:1(<module>)
        1    0.000    0.000    0.000    0.000 cast_list.j2:1(<module>)
        1    0.000    0.000    0.000    0.000 <frozen codecs>:94(__new__)
        1    0.000    0.000    0.000    0.000 <frozen ntpath>:50(normcase)
        2    0.000    0.000    0.000    0.000 __init__.py:957(createLock)
        1    0.000    0.000    0.000    0.000 __init__.py:921(Handler)
        1    0.000    0.000    0.000    0.000 grammar_analysis.py:52(LR0ItemSet)
        1    0.000    0.000    0.000    0.000 visitors.py:255(TransformerChain)
        6    0.000    0.000    0.000    0.000 __init__.py:205(_checkLevel)
        1    0.000    0.000    0.000    0.000 truthy.j2:1(<module>)
        1    0.000    0.000    0.000    0.000 null_type.j2:1(<module>)
        1    0.000    0.000    0.000    0.000 _signature_constructor.j2:1(<module>)
        1    0.000    0.000    0.000    0.000 _prepare.j2:1(<module>)
       12    0.000    0.000    0.000    0.000 nodes.py:563(can_assign)
        1    0.000    0.000    0.000    0.000 parser.py:116(LarkStored)
        1    0.000    0.000    0.000    0.000 cache.py:4(cache_setting)
        1    0.000    0.000    0.000    0.000 resolver.py:8(NodeResolver)
        1    0.000    0.000    0.000    0.000 _before.j2:1(<module>)
        2    0.000    0.000    0.000    0.000 {built-in method _sre.template}
       14    0.000    0.000    0.000    0.000 {method 'isalnum' of 'str' objects}
        2    0.000    0.000    0.000    0.000 <frozen importlib._bootstrap_external>:1363(__init__)
        1    0.000    0.000    0.000    0.000 <frozen importlib._bootstrap>:501(_requires_builtin_wrapper)
        1    0.000    0.000    0.000    0.000 weakref.py:289(update)
       19    0.000    0.000    0.000    0.000 annotation.py:5(implements)
        1    0.000    0.000    0.000    0.000 runtime.py:663(__init__)
        4    0.000    0.000    0.000    0.000 compiler.py:749(mark_parameter_stored)
        1    0.000    0.000    0.000    0.000 exceptions.py:212(UnexpectedToken)
        5    0.000    0.000    0.000    0.000 traits.py:34(__init__)
        1    0.000    0.000    0.000    0.000 lexer.py:431(LexerThread)
        1    0.000    0.000    0.000    0.000 earley_forest.py:174(TokenNode)
        7    0.000    0.000    0.000    0.000 {built-in method sys.intern}
        1    0.000    0.000    0.000    0.000 <frozen importlib._bootstrap_external>:1318(create_module)
        3    0.000    0.000    0.000    0.000 enum.py:1445(_iter_member_by_def_)
        1    0.000    0.000    0.000    0.000 lexer.py:76(PatternStr)
        1    0.000    0.000    0.000    0.000 exceptions.py:171(UnexpectedCharacters)
        1    0.000    0.000    0.000    0.000 utils.py:194(Enumerator)
        1    0.000    0.000    0.000    0.000 earley_forest.py:110(PackedNode)
        1    0.000    0.000    0.000    0.000 visitors.py:494(__set_name__)
        1    0.000    0.000    0.000    0.000 grammar.py:37(Terminal)
        1    0.000    0.000    0.000    0.000 __init__.py:458(validate)
        1    0.000    0.000    0.000    0.000 lalr_analysis.py:78(IntParseTable)
        1    0.000    0.000    0.000    0.000 {built-in method _winapi.LCMapStringEx}
        7    0.000    0.000    0.000    0.000 __init__.py:432(<genexpr>)
        1    0.000    0.000    0.000    0.000 lexer.py:116(TerminalDef)
        1    0.000    0.000    0.000    0.000 lalr_parser.py:73(_Parser)
        1    0.000    0.000    0.000    0.000 visitors.py:465(_VArgsWrapper)
        1    0.000    0.000    0.000    0.000 visitors.py:274(Transformer_InPlace)
        2    0.000    0.000    0.000    0.000 {method 'tolist' of 'memoryview' objects}
        3    0.000    0.000    0.000    0.000 _parser.py:294(seek)
       13    0.000    0.000    0.000    0.000 statement_compound.py:292(declare)
        1    0.000    0.000    0.000    0.000 compiler.py:736(push_parameter_definitions)
        1    0.000    0.000    0.000    0.000 __init__.py:554(Formatter)
        1    0.000    0.000    0.000    0.000 lexer.py:93(PatternRE)
        1    0.000    0.000    0.000    0.000 parser.py:148(EntryStored)
        1    0.000    0.000    0.000    0.000 load_grammar.py:599(PrepareLiterals)
        5    0.000    0.000    0.000    0.000 typing.py:1105(__hash__)
        5    0.000    0.000    0.000    0.000 typing.py:1127(_is_typevar_like)
        5    0.000    0.000    0.000    0.000 compiler.py:699(<genexpr>)
        2    0.000    0.000    0.000    0.000 lexer.py:461(__new__)
        1    0.000    0.000    0.000    0.000 earley_common.py:5(Item)
        1    0.000    0.000    0.000    0.000 py2cpp.py:258(__accessible_name_for_function)
        4    0.000    0.000    0.000    0.000 __init__.py:819(__init__)
        1    0.000    0.000    0.000    0.000 __init__.py:1490(setLevel)
        1    0.000    0.000    0.000    0.000 earley_forest.py:364(ForestTransformer)
        1    0.000    0.000    0.000    0.000 load_grammar.py:440(PrepareAnonTerminals)
        1    0.000    0.000    0.000    0.000 lexer.py:454(Lexer)
        1    0.000    0.000    0.000    0.000 unicode_escape.py:13(Codec)
       13    0.000    0.000    0.000    0.000 {method 'isascii' of 'str' objects}
        1    0.000    0.000    0.000    0.000 <frozen importlib._bootstrap_external>:1326(exec_module)
        3    0.000    0.000    0.000    0.000 enum.py:115(_iter_bits_lsb)
        1    0.000    0.000    0.000    0.000 ast.py:1831(__getattr__)
        3    0.000    0.000    0.000    0.000 cvars.py:204(name_to_type)
        1    0.000    0.000    0.000    0.000 earley_forest.py:480(PackedData)
        1    0.000    0.000    0.000    0.000 earley_forest.py:725(ForestToPyDotVisitor)
        1    0.000    0.000    0.000    0.000 __init__.py:511(StringTemplateStyle)
        1    0.000    0.000    0.000    0.000 indenter.py:130(PythonIndenter)
        6    0.000    0.000    0.000    0.000 {method 'has_default' of 'typing.TypeVar' objects}
        2    0.000    0.000    0.000    0.000 functools.py:871(_is_valid_dispatch_type)
        1    0.000    0.000    0.000    0.000 <frozen importlib._bootstrap>:989(create_module)
        3    0.000    0.000    0.000    0.000 annotation.py:16(duck_typed)
        1    0.000    0.000    0.000    0.000 __init__.py:286(LogRecord)
        1    0.000    0.000    0.000    0.000 __init__.py:1342(__init__)
        1    0.000    0.000    0.000    0.000 exceptions.py:147(UnexpectedEOF)
        1    0.000    0.000    0.000    0.000 visitors.py:289(Transformer_NonRecursive)
        2    0.000    0.000    0.000    0.000 earley_forest.py:223(__init__)
        4    0.000    0.000    0.000    0.000 {built-in method sys._getframemodulename}
        1    0.000    0.000    0.000    0.000 __init__.py:1409(_fixupParents)
        4    0.000    0.000    0.000    0.000 annotation.py:41(injectable)
        2    0.000    0.000    0.000    0.000 lexer.py:259(__init__)
        1    0.000    0.000    0.000    0.000 __init__.py:1277(__init__)
        1    0.000    0.000    0.000    0.000 lalr_analysis.py:21(Action)
        1    0.000    0.000    0.000    0.000 grammar.py:54(NonTerminal)
        1    0.000    0.000    0.000    0.000 lexer.py:274(LineCounter)
        2    0.000    0.000    0.000    0.000 {method 'setter' of 'property' objects}
        2    0.000    0.000    0.000    0.000 typing.py:1973(_caller)
        1    0.000    0.000    0.000    0.000 <string>:1(<module>)
        1    0.000    0.000    0.000    0.000 __init__.py:1119(__init__)
        1    0.000    0.000    0.000    0.000 __init__.py:1271(_StderrHandler)
        1    0.000    0.000    0.000    0.000 __init__.py:1835(__init__)
        1    0.000    0.000    0.000    0.000 exceptions.py:264(VisitError)
        1    0.000    0.000    0.000    0.000 visitors.py:21(_DiscardType)
        1    0.000    0.000    0.000    0.000 parser_frontends.py:135(PostLexConnector)
        1    0.000    0.000    0.000    0.000 earley_forest.py:204(ForestVisitor)
        2    0.000    0.000    0.000    0.000 typing.py:1754(<genexpr>)
        1    0.000    0.000    0.000    0.000 compiler.py:394(return_buffer_contents)
        1    0.000    0.000    0.000    0.000 trait.py:60(__init__)
        1    0.000    0.000    0.000    0.000 traits.py:16(export_classes)
        1    0.000    0.000    0.000    0.000 __init__.py:1682(addHandler)
        1    0.000    0.000    0.000    0.000 earley_forest.py:445(ForestSumVisitor)
        1    0.000    0.000    0.000    0.000 cyk.py:79(Parser)
        1    0.000    0.000    0.000    0.000 parse_tree_builder.py:190(AmbiguousExpander)
        1    0.000    0.000    0.000    0.000 earley_common.py:1(<module>)
        1    0.000    0.000    0.000    0.000 __init__.py:2264(NullHandler)
        1    0.000    0.000    0.000    0.000 parser_frontends.py:220(CYK_FrontEnd)
        1    0.000    0.000    0.000    0.000 __init__.py:451(__init__)
        1    0.000    0.000    0.000    0.000 load_grammar.py:906(PrepareGrammar)
        2    0.000    0.000    0.000    0.000 lalr_analysis.py:22(__init__)
        1    0.000    0.000    0.000    0.000 lalr_interactive_parser.py:130(ImmutableInteractiveParser)
        2    0.000    0.000    0.000    0.000 {method 'popitem' of 'dict' objects}
        2    0.000    0.000    0.000    0.000 {method 'cast' of 'memoryview' objects}
        2    0.000    0.000    0.000    0.000 enum.py:1452(<lambda>)
        1    0.000    0.000    0.000    0.000 compiler.py:158(__init__)
        1    0.000    0.000    0.000    0.000 runtime.py:247(get_exported)
        3    0.000    0.000    0.000    0.000 exceptions.py:19(assert_config)
        1    0.000    0.000    0.000    0.000 __init__.py:735(BufferingFormatter)
        1    0.000    0.000    0.000    0.000 parser.py:20(__init__)
        1    0.000    0.000    0.000    0.000 parse_tree_builder.py:16(ExpandSingleChild)
        1    0.000    0.000    0.000    0.000 lalr_analysis.py:39(__init__)
        1    0.000    0.000    0.000    0.000 load_grammar.py:495(_ReplaceSymbols)
        1    0.000    0.000    0.000    0.000 parse_tree_builder.py:28(PropagatePositions)
        1    0.000    0.000    0.000    0.000 parse_tree_builder.py:83(make_propagate_positions)
        1    0.000    0.000    0.000    0.000 load_grammar.py:427(RuleTreeToText)
        1    0.000    0.000    0.000    0.000 cyk.py:49(Grammar)
        1    0.000    0.000    0.000    0.000 cyk.py:215(UnitSkipRule)
        1    0.000    0.000    0.000    0.000 {built-in method time.time_ns}
        1    0.000    0.000    0.000    0.000 <string>:2(__init__)
        1    0.000    0.000    0.000    0.000 idtracking.py:270(visit_Macro)
        1    0.000    0.000    0.000    0.000 __init__.py:814(Filterer)
        1    0.000    0.000    0.000    0.000 persistent.py:53(__init__)
        1    0.000    0.000    0.000    0.000 parse_tree_builder.py:230(AmbiguousIntermediateExpander)
        1    0.000    0.000    0.000    0.000 visitors.py:345(VisitorBase)
        1    0.000    0.000    0.000    0.000 parser_frontends.py:167(EarleyRegexpMatcher)
        1    0.000    0.000    0.000    0.000 earley_forest.py:106(StableSymbolNode)
        1    0.000    0.000    0.000    0.000 cyk.py:66(RuleNode)
        1    0.000    0.000    0.000    0.000 lexer.py:356(Scanner)
        1    0.000    0.000    0.000    0.000 parse_tree_builder.py:331(ParseTreeBuilder)
        1    0.000    0.000    0.000    0.000 visitors.py:579(CollapseAmbiguities)
        1    0.000    0.000    0.000    0.000 earley_forest.py:22(ForestNode)
        1    0.000    0.000    0.000    0.000 __init__.py:1189(FileHandler)
        1    0.000    0.000    0.000    0.000 __init__.py:1295(PlaceHolder)
        1    0.000    0.000    0.000    0.000 __init__.py:1357(disable)
        1    0.000    0.000    0.000    0.000 load_grammar.py:513(ApplyTemplates)
        1    0.000    0.000    0.000    0.000 load_grammar.py:667(ValidateSymbols)
        1    0.000    0.000    0.000    0.000 load_grammar.py:1078(Definition)
        1    0.000    0.000    0.000    0.000 lalr_analysis.py:70(ParseTable)
        1    0.000    0.000    0.000    0.000 indenter.py:12(DedentError)
        1    0.000    0.000    0.000    0.000 cyk.py:184(CnfWrapper)
        1    0.000    0.000    0.000    0.000 unicode_escape.py:20(IncrementalEncoder)
        1    0.000    0.000    0.000    0.000 {method 'setdefault' of 'dict' objects}
        1    0.000    0.000    0.000    0.000 <frozen importlib._bootstrap>:997(exec_module)
        2    0.000    0.000    0.000    0.000 <frozen importlib._bootstrap_external>:1439(exec_module)
        2    0.000    0.000    0.000    0.000 <frozen _collections_abc>:439(__subclasshook__)
        2    0.000    0.000    0.000    0.000 typing.py:3155(<genexpr>)
        1    0.000    0.000    0.000    0.000 typing.py:3719(override)
        1    0.000    0.000    0.000    0.000 ast.py:18(source_provider)
        1    0.000    0.000    0.000    0.000 compiler.py:745(pop_parameter_definitions)
        1    0.000    0.000    0.000    0.000 visitors.py:513(v_args)
        1    0.000    0.000    0.000    0.000 exceptions.py:11(LarkError)
        1    0.000    0.000    0.000    0.000 cache.py:218(__init__)
        1    0.000    0.000    0.000    0.000 parse_tree_builder.py:117(ChildFilterLALR)
        1    0.000    0.000    0.000    0.000 parse_tree_builder.py:139(ChildFilterLALR_NoPlaceholders)
        1    0.000    0.000    0.000    0.000 visitors.py:243(InlineTransformer)
        1    0.000    0.000    0.000    0.000 visitors.py:336(Transformer_InPlaceRecursive)
        1    0.000    0.000    0.000    0.000 lalr_parser.py:78(__init__)
        1    0.000    0.000    0.000    0.000 getpass.py:25(GetPassWarning)
        1    0.000    0.000    0.000    0.000 tree.py:215(SlottedTree)
        1    0.000    0.000    0.000    0.000 utils.py:249(fzset)
        1    0.000    0.000    0.000    0.000 __init__.py:777(Filter)
        1    0.000    0.000    0.000    0.000 load_grammar.py:833(__init__)
        1    0.000    0.000    0.000    0.000 lexer.py:307(UnlessCallback)
        1    0.000    0.000    0.000    0.000 lexer.py:318(CallChain)
        1    0.000    0.000    0.000    0.000 earley_forest.py:485(_NoData)
        1    0.000    0.000    0.000    0.000 indenter.py:82(always_accept)
        1    0.000    0.000    0.000    0.000 {method 'get' of 'mappingproxy' objects}
        2    0.000    0.000    0.000    0.000 {method 'isdisjoint' of 'set' objects}
        1    0.000    0.000    0.000    0.000 parser.py:119(__init__)
        1    0.000    0.000    0.000    0.000 exceptions.py:289(MissingVariableError)
        1    0.000    0.000    0.000    0.000 semantics.py:15(trait_provider)
        1    0.000    0.000    0.000    0.000 parse_tree_builder.py:94(ChildFilter)
        1    0.000    0.000    0.000    0.000 grammar.py:15(__init__)
        1    0.000    0.000    0.000    0.000 __init__.py:1829(RootLogger)
        1    0.000    0.000    0.000    0.000 serializer.py:25(__init__)
        1    0.000    0.000    0.000    0.000 unicode_escape.py:24(IncrementalDecoder)
        1    0.000    0.000    0.000    0.000 unicode_escape.py:31(StreamReader)
        1    0.000    0.000    0.000    0.000 {built-in method atexit.register}
        1    0.000    0.000    0.000    0.000 {built-in method _imp.exec_builtin}
        2    0.000    0.000    0.000    0.000 __init__.py:257(_register_at_fork_reinit_lock)
        1    0.000    0.000    0.000    0.000 exceptions.py:24(GrammarError)
        1    0.000    0.000    0.000    0.000 exceptions.py:28(ParseError)
        1    0.000    0.000    0.000    0.000 exceptions.py:15(ConfigurationError)
        1    0.000    0.000    0.000    0.000 parser_frontends.py:136(__init__)
        2    0.000    0.000    0.000    0.000 visitors.py:70(__class_getitem__)
        1    0.000    0.000    0.000    0.000 unicode_escape.py:28(StreamWriter)
        2    0.000    0.000    0.000    0.000 {method 'clear' of 'dict' objects}
        1    0.000    0.000    0.000    0.000 <frozen importlib._bootstrap>:1014(is_package)
        1    0.000    0.000    0.000    0.000 <frozen importlib._bootstrap_external>:1307(__init__)
        1    0.000    0.000    0.000    0.000 annotation.py:24(decorator)
        1    0.000    0.000    0.000    0.000 exceptions.py:32(LexError)


