         7290208 function calls (6914035 primitive calls) in 2.597 seconds

   Ordered by: internal time

   ncalls  tottime  percall  cumtime  percall filename:lineno(function)
    22427    0.107    0.000    0.182    0.000 cache.py:74(add)
452758/450818    0.071    0.000    0.180    0.000 {method 'join' of 'str' objects}
   199839    0.065    0.000    0.096    0.000 dsn.py:28(join)
18033/17927    0.043    0.000    0.646    0.000 di.py:142(invoke)
 22427/14    0.041    0.000    0.109    0.008 finder.py:90(full_pathfy)
    51277    0.039    0.000    0.063    0.000 path.py:57(joined)
   169719    0.039    0.000    0.039    0.000 {method 'split' of 'str' objects}
511153/510957    0.038    0.000    0.038    0.000 {built-in method builtins.len}
83338/67576    0.037    0.000    0.573    0.000 memo2.py:35(get)
     4829    0.036    0.000    0.096    0.000 runtime.py:93(new_context)
   323616    0.035    0.000    0.038    0.000 {built-in method builtins.isinstance}
310373/201737    0.035    0.000    0.481    0.000 {built-in method builtins.getattr}
86230/41232    0.032    0.000    0.062    0.000 reflection.py:337(types)
 22427/14    0.031    0.000    0.041    0.003 entry.py:164(__loads)
    41188    0.030    0.000    0.080    0.000 module.py:32(full_joined)
      142    0.029    0.000    0.029    0.000 {built-in method builtins.compile}
    90056    0.028    0.000    0.064    0.000 di.py:321(__symbolize)
36014/35845    0.028    0.000    0.537    0.000 di.py:359(resolve)
24417/7905    0.027    0.000    0.056    0.000 cache.py:49(group_by)
    73444    0.026    0.000    0.044    0.000 module.py:89(parsed)
    56575    0.025    0.000    0.042    0.000 dsn.py:16(elements)
   162356    0.025    0.000    0.038    0.000 di.py:104(_acceptable_symbol)
    38161    0.024    0.000    0.133    0.000 module.py:146(join)
   226235    0.023    0.000    0.023    0.000 {method 'pop' of 'list' objects}
    41290    0.022    0.000    0.049    0.000 path.py:10(join)
23437/20682    0.022    0.000    0.508    0.000 resolver.py:33(resolve)
   101063    0.021    0.000    0.029    0.000 reflection.py:355(origin)
    96456    0.021    0.000    0.021    0.000 __init__.py:1013(__getitem__)
1830/1829    0.020    0.000    0.028    0.000 {built-in method builtins.__build_class__}
     5070    0.020    0.000    0.201    0.000 finder.py:110(__make_scopes)
    53906    0.019    0.000    0.066    0.000 di.py:300(can_resolve)
    64105    0.019    0.000    0.057    0.000 module.py:125(__init__)
    14526    0.019    0.000    0.028    0.000 finder.py:130(__aligned_children)
    14314    0.018    0.000    0.042    0.000 finder.py:124(__allow_scope)
    37569    0.018    0.000    0.037    0.000 nodes.py:169(iter_child_nodes)
   108090    0.017    0.000    0.017    0.000 module.py:57(to_fullyname)
    20523    0.017    0.000    0.021    0.000 node.py:31(__init__)
    14837    0.017    0.000    0.114    0.000 finder.py:193(__each_find_raw)
     9689    0.016    0.000    0.022    0.000 reflection.py:321(__init__)
     7231    0.016    0.000    0.030    0.000 lexer.py:669(tokeniter)
    27269    0.016    0.000    0.073    0.000 query.py:196(values)
   107981    0.016    0.000    0.016    0.000 cache.py:14(exists)
    22112    0.016    0.000    0.072    0.000 path.py:170(shift)
    27149    0.015    0.000    0.091    0.000 node.py:387(_values)
25950/25368    0.015    0.000    0.513    0.000 node.py:353(_children)
    72192    0.014    0.000    0.030    0.000 di.py:131(__find_symbol)
    55671    0.014    0.000    0.020    0.000 {built-in method builtins.hasattr}
    38970    0.014    0.000    0.031    0.000 module.py:53(local_joined)
9708/4652    0.014    0.000    1.547    0.000 procedure.py:127(__action)
25950/25368    0.014    0.000    0.476    0.000 query.py:134(children)
    68277    0.014    0.000    0.014    0.000 entry.py:26(name)
       28    0.014    0.000    0.014    0.000 decoder.py:351(raw_decode)
      166    0.014    0.000    0.014    0.000 {built-in method _io.open}
     8848    0.013    0.000    0.014    0.000 __init__.py:1027(__iter__)
    48299    0.013    0.000    0.050    0.000 path.py:47(elements)
    48599    0.013    0.000    0.021    0.000 cache.py:34(by)
     9708    0.013    0.000    0.057    0.000 procedure.py:168(__make_event)
    27149    0.012    0.000    0.107    0.000 node.py:173(tokens)
83338/67576    0.012    0.000    0.545    0.000 memo2.py:16(get)
     9731    0.012    0.000    0.099    0.000 finder.py:59(by_standard)
    13740    0.012    0.000    0.025    0.000 node.py:183(prop_keys)
23437/20682    0.012    0.000    0.524    0.000 query.py:30(__resolve)
    91804    0.011    0.000    0.011    0.000 {method 'append' of 'list' objects}
9708/4652    0.011    0.000    1.493    0.000 middleware.py:110(__emit)
9708/4652    0.011    0.000    1.537    0.000 procedure.py:142(__emit)
     3412    0.011    0.000    0.124    0.000 traits.py:59(actualize)
9708/2431    0.010    0.000    0.471    0.000 node.py:241(procedural)
3853/3333    0.010    0.000    0.447    0.000 query.py:145(factory)
     4829    0.010    0.000    0.020    0.000 runtime.py:165(__init__)
    21147    0.010    0.000    0.041    0.000 path.py:76(last)
    67250    0.010    0.000    0.014    0.000 nodes.py:147(iter_fields)
20502/11204    0.010    0.000    0.016    0.000 reflection.py:370(attrs)
9708/4652    0.010    0.000    1.558    0.000 procedure.py:109(__process)
    10284    0.010    0.000    0.010    0.000 {method 'sub' of 're.Pattern' objects}
     9956    0.010    0.000    0.015    0.000 node.py:64(__eq__)
   121565    0.010    0.000    0.010    0.000 base.py:208(active)
     5070    0.009    0.000    0.342    0.000 finder.py:94(find_by_symbolic)
36014/35845    0.009    0.000    0.428    0.000 di.py:83(resolve)
    12904    0.009    0.000    0.015    0.000 node.py:98(classification)
6190/1938    0.009    0.000    0.022    0.000 sequence.py:32(expand)
     8760    0.008    0.000    0.014    0.000 reflection.py:240(__getattr__)
22879/19518    0.008    0.000    0.083    0.000 node.py:134(scope)
     6537    0.008    0.000    0.025    0.000 reflection.py:115(stack)
13017/122    0.008    0.000    0.101    0.001 visitor.py:35(visit)
    76099    0.008    0.000    0.008    0.000 node.py:88(full_path)
    14526    0.008    0.000    0.009    0.000 entry.py:43(children)
8760/8614    0.008    0.000    0.368    0.000 trait.py:132(<lambda>)
    36150    0.007    0.000    0.023    0.000 di.py:32(__inner_binded)
     2708    0.007    0.000    0.073    0.000 primary.py:818(is_decl_local_var)
   100475    0.007    0.000    0.015    0.000 <frozen _collections_abc>:873(__iter__)
    13769    0.007    0.000    0.072    0.000 path.py:103(parent_tag)
    89405    0.007    0.000    0.007    0.000 path.py:34(__init__)
10831/8623    0.007    0.000    0.015    0.000 utils.py:76(deserialize)
    36014    0.007    0.000    0.030    0.000 di.py:21(can_resolve)
4496/2504    0.007    0.000    0.019    0.000 runtime.py:262(call)
    21147    0.007    0.000    0.010    0.000 path.py:112(__break_tag)
     3488    0.007    0.000    0.051    0.000 query.py:77(factory)
    51364    0.007    0.000    0.007    0.000 {method 'items' of 'dict' objects}
    22827    0.007    0.000    0.007    0.000 {method 'match' of 're.Pattern' objects}
    14231    0.007    0.000    0.113    0.000 finder.py:160(__find_raw)
15529/14779    0.007    0.000    0.157    0.000 query.py:52(by)
     3284    0.007    0.000    0.009    0.000 nodes.py:129(__init__)
    42663    0.006    0.000    0.006    0.000 {method 'find' of 'str' objects}
    12244    0.006    0.000    0.023    0.000 node.py:283(_exists)
    33953    0.006    0.000    0.006    0.000 db.py:64(__contains__)
    54108    0.006    0.000    0.006    0.000 di.py:311(__can_resolve)
5069/4001    0.006    0.000    0.382    0.000 defer.py:55(__getattribute__)
12016/11266    0.006    0.000    0.164    0.000 node.py:293(_by)
 9453/575    0.006    0.000    0.024    0.000 nodes.py:195(find_all)
11808/11678    0.006    0.000    0.250    0.000 node.py:305(_at)
     4971    0.006    0.000    0.013    0.000 utils.py:497(__getitem__)
    35338    0.006    0.000    0.006    0.000 {method 'count' of 'str' objects}
     7022    0.006    0.000    0.009    0.000 node.py:435(one_of)
     1075    0.006    0.000    0.227    0.000 reflections.py:425(on_relay)
     8515    0.006    0.000    0.116    0.000 reflections.py:60(type_is)
     4018    0.006    0.000    0.215    0.000 environment.py:1272(render)
       14    0.006    0.000    0.297    0.021 query.py:16(__init__)
       46    0.005    0.000    0.005    0.000 {built-in method _io.open_code}
     9489    0.005    0.000    0.021    0.000 __init__.py:183(sub)
     4346    0.005    0.000    0.005    0.000 {method 'remove' of 'collections.deque' objects}
    41370    0.005    0.000    0.005    0.000 {method 'values' of 'dict' objects}
     4876    0.005    0.000    0.039    0.000 lexer.py:615(wrap)
      824    0.005    0.000    0.010    0.000 template.py:49(__init__)
     5841    0.005    0.000    0.008    0.000 trait.py:84(implements)
     4018    0.005    0.000    0.412    0.000 render.py:89(render)
     3933    0.005    0.000    0.040    0.000 query.py:205(factory)
     4032    0.005    0.000    0.455    0.000 node.py:260(__prop_expand)
   2431/1    0.005    0.000    1.995    1.995 procedure.py:72(__exec_impl)
    27714    0.005    0.000    0.008    0.000 node.py:410(is_a)
     5841    0.005    0.000    0.014    0.000 reflection.py:191(impl)
 6876/933    0.005    0.000    0.026    0.000 visitor.py:44(generic_visit)
    48540    0.005    0.000    0.005    0.000 procedure.py:93(__stack)
9708/4652    0.005    0.000    1.496    0.000 middleware.py:99(emit)
    10230    0.005    0.000    0.008    0.000 dsn.py:4(elem_counts)
      590    0.005    0.000    0.338    0.001 py2cpp.py:825(on_relay)
     6526    0.005    0.000    0.042    0.000 statement_compound.py:346(_dig_embedder)
     1670    0.005    0.000    0.039    0.000 node.py:482(dirty_proxify)
 1998/456    0.004    0.000    0.015    0.000 visitor.py:61(generic_visit)
      122    0.004    0.000    0.004    0.000 {method 'read' of '_io.TextIOWrapper' objects}
    20764    0.004    0.000    0.006    0.000 node.py:420(as_a)
     9858    0.004    0.000    0.010    0.000 __init__.py:330(_compile)
    21357    0.004    0.000    0.004    0.000 db.py:18(__getitem__)
     1181    0.004    0.000    0.137    0.000 serializer.py:63(deserialize)
        1    0.004    0.004    0.008    0.008 lalr_analysis.py:60(deserialize)
      682    0.004    0.000    0.010    0.000 template.py:283(_normalize_props)
     8011    0.004    0.000    0.026    0.000 statement_compound.py:305(decorators)
     1181    0.004    0.000    0.012    0.000 serializer.py:90(_deserialize_attrs)
     2933    0.004    0.000    0.042    0.000 traits.py:140(_actualize_type)
     7277    0.004    0.000    0.006    0.000 procedure.py:204(__stack_pop)
    13017    0.004    0.000    0.007    0.000 visitor.py:28(get_visitor)
      386    0.004    0.000    0.004    0.000 {built-in method nt._path_isfile}
     2426    0.004    0.000    0.009    0.000 reflection.py:126(to)
    18401    0.004    0.000    0.004    0.000 {method 'update' of 'dict' objects}
     4849    0.004    0.000    0.255    0.000 environment.py:953(_load_template)
     6643    0.004    0.000    0.006    0.000 procedure.py:192(__is_prop_list_by)
     6001    0.004    0.000    0.016    0.000 path.py:146(de_identify)
     4265    0.003    0.000    0.076    0.000 statement_compound.py:582(symbol)
     4032    0.003    0.000    0.447    0.000 node.py:275(__prop_of_nodes)
     5070    0.003    0.000    0.010    0.000 module.py:101(expanded)
     5340    0.003    0.000    0.064    0.000 node.py:178(parent)
    41238    0.003    0.000    0.003    0.000 reflection.py:292(types)
     6851    0.003    0.000    0.005    0.000 compiler.py:453(write)
   9777/9    0.003    0.000    0.011    0.001 utils.py:37(_deserialize)
     9731    0.003    0.000    0.102    0.000 reflections.py:83(from_standard)
    26116    0.003    0.000    0.003    0.000 {method 'endswith' of 'str' objects}
    14539    0.003    0.000    0.003    0.000 {built-in method __new__ of type object at 0x00007FFEC15E28A0}
    12244    0.003    0.000    0.005    0.000 query.py:41(exists)
3395/1276    0.003    0.000    0.068    0.000 node.py:137(factory)
    50284    0.003    0.000    0.003    0.000 typing.py:2371(cast)
        1    0.003    0.003    0.003    0.003 {built-in method _pickle.load}
     5138    0.003    0.000    0.099    0.000 statement_compound.py:277(domain_name)
     5216    0.003    0.000    0.043    0.000 statement_compound.py:330(actual_symbol)
     5389    0.003    0.000    0.003    0.000 node.py:499(__getattribute__)
    17239    0.003    0.000    0.003    0.000 entry.py:55(value)
     1597    0.003    0.000    0.026    0.000 template.py:227(unpack_templates)
10781/5114    0.003    0.000    0.044    0.000 {built-in method builtins.next}
       79    0.003    0.000    0.003    0.000 {method 'read' of '_io.BufferedReader' objects}
    21402    0.003    0.000    0.003    0.000 {built-in method builtins.setattr}
     4849    0.003    0.000    0.259    0.000 environment.py:978(get_template)
    20199    0.003    0.000    0.003    0.000 node.py:83(module_path)
     8809    0.003    0.000    0.004    0.000 lexer.py:277(test)
     5851    0.003    0.000    0.003    0.000 {method 'mro' of 'type' objects}
     5152    0.003    0.000    0.018    0.000 statement_compound.py:590(decorators)
    22294    0.003    0.000    0.003    0.000 {method 'startswith' of 'str' objects}
    22476    0.003    0.000    0.003    0.000 entry.py:37(has_child)
 1998/456    0.003    0.000    0.017    0.000 optimizer.py:31(generic_visit)
      622    0.003    0.000    0.152    0.000 py2cpp.py:920(on_var)
    11712    0.003    0.000    0.005    0.000 query.py:147(<lambda>)
     3950    0.003    0.000    0.140    0.000 primary.py:233(receiver)
     8953    0.003    0.000    0.004    0.000 resolver.py:93(resolve)
     5340    0.003    0.000    0.060    0.000 query.py:66(parent)
   2431/1    0.002    0.000    1.995    1.995 procedure.py:55(exec)
  357/122    0.002    0.000    0.073    0.001 parser.py:988(subparse)
      289    0.002    0.000    0.147    0.001 py2cpp.py:1210(analyze_func_call_spec)
     8760    0.002    0.000    0.002    0.000 trait.py:117(get)
     3848    0.002    0.000    0.389    0.000 py2cpp.py:153(render)
4757/4427    0.002    0.000    0.351    0.000 reflections.py:245(__resolve_raw)
      330    0.002    0.000    0.002    0.000 {built-in method nt.stat}
    12893    0.002    0.000    0.002    0.000 runtime.py:229(resolve_or_missing)
     1665    0.002    0.000    0.150    0.000 reflections.py:452(on_var)
      824    0.002    0.000    0.023    0.000 template.py:431(build)
     2005    0.002    0.000    0.005    0.000 dsn.py:111(relativefy)
     2294    0.002    0.000    0.005    0.000 traits.py:119(_actualize_self)
     2775    0.002    0.000    0.002    0.000 defer.py:46(__init__)
    20537    0.002    0.000    0.002    0.000 memo2.py:31(__init__)
    13614    0.002    0.000    0.002    0.000 resolver.py:54(can_resolve)
     2604    0.002    0.000    0.688    0.000 reflections.py:107(type_of)
     3246    0.002    0.000    0.004    0.000 path.py:21(identify)
      698    0.002    0.000    0.040    0.000 template.py:165(returns)
     4829    0.002    0.000    0.098    0.000 environment.py:1378(new_context)
     1310    0.002    0.000    0.066    0.000 naming.py:57(domain_name)
    15658    0.002    0.000    0.002    0.000 {method 'pop' of 'dict' objects}
    18130    0.002    0.000    0.002    0.000 {method 'keys' of 'dict' objects}
     3707    0.002    0.000    0.015    0.000 primary.py:240(prop)
     9533    0.002    0.000    0.003    0.000 node.py:158(can_expand)
    13685    0.002    0.000    0.002    0.000 {method 'write' of '_io.StringIO' objects}
    10447    0.002    0.000    0.002    0.000 middleware.py:89(usable)
     1202    0.002    0.000    0.010    0.000 primary.py:750(is_decl_this_var)
      122    0.002    0.000    0.100    0.001 compiler.py:829(visit_Template)
     1558    0.002    0.000    0.101    0.000 traits.py:242(prop_of)
      289    0.002    0.000    0.216    0.001 py2cpp.py:1038(on_func_call)
     3905    0.002    0.000    0.003    0.000 default.j2:4(root)
    21600    0.002    0.000    0.002    0.000 reflection.py:343(decl)
     7241    0.002    0.000    0.018    0.000 path.py:94(last_tag)
    23361    0.002    0.000    0.002    0.000 reflection.py:97(_traits)
     1744    0.002    0.000    0.011    0.000 string.py:15(snakelize)
    19833    0.002    0.000    0.002    0.000 convertion.py:4(safe_cast)
     4951    0.002    0.000    0.002    0.000 nodes.py:76(__init__)
     2431    0.002    0.000    0.003    0.000 procedure.py:98(__result)
        1    0.002    0.002    0.013    0.013 lexer.py:655(__init__)
     4040    0.002    0.000    0.002    0.000 <frozen _collections_abc>:823(keys)
      824    0.002    0.000    0.008    0.000 traits.py:462(_build_schema)
      144    0.002    0.000    0.002    0.000 typing.py:260(_collect_type_parameters)
    14933    0.002    0.000    0.002    0.000 memo2.py:7(__init__)
    12816    0.002    0.000    0.002    0.000 {method 'group' of 're.Match' objects}
     2775    0.002    0.000    0.004    0.000 defer.py:19(new)
     1581    0.002    0.000    0.038    0.000 primary.py:538(arguments)
     9331    0.002    0.000    0.003    0.000 utils.py:81(from_obj)
     4863    0.002    0.000    0.004    0.000 lexer.py:202(__new__)
     1806    0.002    0.000    0.005    0.000 embed.py:170(dig_for_method)
     2696    0.002    0.000    0.053    0.000 traits.py:101(_actualize_nullable)
       28    0.002    0.000    0.002    0.000 {built-in method marshal.loads}
      890    0.002    0.000    0.002    0.000 node.py:227(__embed_classes)
     4971    0.002    0.000    0.014    0.000 utils.py:463(get)
     6554    0.002    0.000    0.002    0.000 {method 'get' of 'dict' objects}
     1806    0.002    0.000    0.003    0.000 embed.py:98(get_from_method)
     4959    0.002    0.000    0.042    0.000 lexer.py:380(__next__)
     4563    0.002    0.000    0.005    0.000 path.py:42(valid)
      300    0.002    0.000    0.015    0.000 compiler.py:1482(visit_Output)
      731    0.002    0.000    0.067    0.000 traits.py:378(returns)
     4427    0.002    0.000    0.353    0.000 reflections.py:228(resolve)
     4863    0.002    0.000    0.002    0.000 lexer.py:213(_future_new)
    22427    0.002    0.000    0.002    0.000 entry.py:12(__init__)
     3414    0.002    0.000    0.007    0.000 compiler.py:467(writeline)
      203    0.002    0.000    0.002    0.000 {method '__exit__' of '_io._IOBase' objects}
      972    0.001    0.000    0.009    0.000 primary.py:709(is_decl_class_var)
      472    0.001    0.000    0.002    0.000 <frozen importlib._bootstrap_external>:101(_path_join)
1143/1035    0.001    0.000    0.016    0.000 parser.py:646(parse_primary)
     2906    0.001    0.000    0.045    0.000 traits.py:47(type_is)
     5418    0.001    0.000    0.003    0.000 {built-in method builtins.any}
      947    0.001    0.000    0.024    0.000 node.py:508(dirty_child)
     1501    0.001    0.000    0.025    0.000 primary.py:773(is_param_class)
      971    0.001    0.000    0.005    0.000 primary.py:723(is_decl_this_var_forward)
     1670    0.001    0.000    0.001    0.000 node.py:498(Proxy)
     1907    0.001    0.000    0.114    0.000 general.py:50(whole_by)
      666    0.001    0.000    0.008    0.000 finder.py:238(__find_library_raw)
     4661    0.001    0.000    0.002    0.000 resolver.py:23(can_resolve)
     2849    0.001    0.000    0.012    0.000 statement_compound.py:428(decorators)
     9608    0.001    0.000    0.001    0.000 {built-in method builtins.iter}
     1027    0.001    0.000    0.005    0.000 lexer.py:580(<genexpr>)
    10144    0.001    0.000    0.001    0.000 reflection.py:17(__init__)
     2778    0.001    0.000    0.015    0.000 element.py:60(path)
     4144    0.001    0.000    0.003    0.000 lexer.py:583(<lambda>)
     1486    0.001    0.000    0.012    0.000 primary.py:788(is_param_this)
     8760    0.001    0.000    0.001    0.000 trait.py:107(has_method)
      341    0.001    0.000    0.014    0.000 template.py:251(make_updates)
     9689    0.001    0.000    0.001    0.000 base.py:181(__init__)
      122    0.001    0.000    0.008    0.000 nodes.py:231(set_environment)
     1727    0.001    0.000    0.010    0.000 primary.py:842(in_decl_class_type)
       14    0.001    0.000    0.141    0.010 db.py:169(import_json)
     2873    0.001    0.000    0.001    0.000 {method 'replace' of 'str' objects}
  170/139    0.001    0.000    0.059    0.000 py2cpp.py:209(to_accessible_name)
2199/2180    0.001    0.000    0.006    0.000 typing.py:426(inner)
      824    0.001    0.000    0.025    0.000 traits.py:452(_build_helper)
     1275    0.001    0.000    0.010    0.000 primary.py:803(is_param)
      212    0.001    0.000    0.006    0.000 custom_type.j2:14(macro)
      295    0.001    0.000    0.005    0.000 statement_compound.py:317(statements)
     1244    0.001    0.000    0.002    0.000 var.j2:4(root)
 1106/695    0.001    0.000    0.029    0.000 parser.py:628(parse_unary)
     1271    0.001    0.000    0.011    0.000 statement_compound.py:485(_has_annotation)
    10144    0.001    0.000    0.001    0.000 reflection.py:43(__init__)
      590    0.001    0.000    0.041    0.000 primary.py:222(match_feature)
     1426    0.001    0.000    0.008    0.000 primary.py:873(in_decl_import)
     2797    0.001    0.000    0.007    0.000 {method 'extend' of 'collections.deque' objects}
      948    0.001    0.000    0.003    0.000 reflection.py:82(context)
     2276    0.001    0.000    0.005    0.000 traits.py:155(_actualize_template)
     4114    0.001    0.000    0.005    0.000 lexer.py:376(skip_if)
      824    0.001    0.000    0.001    0.000 template.py:454(__resolve_injector)
     4019    0.001    0.000    0.002    0.000 __init__.py:1036(__bool__)
     1431    0.001    0.000    0.009    0.000 primary.py:854(in_decl_alt_class_type)
     1663    0.001    0.000    0.001    0.000 typing.py:1313(__call__)
       15    0.001    0.000    0.096    0.006 cache.py:167(load_cache)
  991/609    0.001    0.000    0.033    0.000 parser.py:563(parse_compare)
      637    0.001    0.000    0.036    0.000 primary.py:313(domain_name)
    14526    0.001    0.000    0.001    0.000 tree.py:30(__init__)
     3757    0.001    0.000    0.001    0.000 enum.py:199(__get__)
     4114    0.001    0.000    0.004    0.000 lexer.py:367(next_if)
     9731    0.001    0.000    0.001    0.000 {built-in method builtins.issubclass}
      239    0.001    0.000    0.004    0.000 {method 'sort' of 'list' objects}
      568    0.001    0.000    0.003    0.000 nodes.py:590(from_untrusted)
     1398    0.001    0.000    0.011    0.000 statement_simple.py:13(receivers)
     2118    0.001    0.000    0.048    0.000 primary.py:130(match_feature)
      806    0.001    0.000    0.062    0.000 primary.py:22(label)
    14526    0.001    0.000    0.001    0.000 tree.py:59(__init__)
     1938    0.001    0.000    0.023    0.000 template.py:240(unpack_symbols)
     3848    0.001    0.000    0.001    0.000 middleware.py:34(usable)
      666    0.001    0.000    0.003    0.000 finder.py:216(__find_imported_raw)
     4419    0.001    0.000    0.002    0.000 environment.py:482(getattr)
     4971    0.001    0.000    0.001    0.000 {method '__exit__' of '_thread.lock' objects}
     1968    0.001    0.000    0.001    0.000 {built-in method builtins.sorted}
      424    0.001    0.000    0.010    0.000 custom_type.j2:4(root)
      832    0.001    0.000    0.016    0.000 method.j2:4(root)
     2304    0.001    0.000    0.005    0.000 traits.py:171(_actualize_alt)
     1714    0.001    0.000    0.006    0.000 primary.py:31(value)
     2430    0.001    0.000    0.673    0.000 reflections.py:334(resolve)
     3139    0.001    0.000    0.010    0.000 primary.py:247(domain_name)
      951    0.001    0.000    0.014    0.000 statement_compound.py:420(symbol)
  644/633    0.001    0.000    0.037    0.000 parser.py:680(parse_tuple)
     1310    0.001    0.000    0.050    0.000 naming.py:119(__alias_or_domain_name)
     2728    0.001    0.000    0.003    0.000 lexer.py:81(to_regexp)
      606    0.001    0.000    0.010    0.000 finder.py:175(__find_raw_for_type)
     2003    0.001    0.000    0.001    0.000 i18n.py:38(t)
     3485    0.001    0.000    0.001    0.000 compiler.py:474(newline)
      456    0.001    0.000    0.002    0.000 nodes.py:240(__eq__)
     1558    0.001    0.000    0.088    0.000 reflections.py:203(resolve_property)
      779    0.001    0.000    0.005    0.000 element.py:65(arguments)
      463    0.001    0.000    0.001    0.000 parse_tree_builder.py:162(maybe_create_child_filter)
     1340    0.001    0.000    0.004    0.000 module.py:18(full_join)
     9678    0.001    0.000    0.001    0.000 reflection.py:349(node)
     6806    0.001    0.000    0.001    0.000 {method 'end' of 're.Match' objects}
      119    0.001    0.000    0.009    0.000 statement_compound.py:701(decl_this_vars)
     1310    0.001    0.000    0.012    0.000 statement_compound.py:335(alias_embedder)
      770    0.001    0.000    0.002    0.000 dsn.py:53(right)
  160/128    0.001    0.000    0.028    0.000 {built-in method builtins.exec}
     2735    0.001    0.000    0.001    0.000 {method 'translate' of 'str' objects}
     2485    0.001    0.000    0.001    0.000 {built-in method _abc._abc_instancecheck}
      467    0.001    0.000    0.058    0.000 cvars.py:189(resolve)
      590    0.001    0.000    0.009    0.000 py2cpp.py:883(is_relay_literalizer)
     2735    0.001    0.000    0.002    0.000 __init__.py:305(escape)
     2430    0.001    0.000    0.674    0.000 reflections.py:296(__resolve_procedural)
     1748    0.001    0.000    0.002    0.000 translation.py:4(alias_dsn)
      122    0.001    0.000    0.021    0.000 loaders.py:194(get_source)
     8588    0.001    0.000    0.001    0.000 reflection.py:364(via)
     1340    0.001    0.000    0.002    0.000 module.py:66(expand_elements)
      229    0.001    0.000    0.088    0.000 py2cpp.py:981(on_var_of_type)
     2563    0.001    0.000    0.001    0.000 reflection.py:397(extends)
      586    0.001    0.000    0.001    0.000 idtracking.py:86(copy)
      651    0.001    0.000    0.001    0.000 compiler.py:1593(visit_Name)
     1589    0.001    0.000    0.016    0.000 lexer.py:403(expect)
     2609    0.001    0.000    0.008    0.000 node.py:93(tag)
       98    0.001    0.000    0.143    0.001 py2cpp.py:666(proc_move_assign_single)
     1511    0.001    0.000    0.012    0.000 node.py:113(fullyname)
     4144    0.001    0.000    0.001    0.000 lexer.py:399(_regexp_has_newline)
     4032    0.001    0.000    0.001    0.000 {built-in method from_iterable}
     1486    0.001    0.000    0.013    0.000 primary.py:153(match_feature)
      339    0.001    0.000    0.001    0.000 di.py:202(__assert_invoke)
   106/22    0.001    0.000    0.002    0.000 _parser.py:511(_parse)
       85    0.001    0.000    0.001    0.000 {built-in method _hashlib.openssl_md5}
      358    0.001    0.000    0.001    0.000 {method 'decode' of 'bytes' objects}
      194    0.001    0.000    0.001    0.000 cvars.py:71(in_value)
     5024    0.001    0.000    0.001    0.000 {built-in method builtins.callable}
     1181    0.001    0.000    0.002    0.000 db.py:33(__setitem__)
      343    0.001    0.000    0.002    0.000 template.py:322(_find_actual_path)
     1332    0.001    0.000    0.001    0.000 finder.py:255(__find_raw_recursive)
      889    0.001    0.000    0.040    0.000 py2cpp.py:299(to_domain_name_by_class)
     4552    0.001    0.000    0.001    0.000 {method 'append' of 'collections.deque' objects}
      667    0.001    0.000    0.008    0.000 _method_body.j2:4(root)
     1501    0.001    0.000    0.025    0.000 primary.py:143(match_feature)
     2485    0.001    0.000    0.001    0.000 <frozen abc>:117(__instancecheck__)
  456/258    0.001    0.000    0.024    0.000 compiler.py:46(new_func)
     4362    0.001    0.000    0.001    0.000 lexer.py:552(<genexpr>)
      390    0.001    0.000    0.032    0.000 py2cpp.py:895(is_relay_cvar)
 1083/695    0.001    0.000    0.030    0.000 parser.py:597(parse_concat)
     1806    0.001    0.000    0.001    0.000 embed.py:26(class_path)
     6691    0.001    0.000    0.001    0.000 node.py:457(match_feature)
        1    0.001    0.001    0.001    0.001 parse_tree_builder.py:358(create_callback)
     1582    0.001    0.000    0.001    0.000 {method 'groupdict' of 're.Match' objects}
      389    0.001    0.000    0.001    0.000 comment.py:68(__trim_description)
      153    0.001    0.000    0.029    0.000 reflections.py:539(on_func_call)
      824    0.001    0.000    0.001    0.000 template.py:395(__current_key)
      585    0.001    0.000    0.082    0.000 py2cpp.py:828(<lambda>)
       55    0.001    0.000    0.039    0.001 py2cpp.py:576(on_method)
   108/67    0.001    0.000    0.050    0.001 parser.py:255(parse_if)
      109    0.001    0.000    0.107    0.001 py2cpp.py:1405(proc_binary_operation)
     1762    0.001    0.000    0.006    0.000 primary.py:533(calls)
  996/609    0.001    0.000    0.034    0.000 parser.py:557(parse_not)
      603    0.001    0.000    0.005    0.000 primary.py:322(annotations)
  980/598    0.001    0.000    0.035    0.000 parser.py:548(parse_and)
     5544    0.001    0.000    0.001    0.000 reflection.py:91(attrs)
      483    0.001    0.000    0.085    0.000 py2cpp.py:829(<lambda>)
      189    0.001    0.000    0.016    0.000 py2cpp.py:333(__analyze_prop_alias_embedder)
  419/341    0.001    0.000    0.003    0.000 reflection.py:169(to_temporary)
 2564/790    0.001    0.000    0.001    0.000 {built-in method builtins.hash}
       78    0.001    0.000    0.005    0.000 comment.py:48(parse)
     7495    0.000    0.000    0.000    0.000 entry.py:78(empty_name)
      598    0.000    0.000    0.001    0.000 parser.py:998(flush_data)
      590    0.000    0.000    0.162    0.000 py2cpp.py:827(<lambda>)
      349    0.000    0.000    0.001    0.000 <frozen _collections_abc>:473(__new__)
      538    0.000    0.000    0.001    0.000 dsn.py:66(shift)
      971    0.000    0.000    0.006    0.000 primary.py:95(match_feature)
      339    0.000    0.000    0.001    0.000 di.py:176(__to_annotated)
      622    0.000    0.000    0.013    0.000 py2cpp.py:922(<lambda>)
      972    0.000    0.000    0.005    0.000 statement_simple.py:57(receiver)
      410    0.000    0.000    0.034    0.000 element.py:25(var_type)
      218    0.000    0.000    0.010    0.000 lexer.py:550(__init__)
  159/157    0.000    0.000    0.011    0.000 parser.py:864(parse_call_args)
      239    0.000    0.000    0.046    0.000 statement_compound.py:534(match_feature)
      365    0.000    0.000    0.016    0.000 py2cpp.py:780(on_argument)
  974/595    0.000    0.000    0.036    0.000 parser.py:539(parse_or)
     1137    0.000    0.000    0.007    0.000 primary.py:167(match_feature)
     4040    0.000    0.000    0.000    0.000 <frozen _collections_abc>:850(__init__)
      428    0.000    0.000    0.004    0.000 statement_compound.py:661(__org_inherits)
  338/314    0.000    0.000    0.032    0.000 reflections.py:262(__resolve_raw_recursive)
     2586    0.000    0.000    0.000    0.000 {method 'extend' of 'list' objects}
     1275    0.000    0.000    0.010    0.000 primary.py:137(match_feature)
      648    0.000    0.000    0.003    0.000 parameter.j2:4(root)
      455    0.000    0.000    0.001    0.000 reflection.py:269(instantiate)
   175/21    0.000    0.000    0.001    0.000 _compiler.py:37(_compile)
 1047/663    0.000    0.000    0.031    0.000 parser.py:586(parse_math1)
      122    0.000    0.000    0.237    0.002 loaders.py:107(load)
     1508    0.000    0.000    0.010    0.000 primary.py:52(match_feature)
     1288    0.000    0.000    0.000    0.000 lexer.py:342(__bool__)
        1    0.000    0.000    0.039    0.039 lark.py:520(load)
      470    0.000    0.000    0.002    0.000 async_utils.py:34(wrapper)
      193    0.000    0.000    0.002    0.000 _params.j2:4(root)
      250    0.000    0.000    0.023    0.000 py2cpp.py:283(to_domain_name)
  241/106    0.000    0.000    0.061    0.001 parser.py:167(parse_statement)
      122    0.000    0.000    0.010    0.000 compiler.py:538(pull_dependencies)
     3634    0.000    0.000    0.000    0.000 {built-in method builtins.max}
   157/73    0.000    0.000    0.008    0.000 idtracking.py:252(visit_If)
       92    0.000    0.000    0.004    0.000 <frozen importlib._bootstrap_external>:1624(find_spec)
      183    0.000    0.000    0.001    0.000 filters.py:812(do_indent)
     1626    0.000    0.000    0.000    0.000 nodes.py:472(as_const)
      989    0.000    0.000    0.001    0.000 doc_string.j2:4(root)
      102    0.000    0.000    0.011    0.000 reflections.py:469(on_indexer)
     1582    0.000    0.000    0.001    0.000 resolver.py:64(register)
      392    0.000    0.000    0.001    0.000 if.j2:4(root)
     4144    0.000    0.000    0.000    0.000 lexer.py:70(_get_flags)
 1083/695    0.000    0.000    0.030    0.000 parser.py:618(parse_pow)
     1055    0.000    0.000    0.010    0.000 statement_compound.py:556(is_property)
      240    0.000    0.000    0.001    0.000 {built-in method builtins.all}
      161    0.000    0.000    0.015    0.000 py2cpp.py:651(on_parameter)
      972    0.000    0.000    0.009    0.000 primary.py:88(match_feature)
 1083/695    0.000    0.000    0.030    0.000 parser.py:607(parse_math2)
      233    0.000    0.000    0.008    0.000 runtime.py:692(__call__)
     2728    0.000    0.000    0.001    0.000 lexer.py:88(max_width)
      388    0.000    0.000    0.001    0.000 dsn.py:40(left)
      200    0.000    0.000    0.000    0.000 {method 'split' of 're.Pattern' objects}
      168    0.000    0.000    0.008    0.000 py2cpp.py:168(explicit_class_attrs)
      807    0.000    0.000    0.001    0.000 typing.py:1368(__setattr__)
  791/478    0.000    0.000    0.028    0.000 parser.py:524(parse_condexpr)
      218    0.000    0.000    0.001    0.000 copy.py:62(copy)
      341    0.000    0.000    0.001    0.000 template.py:360(apply)
      166    0.000    0.000    0.001    0.000 compiler.py:584(enter_frame)
      690    0.000    0.000    0.001    0.000 compiler.py:1434(_output_child_to_const)
      311    0.000    0.000    0.004    0.000 primary.py:72(declare)
      432    0.000    0.000    0.006    0.000 template.py:216(has_templates)
      292    0.000    0.000    0.066    0.000 py2cpp.py:902(is_relay_cvar_link)
      157    0.000    0.000    0.001    0.000 idtracking.py:120(branch_update)
      591    0.000    0.000    0.051    0.000 reflections.py:466(on_this_ref)
      191    0.000    0.000    0.055    0.000 py2cpp.py:917(is_relay_type)
 1106/830    0.000    0.000    0.014    0.000 parser.py:773(parse_postfix)
      276    0.000    0.000    0.002    0.000 _block.j2:4(root)
     1638    0.000    0.000    0.001    0.000 serializer.py:100(<lambda>)
      146    0.000    0.000    0.003    0.000 statement_compound.py:442(parameters)
      458    0.000    0.000    0.002    0.000 var_of_type.j2:4(root)
       21    0.000    0.000    0.001    0.000 inspect.py:579(_getmembers)
      122    0.000    0.000    0.215    0.002 environment.py:728(compile)
       14    0.000    0.000    0.001    0.000 resolver.py:27(load)
      535    0.000    0.000    0.008    0.000 _signature_common.j2:4(root)
      946    0.000    0.000    0.001    0.000 <frozen importlib._bootstrap>:645(parent)
      383    0.000    0.000    0.005    0.000 statement_compound.py:605(inherits)
     2880    0.000    0.000    0.000    0.000 {method 'popleft' of 'collections.deque' objects}
     1814    0.000    0.000    0.000    0.000 {method 'lower' of 'str' objects}
      339    0.000    0.000    0.000    0.000 di.py:191(__pluck_annotations)
  596/568    0.000    0.000    0.000    0.000 compiler.py:125(has_safe_repr)
      532    0.000    0.000    0.000    0.000 cpp_view_helper.py:117(annotated)
      216    0.000    0.000    0.069    0.000 py2cpp.py:1212(<lambda>)
  960/589    0.000    0.000    0.037    0.000 parser.py:515(parse_expression)
     2362    0.000    0.000    0.000    0.000 template.py:30(__getattr__)
      258    0.000    0.000    0.019    0.000 class_method.j2:4(root)
      666    0.000    0.000    0.000    0.000 binary_operator.j2:4(root)
  168/165    0.000    0.000    0.001    0.000 compiler.py:481(signature)
      689    0.000    0.000    0.002    0.000 primary.py:367(type_name)
      841    0.000    0.000    0.005    0.000 primary.py:178(match_feature)
      584    0.000    0.000    0.003    0.000 py2cpp.py:892(is_relay_this)
      129    0.000    0.000    0.003    0.000 typing.py:1423(__init__)
       21    0.000    0.000    0.025    0.001 py2cpp.py:441(make_string_formatters)
     3082    0.000    0.000    0.000    0.000 enum.py:1333(value)
      156    0.000    0.000    0.001    0.000 comment.py:142(parse_attributes)
     1921    0.000    0.000    0.432    0.000 entrypoints.py:50(load)
     2238    0.000    0.000    0.000    0.000 {method 'rstrip' of 'str' objects}
      287    0.000    0.000    0.001    0.000 statement_compound.py:32(domain_name)
      398    0.000    0.000    0.001    0.000 compiler.py:1632(visit_Const)
      122    0.000    0.000    0.000    0.000 <frozen posixpath>:72(join)
  235/142    0.000    0.000    0.046    0.000 parser.py:196(parse_statements)
      824    0.000    0.000    0.001    0.000 template.py:420(schema)
      612    0.000    0.000    0.007    0.000 primary.py:102(match_feature)
   108/67    0.000    0.000    0.027    0.000 compiler.py:1299(visit_If)
        1    0.000    0.000    0.000    0.000 {built-in method _imp.create_dynamic}
      723    0.000    0.000    0.002    0.000 literal.py:68(as_string)
      810    0.000    0.000    0.000    0.000 runtime.py:251(get_all)
      824    0.000    0.000    0.008    0.000 traits.py:460(<lambda>)
  251/250    0.000    0.000    0.016    0.000 naming.py:243(__make_general)
      366    0.000    0.000    0.001    0.000 environment.py:459(iter_extensions)
      455    0.000    0.000    0.000    0.000 reflection.py:281(__init__)
      209    0.000    0.000    0.001    0.000 typing.py:173(_type_check)
      734    0.000    0.000    0.000    0.000 argument.j2:4(root)
      167    0.000    0.000    0.005    0.000 parser.py:801(parse_subscript)
        1    0.000    0.000    0.014    0.014 parser_frontends.py:177(create_contextual_lexer)
      836    0.000    0.000    0.005    0.000 primary.py:185(match_feature)
      501    0.000    0.000    0.000    0.000 move_assign_declare.j2:4(root)
      693    0.000    0.000    0.002    0.000 py2cpp.py:1534(on_fallback)
      785    0.000    0.000    0.000    0.000 compiler.py:281(visit_Name)
     1409    0.000    0.000    0.000    0.000 {method 'rpartition' of 'str' objects}
  471/219    0.000    0.000    0.007    0.000 idtracking.py:256(inner_visit)
      189    0.000    0.000    0.003    0.000 py2cpp.py:359(__prop_name_via_decl)
  322/161    0.000    0.000    0.000    0.000 dict.py:6(dict_pluck)
      484    0.000    0.000    0.001    0.000 lexer.py:292(test_any)
      962    0.000    0.000    0.000    0.000 typing.py:1294(_is_dunder)
      502    0.000    0.000    0.002    0.000 primary.py:117(tokens_without_this)
      122    0.000    0.000    0.082    0.001 parser.py:1037(parse)
      122    0.000    0.000    0.000    0.000 compiler.py:301(__init__)
      224    0.000    0.000    0.000    0.000 <frozen ntpath>:99(join)
      696    0.000    0.000    0.001    0.000 idtracking.py:238(visit_Name)
      122    0.000    0.000    0.101    0.001 compiler.py:101(generate)
      804    0.000    0.000    0.000    0.000 {method 'groups' of 're.Match' objects}
     1416    0.000    0.000    0.000    0.000 lexer.py:111(max_width)
       30    0.000    0.000    0.012    0.000 compiler.py:1160(visit_For)
  357/122    0.000    0.000    0.044    0.000 compiler.py:442(blockvisit)
      464    0.000    0.000    0.002    0.000 parse_tree_builder.py:340(_init_builders)
     1642    0.000    0.000    0.000    0.000 grammar.py:26(__hash__)
      470    0.000    0.000    0.000    0.000 async_utils.py:24(is_async)
      206    0.000    0.000    0.003    0.000 loader.py:155(__resolve_filepath)
     1465    0.000    0.000    0.000    0.000 template.py:60(is_a)
       78    0.000    0.000    0.001    0.000 comment.py:125(split_block)
      633    0.000    0.000    0.001    0.000 idtracking.py:116(load)
      347    0.000    0.000    0.000    0.000 {built-in method nt._path_normpath}
     1416    0.000    0.000    0.000    0.000 lexer.py:98(to_regexp)
     1953    0.000    0.000    0.000    0.000 filters.py:850(<genexpr>)
     1056    0.000    0.000    0.001    0.000 lexer.py:294(<genexpr>)
      302    0.000    0.000    0.011    0.000 statement_compound.py:491(match_feature)
1471/1398    0.000    0.000    0.000    0.000 idtracking.py:68(find_ref)
       21    0.000    0.000    0.001    0.000 _str_format.j2:30(macro)
      219    0.000    0.000    0.000    0.000 {method 'fullmatch' of 're.Pattern' objects}
      418    0.000    0.000    0.006    0.000 statement_simple.py:24(receivers)
  806/493    0.000    0.000    0.000    0.000 utils.py:742(__getattribute__)
       14    0.000    0.000    0.000    0.000 db.py:114(has_module)
      109    0.000    0.000    0.032    0.000 py2cpp.py:1435(proc_binary_operation_expression)
  295/280    0.000    0.000    0.000    0.000 nodes.py:865(as_const)
       44    0.000    0.000    0.074    0.002 py2cpp.py:939(on_indexer)
      122    0.000    0.000    0.003    0.000 lexer.py:325(__init__)
      164    0.000    0.000    0.001    0.000 helper.py:51(<lambda>)
  172/132    0.000    0.000    0.033    0.000 <frozen importlib._bootstrap>:1349(_find_and_load)
     1214    0.000    0.000    0.000    0.000 {method 'copy' of 'dict' objects}
      694    0.000    0.000    0.001    0.000 lexer.py:598(_normalize_newlines)
      122    0.000    0.000    0.088    0.001 environment.py:615(_parse)
      332    0.000    0.000    0.000    0.000 filters.py:566(sync_do_join)
      399    0.000    0.000    0.023    0.000 element.py:19(symbol)
       73    0.000    0.000    0.003    0.000 template.py:186(templates)
        4    0.000    0.000    0.000    0.000 {built-in method nt.listdir}
      119    0.000    0.000    0.003    0.000 query.py:164(factory)
      373    0.000    0.000    0.016    0.000 statement_compound.py:322(_org_statements)
      404    0.000    0.000    0.006    0.000 primary.py:44(class_type)
     1181    0.000    0.000    0.000    0.000 db.py:125(completed)
     1408    0.000    0.000    0.000    0.000 {method 'isidentifier' of 'str' objects}
      824    0.000    0.000    0.000    0.000 template.py:386(__init__)
      122    0.000    0.000    0.006    0.000 environment.py:658(_tokenize)
1083/1048    0.000    0.000    0.004    0.000 parser.py:786(parse_filter_expr)
      394    0.000    0.000    0.008    0.000 reflections.py:707(on_empty)
      365    0.000    0.000    0.003    0.000 primary.py:37(unpacking)
      170    0.000    0.000    0.013    0.000 naming.py:87(accessible_name)
      161    0.000    0.000    0.000    0.000 cpp_view_helper.py:89(annotated)
      122    0.000    0.000    0.000    0.000 loaders.py:25(split_template_path)
      225    0.000    0.000    0.000    0.000 {built-in method nt._getfullpathname}
       39    0.000    0.000    0.000    0.000 _compiler.py:241(_optimize_charset)
     1088    0.000    0.000    0.000    0.000 _parser.py:167(__getitem__)
      194    0.000    0.000    0.004    0.000 py2cpp.py:910(is_relay_cvar_cast)
       37    0.000    0.000    0.014    0.000 <frozen importlib._bootstrap_external>:1093(get_code)
     1346    0.000    0.000    0.000    0.000 enum.py:795(<genexpr>)
  118/116    0.000    0.000    0.008    0.000 parser.py:920(parse_call)
      148    0.000    0.000    0.001    0.000 _accessor.j2:4(root)
       76    0.000    0.000    0.009    0.000 reflections.py:459(on_class_ref)
     1404    0.000    0.000    0.000    0.000 {method 'add' of 'set' objects}
      300    0.000    0.000    0.000    0.000 compiler.py:1379(_make_finalize)
  123/108    0.000    0.000    0.000    0.000 nodes.py:750(as_const)
      838    0.000    0.000    0.002    0.000 primary.py:255(match_feature)
      611    0.000    0.000    0.023    0.000 statement_simple.py:17(_elements)
      169    0.000    0.000    0.016    0.000 py2cpp.py:309(to_prop_name)
      226    0.000    0.000    0.000    0.000 compiler.py:168(__init__)
      122    0.000    0.000    0.102    0.001 environment.py:679(_generate)
      400    0.000    0.000    0.000    0.000 idtracking.py:50(_define_ref)
      206    0.000    0.000    0.000    0.000 <frozen ntpath>:80(isabs)
      389    0.000    0.000    0.000    0.000 comment.py:82(__find_dedent)
      447    0.000    0.000    0.055    0.000 cvars.py:199(resolve_type)
       44    0.000    0.000    0.065    0.001 py2cpp.py:958(analyze_indexer_spec)
      123    0.000    0.000    0.000    0.000 utils.py:519(__setitem__)
      100    0.000    0.000    0.001    0.000 compiler.py:1756(_filter_test_common)
      122    0.000    0.000    0.003    0.000 lexer.py:604(tokenize)
      233    0.000    0.000    0.007    0.000 runtime.py:778(_invoke)
      820    0.000    0.000    0.002    0.000 primary.py:266(match_feature)
      171    0.000    0.000    0.004    0.000 statement_simple.py:62(var_type)
      698    0.000    0.000    0.000    0.000 idtracking.py:77(ref)
      218    0.000    0.000    0.000    0.000 copy.py:248(_reconstruct)
      251    0.000    0.000    0.015    0.000 naming.py:100(make_manualy)
  190/184    0.000    0.000    0.000    0.000 nodes.py:841(as_const)
    67/21    0.000    0.000    0.002    0.000 _parser.py:451(_parse_sub)
      183    0.000    0.000    0.000    0.000 {method 'splitlines' of 'str' objects}
      154    0.000    0.000    0.011    0.000 compiler.py:142(find_undeclared)
  118/115    0.000    0.000    0.003    0.000 compiler.py:1843(visit_Call)
       49    0.000    0.000    0.001    0.000 <frozen importlib._bootstrap>:304(acquire)
       46    0.000    0.000    0.005    0.000 <frozen importlib._bootstrap>:1240(_find_spec)
      591    0.000    0.000    0.029    0.000 statement_compound.py:24(statements)
     1648    0.000    0.000    0.000    0.000 template.py:22(__init__)
      293    0.000    0.000    0.060    0.000 reflections.py:512(on_var_of_type)
   210/59    0.000    0.000    0.000    0.000 _parser.py:177(getwidth)
      168    0.000    0.000    0.012    0.000 idtracking.py:46(analyze_node)
       52    0.000    0.000    0.001    0.000 compiler.py:1033(visit_Include)
      170    0.000    0.000    0.001    0.000 naming.py:141(__namespace)
       78    0.000    0.000    0.009    0.000 py2cpp.py:811(on_types_name)
      168    0.000    0.000    0.001    0.000 query.py:166(tester)
      166    0.000    0.000    0.000    0.000 environment.py:495(_filter_test_common)
       46    0.000    0.000    0.000    0.000 block.py:342(break_separator)
      290    0.000    0.000    0.044    0.000 primary.py:549(match_feature)
      646    0.000    0.000    0.000    0.000 parser.py:150(is_tuple_end)
      390    0.000    0.000    0.000    0.000 comment.py:99(__find_dedent_line)
      292    0.000    0.000    0.006    0.000 primary.py:282(keys)
       21    0.000    0.000    0.000    0.000 {built-in method builtins.dir}
      170    0.000    0.000    0.013    0.000 py2cpp.py:225(<lambda>)
      434    0.000    0.000    0.027    0.000 operator.py:29(elements)
      791    0.000    0.000    0.000    0.000 lexer.py:734(<genexpr>)
      250    0.000    0.000    0.016    0.000 naming.py:191(domain_name)
      233    0.000    0.000    0.000    0.000 comment.py:114(__each_trim)
      189    0.000    0.000    0.018    0.000 py2cpp.py:319(to_prop_name_by_decl)
      134    0.000    0.000    0.011    0.000 node.py:126(factory)
      389    0.000    0.000    0.000    0.000 compiler.py:1427(_output_const_repr)
      294    0.000    0.000    0.000    0.000 node.py:163(id)
      504    0.000    0.000    0.000    0.000 __init__.py:1033(__contains__)
      247    0.000    0.000    0.001    0.000 node.py:367(_ancestor)
      294    0.000    0.000    0.000    0.000 cache.py:24(index_of)
      122    0.000    0.000    0.000    0.000 environment.py:1244(_from_namespace)
       74    0.000    0.000    0.001    0.000 <frozen importlib._bootstrap_external>:513(cache_from_source)
      106    0.000    0.000    0.153    0.001 py2cpp.py:660(on_move_assign)
       73    0.000    0.000    0.002    0.000 parser.py:473(parse_assign_target)
      198    0.000    0.000    0.007    0.000 py2cpp.py:936(on_this_ref)
      374    0.000    0.000    0.000    0.000 {method 'encode' of 'str' objects}
      122    0.000    0.000    0.001    0.000 primary.py:111(fullyname)
       20    0.000    0.000    0.012    0.001 traits.py:190(try_operation)
   156/89    0.000    0.000    0.000    0.000 nodes.py:499(as_const)
      122    0.000    0.000    0.000    0.000 <frozen codecs>:322(decode)
       14    0.000    0.000    0.014    0.001 __init__.py:274(load)
      593    0.000    0.000    0.002    0.000 primary.py:62(domain_name)
       73    0.000    0.000    0.010    0.000 py2cpp.py:372(fetch_function_template_names)
      794    0.000    0.000    0.000    0.000 {built-in method builtins.repr}
      438    0.000    0.000    0.001    0.000 primary.py:287(sliced)
      313    0.000    0.000    0.014    0.000 finder.py:77(by_symbolic)
      192    0.000    0.000    0.008    0.000 primary.py:277(receiver)
       78    0.000    0.000    0.017    0.000 py2cpp.py:1464(on_doc_string)
      818    0.000    0.000    0.000    0.000 {method 'discard' of 'set' objects}
       30    0.000    0.000    0.012    0.000 parser.py:236(parse_for)
       33    0.000    0.000    0.000    0.000 block.py:197(_skip_other_block)
      122    0.000    0.000    0.001    0.000 environment.py:1213(from_code)
       43    0.000    0.000    0.004    0.000 parser.py:927(parse_filter)
      198    0.000    0.000    0.015    0.000 statement_compound.py:450(return_type)
      463    0.000    0.000    0.001    0.000 grammar.py:118(_deserialize)
     46/6    0.000    0.000    0.032    0.005 <frozen importlib._bootstrap>:1304(_find_and_load_unlocked)
      122    0.000    0.000    0.000    0.000 environment.py:642(preprocess)
      523    0.000    0.000    0.000    0.000 compiler.py:945(<genexpr>)
      156    0.000    0.000    0.000    0.000 else_if.j2:4(root)
      122    0.000    0.000    0.000    0.000 {method 'getvalue' of '_io.StringIO' objects}
      144    0.000    0.000    0.009    0.000 throw.j2:4(root)
       78    0.000    0.000    0.001    0.000 comment.py:165(parse_returns)
      718    0.000    0.000    0.000    0.000 parse_tree_builder.py:158(_should_expand)
       36    0.000    0.000    0.016    0.000 class.j2:4(root)
      225    0.000    0.000    0.001    0.000 statement_compound.py:468(block)
      115    0.000    0.000    0.000    0.000 compiler.py:219(copy)
      122    0.000    0.000    0.001    0.000 compiler.py:723(write_commons)
      492    0.000    0.000    0.000    0.000 {built-in method nt._path_splitroot_ex}
      294    0.000    0.000    0.000    0.000 module.py:113(identify)
       19    0.000    0.000    0.013    0.001 reflections.py:620(each_binary_operator)
      777    0.000    0.000    0.000    0.000 runtime.py:816(__init__)
      161    0.000    0.000    0.010    0.000 element.py:34(default_value)
     1416    0.000    0.000    0.000    0.000 lexer.py:102(_get_width)
      166    0.000    0.000    0.001    0.000 filters.py:1776(<lambda>)
      173    0.000    0.000    0.002    0.000 primary.py:373(sub_types)
       78    0.000    0.000    0.014    0.000 statement_compound.py:309(comment)
     1348    0.000    0.000    0.000    0.000 nodes.py:94(get_eval_context)
      111    0.000    0.000    0.005    0.000 py2cpp.py:799(on_decl_local_var)
      155    0.000    0.000    0.003    0.000 literal.py:75(match_feature)
      247    0.000    0.000    0.000    0.000 query.py:89(ancestor)
      256    0.000    0.000    0.025    0.000 statement_compound.py:513(match_feature)
       64    0.000    0.000    0.004    0.000 py2cpp.py:720(on_return)
      138    0.000    0.000    0.010    0.000 idtracking.py:178(_simple_visit)
       15    0.000    0.000    0.027    0.002 py2cpp.py:548(on_class_method)
      637    0.000    0.000    0.000    0.000 {method 'strip' of 'str' objects}
       81    0.000    0.000    0.006    0.000 reflections.py:134(__from_declable)
       28    0.000    0.000    0.004    0.000 module.py:61(identity)
    50/43    0.000    0.000    0.002    0.000 compiler.py:1798(visit_Filter)
      917    0.000    0.000    0.000    0.000 {built-in method nt.fspath}
      378    0.000    0.000    0.000    0.000 nodes.py:614(as_const)
        1    0.000    0.000    0.038    0.038 lark.py:539(_load)
      386    0.000    0.000    0.018    0.000 statement_simple.py:30(value)
      397    0.000    0.000    0.001    0.000 reflections.py:387(on_argument)
      137    0.000    0.000    0.001    0.000 <frozen genericpath>:89(getmtime)
      113    0.000    0.000    0.000    0.000 nodes.py:718(args_as_const)
      122    0.000    0.000    0.006    0.000 parser.py:53(__init__)
      122    0.000    0.000    0.000    0.000 environment.py:1110(make_globals)
   225/15    0.000    0.000    0.000    0.000 <frozen importlib._bootstrap_external>:1384(_recalculate)
       73    0.000    0.000    0.005    0.000 traits.py:397(function_templates)
      186    0.000    0.000    0.000    0.000 compiler.py:495(<genexpr>)
      235    0.000    0.000    0.001    0.000 filters.py:1779(select_or_reject)
       84    0.000    0.000    0.000    0.000 py2cpp.py:412(to_accessor)
      213    0.000    0.000    0.000    0.000 runtime.py:663(__init__)
       52    0.000    0.000    0.004    0.000 parser.py:345(parse_include)
      198    0.000    0.000    0.001    0.000 __init__.py:169(fullmatch)
      586    0.000    0.000    0.000    0.000 {method 'copy' of 'set' objects}
       49    0.000    0.000    0.000    0.000 <frozen importlib._bootstrap>:426(_get_module_lock)
      161    0.000    0.000    0.000    0.000 helper.py:46(<lambda>)
      122    0.000    0.000    0.000    0.000 <frozen codecs>:312(__init__)
      374    0.000    0.000    0.000    0.000 decorator.py:227(contains)
       20    0.000    0.000    0.003    0.000 template.py:142(parameter)
      194    0.000    0.000    0.000    0.000 enum.py:791(__iter__)
     1096    0.000    0.000    0.000    0.000 nodes.py:587(as_const)
       43    0.000    0.000    0.000    0.000 cache.py:40(identifier)
      300    0.000    0.000    0.000    0.000 compiler.py:1455(_output_child_pre)
      155    0.000    0.000    0.000    0.000 typing.py:1358(__getattr__)
       41    0.000    0.000    0.001    0.000 <frozen importlib._bootstrap>:733(_init_module_attrs)
      170    0.000    0.000    0.000    0.000 naming.py:157(__ancestor_classes)
       61    0.000    0.000    0.001    0.000 typing.py:1634(__getitem__)
      122    0.000    0.000    0.000    0.000 lexer.py:397(close)
      504    0.000    0.000    0.000    0.000 <frozen _collections_abc>:870(__contains__)
      152    0.000    0.000    0.002    0.000 statement_compound.py:461(statements)
       16    0.000    0.000    0.000    0.000 {built-in method nt._path_exists}
      482    0.000    0.000    0.002    0.000 primary.py:106(domain_name)
      168    0.000    0.000    0.000    0.000 idtracking.py:175(__init__)
      108    0.000    0.000    0.000    0.000 di.py:331(bind)
       18    0.000    0.000    0.032    0.002 py2cpp.py:729(on_throw)
      131    0.000    0.000    0.033    0.000 module.py:20(load_module_path)
      156    0.000    0.000    0.002    0.000 statement_compound.py:101(if_clause)
       45    0.000    0.000    0.005    0.000 <frozen importlib._bootstrap_external>:1522(_get_spec)
       78    0.000    0.000    0.005    0.000 literal.py:85(data)
       98    0.000    0.000    0.000    0.000 path.py:155(relativefy)
      125    0.000    0.000    0.001    0.000 len.j2:4(root)
       44    0.000    0.000    0.025    0.001 py2cpp.py:959(<lambda>)
      145    0.000    0.000    0.001    0.000 primary.py:452(sub_types)
      104    0.000    0.000    0.003    0.000 statement_compound.py:91(else_ifs)
       79    0.000    0.000    0.014    0.000 constructor.j2:4(root)
       98    0.000    0.000    0.002    0.000 py2cpp.py:388(allow_move_assign)
      675    0.000    0.000    0.000    0.000 enum.py:1328(name)
      280    0.000    0.000    0.000    0.000 compiler.py:765(get_resolve_func)
      122    0.000    0.000    0.002    0.000 lexer.py:428(get_lexer)
      102    0.000    0.000    0.007    0.000 statement_compound.py:715(match_feature)
      794    0.000    0.000    0.000    0.000 {built-in method builtins.min}
   102/95    0.000    0.000    0.001    0.000 compiler.py:1713(visit_Getattr)
      218    0.000    0.000    0.000    0.000 {method '__reduce_ex__' of 'object' objects}
       31    0.000    0.000    0.001    0.000 typing.py:753(Union)
       69    0.000    0.000    0.064    0.001 py2cpp.py:1384(on_comparison)
      156    0.000    0.000    0.001    0.000 statement_compound.py:56(block)
        4    0.000    0.000    0.023    0.006 py2cpp.py:598(on_class)
       14    0.000    0.000    0.144    0.010 persistent.py:89(restore)
      129    0.000    0.000    0.001    0.000 typing.py:1307(__init__)
      320    0.000    0.000    0.000    0.000 return.j2:4(root)
      226    0.000    0.000    0.000    0.000 idtracking.py:31(__init__)
       85    0.000    0.000    0.000    0.000 {method 'hexdigest' of '_hashlib.HASH' objects}
       62    0.000    0.000    0.000    0.000 nodes.py:206(set_ctx)
    65/61    0.000    0.000    0.002    0.000 compiler.py:1725(visit_Getitem)
       69    0.000    0.000    0.001    0.000 filters.py:1348(sync_do_list)
       14    0.000    0.000    0.059    0.004 parser.py:73(__load_entry)
       93    0.000    0.000    0.005    0.000 reflections.py:153(__from_class_def)
       28    0.000    0.000    0.004    0.000 loader.py:94(load)
       35    0.000    0.000    0.000    0.000 compiler.py:784(pop_assign_tracking)
      639    0.000    0.000    0.000    0.000 _parser.py:239(__next)
     41/8    0.000    0.000    0.031    0.004 <frozen importlib._bootstrap>:911(_load_unlocked)
       78    0.000    0.000    0.000    0.000 decorator.py:138(parse)
       88    0.000    0.000    0.004    0.000 py2cpp.py:802(on_decl_param)
       35    0.000    0.000    0.007    0.000 parser.py:225(parse_set)
       46    0.000    0.000    0.007    0.000 <frozen importlib._bootstrap_external>:1214(get_data)
      161    0.000    0.000    0.001    0.000 element.py:53(packing)
      148    0.000    0.000    0.001    0.000 statement_compound.py:656(block)
      413    0.000    0.000    0.000    0.000 _parser.py:260(get)
      300    0.000    0.000    0.000    0.000 compiler.py:1471(_output_child_post)
  135/120    0.000    0.000    0.001    0.000 nodes.py:797(as_const)
  610/591    0.000    0.000    0.000    0.000 idtracking.py:59(find_load)
      138    0.000    0.000    0.000    0.000 _return_type.j2:4(root)
      142    0.000    0.000    0.003    0.000 query.py:153(expand)
      294    0.000    0.000    0.000    0.000 query.py:210(id)
       28    0.000    0.000    0.097    0.003 cache.py:257(wrapper)
       21    0.000    0.000    0.001    0.000 <frozen _collections_abc>:657(<genexpr>)
      143    0.000    0.000    0.003    0.000 statement_compound.py:649(statements)
     1008    0.000    0.000    0.000    0.000 __init__.py:1034(<genexpr>)
      227    0.000    0.000    0.000    0.000 <frozen importlib._bootstrap_external>:1380(_get_parent_path)
       28    0.000    0.000    0.014    0.000 decoder.py:340(decode)
       78    0.000    0.000    0.000    0.000 {method 'findall' of 're.Pattern' objects}
       49    0.000    0.000    0.000    0.000 <frozen importlib._bootstrap>:372(release)
      396    0.000    0.000    0.000    0.000 this_ref.j2:4(root)
       14    0.000    0.000    0.040    0.003 parser.py:49(__load_parser)
      122    0.000    0.000    0.000    0.000 {built-in method _codecs.utf_8_decode}
      142    0.000    0.000    0.003    0.000 node.py:379(_under_expand)
       16    0.000    0.000    0.000    0.000 typing.py:1207(_generic_class_getitem)
      131    0.000    0.000    0.032    0.000 __init__.py:71(import_module)
      225    0.000    0.000    0.000    0.000 <frozen ntpath>:573(abspath)
       66    0.000    0.000    0.033    0.000 di.py:376(__bind_proxy)
      222    0.000    0.000    0.000    0.000 decl_local_var.j2:4(root)
      472    0.000    0.000    0.000    0.000 {method 'update' of 'set' objects}
      568    0.000    0.000    0.000    0.000 compiler.py:418(outdent)
      104    0.000    0.000    0.001    0.000 statement_compound.py:105(block)
      154    0.000    0.000    0.000    0.000 _comment.j2:4(root)
      268    0.000    0.000    0.000    0.000 string.j2:4(root)
       78    0.000    0.000    0.000    0.000 comment.py:181(parse_raises)
       67    0.000    0.000    0.003    0.000 py2cpp.py:1461(on_string)
      175    0.000    0.000    0.001    0.000 terminal.py:18(can_expand)
        2    0.000    0.000    0.000    0.000 {built-in method builtins.eval}
      568    0.000    0.000    0.000    0.000 compiler.py:414(indent)
       38    0.000    0.000    0.000    0.000 <frozen importlib._bootstrap_external>:833(spec_from_file_location)
      154    0.000    0.000    0.000    0.000 compiler.py:277(__init__)
       69    0.000    0.000    0.000    0.000 filters.py:1745(prepare_select_or_reject)
       13    0.000    0.000    0.000    0.000 block.py:311(break_last_block)
       14    0.000    0.000    0.001    0.000 resolver.py:11(__init__)
      831    0.000    0.000    0.000    0.000 environment.py:941(join_path)
      176    0.000    0.000    0.011    0.000 parser.py:712(parse)
    53/27    0.000    0.000    0.004    0.000 compiler.py:62(visitor)
      121    0.000    0.000    0.000    0.000 utils.py:738(__init__)
      124    0.000    0.000    0.000    0.000 compiler.py:611(func)
       14    0.000    0.000    0.432    0.031 entrypoints.py:26(handler)
      122    0.000    0.000    0.007    0.000 nodes.py:186(find)
       76    0.000    0.000    0.000    0.000 _template_types.j2:4(root)
       14    0.000    0.000    0.055    0.004 parser.py:159(load)
     37/6    0.000    0.000    0.031    0.005 <frozen importlib._bootstrap_external>:1020(exec_module)
       32    0.000    0.000    0.000    0.000 typing.py:1256(_generic_init_subclass)
       49    0.000    0.000    0.000    0.000 <frozen importlib._bootstrap>:124(setdefault)
       49    0.000    0.000    0.003    0.000 terminal.py:9(match_terminal)
       42    0.000    0.000    0.003    0.000 py2cpp.py:1024(on_custom_type)
      113    0.000    0.000    0.000    0.000 anno_assign.j2:4(root)
       65    0.000    0.000    0.002    0.000 parser.py:832(parse_subscribed)
       35    0.000    0.000    0.005    0.000 compiler.py:1561(visit_Assign)
       90    0.000    0.000    0.000    0.000 {method 'search' of 're.Pattern' objects}
  133/131    0.000    0.000    0.032    0.000 <frozen importlib._bootstrap>:1375(_gcd_import)
       45    0.000    0.000    0.001    0.000 statement_compound.py:611(inherit_sub_types)
       28    0.000    0.000    0.004    0.000 persistent.py:101(_gen_filepath)
        7    0.000    0.000    0.001    0.000 statement_compound.py:758(_collect_impl)
      340    0.000    0.000    0.000    0.000 runtime.py:892(__iter__)
      166    0.000    0.000    0.000    0.000 environment.py:570(call_test)
       78    0.000    0.000    0.000    0.000 __init__.py:241(split)
       33    0.000    0.000    0.000    0.000 {built-in method _abc._abc_init}
       21    0.000    0.000    0.000    0.000 _compiler.py:514(_compile_info)
       73    0.000    0.000    0.001    0.000 statement_compound.py:297(accessor)
       21    0.000    0.000    0.004    0.000 _compiler.py:743(compile)
       28    0.000    0.000    0.014    0.001 __init__.py:299(loads)
      122    0.000    0.000    0.002    0.000 environment.py:454(lexer)
       58    0.000    0.000    0.002    0.000 py2cpp.py:808(on_decl_this_param)
       74    0.000    0.000    0.000    0.000 <frozen importlib._bootstrap_external>:137(_path_split)
      166    0.000    0.000    0.000    0.000 filters.py:1770(func)
       84    0.000    0.000    0.000    0.000 _parser.py:371(_escape)
      166    0.000    0.000    0.000    0.000 compiler.py:600(leave_frame)
      374    0.000    0.000    0.000    0.000 _parser.py:163(__len__)
      176    0.000    0.000    0.000    0.000 decl_param.j2:4(root)
       20    0.000    0.000    0.004    0.000 traits.py:358(parameter_at)
      140    0.000    0.000    0.000    0.000 decorator.j2:4(root)
      238    0.000    0.000    0.000    0.000 typing.py:164(_type_convert)
        3    0.000    0.000    0.001    0.000 visitors.py:50(_apply_v_args)
       52    0.000    0.000    0.000    0.000 compiler.py:716(dump_local_context)
     48/1    0.000    0.000    0.603    0.603 modules.py:58(load)
      104    0.000    0.000    0.006    0.000 statement_compound.py:85(statements)
      607    0.000    0.000    0.000    0.000 runtime.py:899(__bool__)
      156    0.000    0.000    0.000    0.000 types_name.j2:4(root)
       56    0.000    0.000    0.002    0.000 compiler.py:1701(visit_Compare)
      137    0.000    0.000    0.000    0.000 module.py:83(module_path_to_filepath)
      180    0.000    0.000    0.000    0.000 utils.py:751(__setitem__)
       31    0.000    0.000    0.002    0.000 statement_compound.py:632(depended_types)
    37/36    0.000    0.000    0.000    0.000 sequence.py:64(update)
      389    0.000    0.000    0.000    0.000 typing.py:1437(__eq__)
       28    0.000    0.000    0.000    0.000 decorator.py:20(_parse)
      122    0.000    0.000    0.000    0.000 {built-in method _functools.reduce}
        2    0.000    0.000    0.000    0.000 __init__.py:358(namedtuple)
       40    0.000    0.000    0.000    0.000 list_type.j2:4(root)
       88    0.000    0.000    0.000    0.000 nodes.py:920(as_const)
       52    0.000    0.000    0.000    0.000 _initializer.j2:4(root)
      168    0.000    0.000    0.000    0.000 py2cpp.py:268(__accessible_name_for_class)
      218    0.000    0.000    0.000    0.000 copyreg.py:98(__newobj__)
       52    0.000    0.000    0.008    0.000 py2cpp.py:473(on_if)
      146    0.000    0.000    0.000    0.000 statement_compound.py:434(template_params)
      193    0.000    0.000    0.001    0.000 <frozen importlib._bootstrap_external>:145(_path_stat)
       49    0.000    0.000    0.003    0.000 py2cpp.py:1455(on_integer)
      108    0.000    0.000    0.000    0.000 di.py:42(bind)
       25    0.000    0.000    0.000    0.000 nodes.py:887(as_const)
        1    0.000    0.000    0.015    0.015 load_grammar.py:1(<module>)
      295    0.000    0.000    0.000    0.000 _parser.py:175(append)
        1    0.000    0.000    0.000    0.000 {method 'write' of '_io.BufferedWriter' objects}
       33    0.000    0.000    0.001    0.000 template.py:107(returns)
       11    0.000    0.000    0.017    0.002 py2cpp.py:479(on_for)
       71    0.000    0.000    0.002    0.000 typing.py:1658(copy_with)
       21    0.000    0.000    0.002    0.000 _parser.py:970(parse)
       18    0.000    0.000    0.007    0.000 py2cpp.py:932(on_class_ref)
      132    0.000    0.000    0.000    0.000 decorator.py:44(path)
      131    0.000    0.000    0.032    0.000 module.py:8(load_module)
       78    0.000    0.000    0.000    0.000 literal.py:80(as_string)
        1    0.000    0.000    0.004    0.004 utils.py:1(<module>)
      104    0.000    0.000    0.000    0.000 compiler.py:226(inner)
      122    0.000    0.000    0.025    0.000 environment.py:700(_compile)
       42    0.000    0.000    0.000    0.000 <frozen importlib._bootstrap_external>:177(_path_isabs)
       41    0.000    0.000    0.001    0.000 <frozen importlib._bootstrap>:806(module_from_spec)
      120    0.000    0.000    0.000    0.000 node.py:395(query_raw)
       73    0.000    0.000    0.013    0.000 statement_compound.py:455(comment)
      128    0.000    0.000    0.006    0.000 statement_simple.py:105(return_value)
       50    0.000    0.000    0.000    0.000 contextlib.py:108(__init__)
       84    0.000    0.000    0.000    0.000 accessible.py:7(to_accessor)
      484    0.000    0.000    0.000    0.000 <frozen importlib._bootstrap>:491(_verbose_message)
       70    0.000    0.000    0.000    0.000 module.py:48(filepath)
       50    0.000    0.000    0.000    0.000 contextlib.py:303(helper)
       31    0.000    0.000    0.000    0.000 typing.py:379(_remove_dups_flatten)
       19    0.000    0.000    0.005    0.000 py2cpp.py:696(on_anno_assign)
      115    0.000    0.000    0.001    0.000 compiler.py:232(soft)
        3    0.000    0.000    0.018    0.006 py2cpp.py:556(on_constructor)
      380    0.000    0.000    0.000    0.000 _parser.py:255(match)
        3    0.000    0.000    0.024    0.008 __init__.py:1(<module>)
       46    0.000    0.000    0.000    0.000 {built-in method _imp.is_builtin}
       98    0.000    0.000    0.000    0.000 py2cpp.py:1715(sub_cvar_relay)
      222    0.000    0.000    0.000    0.000 <frozen importlib._bootstrap_external>:139(<genexpr>)
      227    0.000    0.000    0.000    0.000 <frozen importlib._bootstrap_external>:1370(_find_parent_path_names)
        1    0.000    0.000    0.002    0.002 parse_tree_builder.py:332(__init__)
       28    0.000    0.000    0.000    0.000 <frozen importlib._bootstrap_external>:697(_classify_pyc)
      321    0.000    0.000    0.000    0.000 parse_tree_builder.py:166(<genexpr>)
       48    0.000    0.000    0.000    0.000 cast_char.j2:4(root)
       28    0.000    0.000    0.020    0.001 general.py:45(imports)
       78    0.000    0.000    0.000    0.000 __init__.py:270(findall)
      122    0.000    0.000    0.000    0.000 primary.py:121(class_types)
   100/18    0.000    0.000    0.030    0.002 <frozen importlib._bootstrap>:480(_call_with_frames_removed)
       55    0.000    0.000    0.000    0.000 statement_compound.py:560(class_types)
      926    0.000    0.000    0.000    0.000 grammar.py:127(__hash__)
       31    0.000    0.000    0.005    0.000 traits.py:310(constructor)
       83    0.000    0.000    0.001    0.000 lexer.py:354(look)
      112    0.000    0.000    0.000    0.000 range.j2:4(root)
       82    0.000    0.000    0.026    0.000 primary.py:384(match_feature)
       14    0.000    0.000    0.099    0.007 parser.py:37(__call__)
       78    0.000    0.000    0.001    0.000 reflections.py:652(on_string)
      122    0.000    0.000    0.000    0.000 __init__.py:1003(__init__)
       54    0.000    0.000    0.004    0.000 statement_simple.py:144(throws)
       70    0.000    0.000    0.001    0.000 statement_compound.py:481(is_pure)
       56    0.000    0.000    0.000    0.000 compiler.py:1709(visit_Operand)
       49    0.000    0.000    0.000    0.000 <frozen importlib._bootstrap>:162(__enter__)
       66    0.000    0.000    0.001    0.000 statement_compound.py:147(for_in)
     14/3    0.000    0.000    0.212    0.071 modules.py:91(__load_dependencies)
      395    0.000    0.000    0.000    0.000 primary.py:318(type_name)
    56/50    0.000    0.000    0.000    0.000 reflection.py:235(__hash__)
       12    0.000    0.000    0.004    0.000 compiler.py:1338(visit_FilterBlock)
      132    0.000    0.000    0.001    0.000 primary.py:298(match_feature)
    33/17    0.000    0.000    0.002    0.000 reflections.py:279(__resolve_raw_fallback)
        2    0.000    0.000    0.007    0.003 compiler.py:614(macro_body)
       38    0.000    0.000    0.002    0.000 loader.py:134(hash)
       26    0.000    0.000    0.000    0.000 typing.py:3794(__getattr__)
       84    0.000    0.000    0.000    0.000 <frozen importlib._bootstrap_external>:89(_unpack_uint32)
       38    0.000    0.000    0.000    0.000 <frozen importlib._bootstrap_external>:1619(_get_spec)
      132    0.000    0.000    0.000    0.000 decorator.py:94(any)
      199    0.000    0.000    0.000    0.000 cvars.py:215(to_operator)
      458    0.000    0.000    0.000    0.000 reflection.py:304(node)
       36    0.000    0.000    0.000    0.000 finder.py:25(get_object)
      116    0.000    0.000    0.000    0.000 decl_this_param.j2:4(root)
       49    0.000    0.000    0.003    0.000 literal.py:31(match_feature)
    61/60    0.000    0.000    0.003    0.000 primary.py:421(match_feature)
       58    0.000    0.000    0.000    0.000 py2cpp.py:376(allow_override_from_method)
      122    0.000    0.000    0.000    0.000 compiler.py:255(__init__)
      292    0.000    0.000    0.000    0.000 <frozen _collections_abc>:515(_is_param_expr)
       31    0.000    0.000    0.001    0.000 statement_compound.py:396(definition_type)
   118/18    0.000    0.000    0.000    0.000 <frozen importlib._bootstrap_external>:1398(__iter__)
       28    0.000    0.000    0.002    0.000 <frozen importlib._bootstrap_external>:782(_compile_bytecode)
       14    0.000    0.000    0.001    0.000 parser.py:746(parse_list)
       57    0.000    0.000    0.000    0.000 _signature_prefix.j2:4(root)
      455    0.000    0.000    0.000    0.000 reflection.py:298(decl)
       49    0.000    0.000    0.000    0.000 path.py:136(consists_of_only)
        1    0.000    0.000    0.001    0.001 dataclasses.py:929(_process_class)
       98    0.000    0.000    0.002    0.000 loader.py:83(exists)
        9    0.000    0.000    0.005    0.001 traits.py:341(_resolve_method)
      185    0.000    0.000    0.000    0.000 _parser.py:292(tell)
       98    0.000    0.000    0.000    0.000 integer.j2:4(root)
       15    0.000    0.000    0.000    0.000 cache.py:108(gen_cache_path)
       50    0.000    0.000    0.000    0.000 contextlib.py:136(__enter__)
       92    0.000    0.000    0.000    0.000 tuple.j2:4(root)
       62    0.000    0.000    0.000    0.000 filters.py:177(do_replace)
       52    0.000    0.000    0.002    0.000 statement_compound.py:96(else_clause)
       42    0.000    0.000    0.001    0.000 loader.py:114(mtime)
       11    0.000    0.000    0.000    0.000 query.py:101(factory)
       28    0.000    0.000    0.000    0.000 cache.py:227(get)
      455    0.000    0.000    0.000    0.000 reflection.py:76(via)
      174    0.000    0.000    0.000    0.000 enum.py:1308(__hash__)
       14    0.000    0.000    0.000    0.000 di.py:398(combine)
      750    0.000    0.000    0.000    0.000 inspect.py:618(<lambda>)
       14    0.000    0.000    0.144    0.010 persistent.py:164(_restore)
      130    0.000    0.000    0.000    0.000 move_assign.j2:4(root)
      129    0.000    0.000    0.001    0.000 py2cpp.py:1529(on_terminal)
       52    0.000    0.000    0.004    0.000 statement_compound.py:50(statements)
       28    0.000    0.000    0.000    0.000 di.py:347(unbind)
       15    0.000    0.000    0.097    0.006 cache.py:91(get)
       52    0.000    0.000    0.000    0.000 compiler.py:434(simple_write)
      347    0.000    0.000    0.000    0.000 typing.py:1427(<genexpr>)
       20    0.000    0.000    0.000    0.000 import_as_name.j2:4(root)
       73    0.000    0.000    0.000    0.000 sequence.py:20(last_index_of)
       56    0.000    0.000    0.000    0.000 node.py:59(__hash__)
       46    0.000    0.000    0.000    0.000 <frozen importlib._bootstrap>:445(cb)
       49    0.000    0.000    0.000    0.000 <frozen importlib._bootstrap>:74(__new__)
       61    0.000    0.000    0.001    0.000 reflections.py:646(on_integer)
       78    0.000    0.000    0.000    0.000 comment.py:204(parse_note)
       54    0.000    0.000    0.000    0.000 _signature_suffix.j2:4(root)
       38    0.000    0.000    0.001    0.000 <frozen importlib._bootstrap_external>:642(_get_cached)
       69    0.000    0.000    0.000    0.000 filters.py:1533(sync_do_select)
        9    0.000    0.000    0.007    0.001 traits.py:325(iterates)
       21    0.000    0.000    0.001    0.000 _compiler.py:576(_code)
      122    0.000    0.000    0.000    0.000 <frozen posixpath>:42(_get_sep)
       88    0.000    0.000    0.000    0.000 statement_compound.py:301(operations)
        4    0.000    0.000    0.000    0.000 <frozen importlib._bootstrap_external>:1675(_fill_cache)
       21    0.000    0.000    0.001    0.000 environment.py:1428(_get_default_module)
      113    0.000    0.000    0.000    0.000 convertion.py:18(as_a)
   107/40    0.000    0.000    0.000    0.000 <frozen importlib._bootstrap_external>:1407(__len__)
       53    0.000    0.000    0.001    0.000 statement_simple.py:176(import_path)
       31    0.000    0.000    0.000    0.000 statement_compound.py:615(expand_sub_types)
      145    0.000    0.000    0.000    0.000 typing.py:1639(<genexpr>)
       12    0.000    0.000    0.005    0.000 parser.py:437(parse_filter_block)
       29    0.000    0.000    0.000    0.000 nodes.py:523(as_const)
       66    0.000    0.000    0.000    0.000 slice_string.j2:4(root)
       42    0.000    0.000    0.000    0.000 else.j2:4(root)
       46    0.000    0.000    0.000    0.000 <frozen importlib._bootstrap>:232(__init__)
       36    0.000    0.000    0.000    0.000 idtracking.py:94(store)
       49    0.000    0.000    0.000    0.000 <frozen importlib._bootstrap>:79(__init__)
       46    0.000    0.000    0.001    0.000 <frozen importlib._bootstrap>:416(__enter__)
        1    0.000    0.000    0.002    0.002 lexer.py:479(__init__)
      133    0.000    0.000    0.000    0.000 <frozen importlib._bootstrap>:1285(_sanity_check)
       52    0.000    0.000    0.008    0.000 statement_compound.py:80(condition)
       14    0.000    0.000    0.000    0.000 __init__.py:244(detect_encoding)
       28    0.000    0.000    0.021    0.001 py2cpp.py:1399(on_sum)
        3    0.000    0.000    0.008    0.003 py2cpp.py:1334(on_comp_for)
    50/43    0.000    0.000    0.001    0.000 compiler.py:259(visit_Filter)
       52    0.000    0.000    0.000    0.000 idtracking.py:147(dump_stores)
       60    0.000    0.000    0.000    0.000 statement_compound.py:385(symbol)
        8    0.000    0.000    0.000    0.000 _compiler.py:389(_mk_bitmap)
        7    0.000    0.000    0.005    0.001 py2cpp.py:755(on_import)
      214    0.000    0.000    0.000    0.000 compiler.py:608(choose_async)
       14    0.000    0.000    0.148    0.011 restore_symbols.py:21(__call__)
       62    0.000    0.000    0.000    0.000 primary.py:397(match_feature)
        8    0.000    0.000    0.010    0.001 py2cpp.py:688(proc_move_assign_destruction)
        1    0.000    0.000    0.014    0.014 parser_frontends.py:65(__init__)
       17    0.000    0.000    0.000    0.000 enum.py:1603(__and__)
       60    0.000    0.000    0.000    0.000 <frozen importlib._bootstrap_external>:155(_path_is_mode_type)
       55    0.000    0.000    0.000    0.000 cast_bin_to_str.j2:4(root)
       39    0.000    0.000    0.000    0.000 _compiler.py:214(_compile_charset)
       41    0.000    0.000    0.000    0.000 statement_compound.py:596(template_params)
        8    0.000    0.000    0.000    0.000 _statements.j2:4(root)
        1    0.000    0.000    0.001    0.001 lexer.py:1(<module>)
       30    0.000    0.000    0.001    0.000 idtracking.py:202(visit_For)
    97/80    0.000    0.000    0.000    0.000 typing.py:1443(__hash__)
      109    0.000    0.000    0.001    0.000 primary.py:305(match_feature)
       43    0.000    0.000    0.000    0.000 {built-in method nt.getcwd}
       54    0.000    0.000    0.000    0.000 parser.py:333(parse_import_context)
       50    0.000    0.000    0.000    0.000 contextlib.py:145(__exit__)
       46    0.000    0.000    0.001    0.000 reflections.py:348(on_fallback)
      101    0.000    0.000    0.000    0.000 <frozen importlib._bootstrap_external>:1500(_path_importer_cache)
       77    0.000    0.000    0.000    0.000 typing.py:1122(_is_unpacked_typevartuple)
       49    0.000    0.000    0.000    0.000 <frozen importlib._bootstrap>:82(remove)
    26/18    0.000    0.000    0.000    0.000 _compiler.py:439(_get_literal_prefix)
       38    0.000    0.000    0.000    0.000 _parser.py:85(opengroup)
       78    0.000    0.000    0.010    0.000 statement_compound.py:45(condition)
       21    0.000    0.000    0.000    0.000 py2cpp.py:1683(break_relay)
      412    0.000    0.000    0.000    0.000 parse_tree_builder.py:182(<genexpr>)
        1    0.000    0.000    0.001    0.001 visitors.py:1(<module>)
       36    0.000    0.000    0.000    0.000 while.j2:4(root)
       28    0.000    0.000    0.002    0.000 py2cpp.py:655(on_decorator)
       37    0.000    0.000    0.000    0.000 <frozen importlib._bootstrap_external>:674(_check_name_wrapper)
       21    0.000    0.000    0.000    0.000 statement_compound.py:789(_merged_by)
        6    0.000    0.000    0.000    0.000 _block_constructor.j2:4(root)
       83    0.000    0.000    0.000    0.000 lexer.py:350(push)
       20    0.000    0.000    0.003    0.000 py2cpp.py:999(on_list_type)
       19    0.000    0.000    0.001    0.000 typing.py:806(Optional)
      218    0.000    0.000    0.000    0.000 cvars.py:207(equals)
       20    0.000    0.000    0.002    0.000 traits.py:224(_find_method)
       45    0.000    0.000    0.005    0.000 <frozen importlib._bootstrap_external>:1551(find_spec)
      221    0.000    0.000    0.000    0.000 parser.py:879(ensure)
       81    0.000    0.000    0.000    0.000 enum.py:1585(_get_value)
       55    0.000    0.000    0.000    0.000 statement_compound.py:552(is_override)
       14    0.000    0.000    0.000    0.000 di.py:257(instantiate)
       40    0.000    0.000    0.000    0.000 cpp_view_helper.py:137(to_immutable)
       16    0.000    0.000    0.005    0.000 _definition_class.j2:4(root)
       14    0.000    0.000    0.150    0.011 module.py:85(preprocess)
       26    0.000    0.000    0.004    0.000 py2cpp.py:467(on_else_if)
       78    0.000    0.000    0.000    0.000 comment.py:215(parse_examples)
       31    0.000    0.000    0.005    0.000 reflections.py:216(resolve_constructor)
       37    0.000    0.000    0.001    0.000 idtracking.py:286(visit_Assign)
       42    0.000    0.000    0.000    0.000 cvar_to.j2:4(root)
       39    0.000    0.000    0.034    0.001 py2cpp.py:960(<lambda>)
       42    0.000    0.000    0.000    0.000 idtracking.py:112(declare_parameter)
      166    0.000    0.000    0.000    0.000 {built-in method _operator.ne}
       78    0.000    0.000    0.002    0.000 primary.py:171(class_types)
       28    0.000    0.000    0.001    0.000 persistent.py:137(_can_restore)
       28    0.000    0.000    0.000    0.000 di.py:71(rebind)
       14    0.000    0.000    0.099    0.007 ast.py:33(make_root_entry)
      463    0.000    0.000    0.000    0.000 parse_tree_builder.py:29(__init__)
       28    0.000    0.000    0.000    0.000 {built-in method _imp._fix_co_filename}
       21    0.000    0.000    0.001    0.000 <frozen _collections_abc>:652(__rsub__)
       60    0.000    0.000    0.000    0.000 list_extend.j2:4(root)
        1    0.000    0.000    0.017    0.017 lark.py:1(<module>)
       33    0.000    0.000    0.001    0.000 <frozen abc>:105(__new__)
        7    0.000    0.000    0.003    0.000 py2cpp.py:491(proc_for_range)
        1    0.000    0.000    0.000    0.000 decl_param.j2:1(<module>)
       42    0.000    0.000    0.000    0.000 {built-in method nt._path_splitroot}
       28    0.000    0.000    0.000    0.000 <frozen importlib._bootstrap_external>:730(_validate_timestamp_pyc)
        8    0.000    0.000    0.007    0.001 enum.j2:4(root)
       86    0.000    0.000    0.003    0.000 primary.py:578(iterates)
        2    0.000    0.000    0.000    0.000 typing.py:3142(__new__)
       39    0.000    0.000    0.000    0.000 <frozen importlib._bootstrap>:48(_new_module)
      136    0.000    0.000    0.000    0.000 <frozen importlib._bootstrap>:1222(__enter__)
       54    0.000    0.000    0.000    0.000 <frozen importlib._bootstrap_external>:164(_path_isfile)
       24    0.000    0.000    0.004    0.000 delete.j2:4(root)
       51    0.000    0.000    0.000    0.000 statement_compound.py:158(iterates)
      136    0.000    0.000    0.000    0.000 <frozen importlib._bootstrap>:1226(__exit__)
       77    0.000    0.000    0.000    0.000 _decorators.j2:4(root)
       96    0.000    0.000    0.000    0.000 typing.py:789(<genexpr>)
        9    0.000    0.000    0.008    0.001 reflections.py:556(on_for_in)
      149    0.000    0.000    0.000    0.000 {method 'rfind' of 'str' objects}
    52/33    0.000    0.000    0.001    0.000 typing.py:574(__getitem__)
       92    0.000    0.000    0.000    0.000 <frozen importlib._bootstrap_external>:67(_relax_case)
       55    0.000    0.000    0.000    0.000 _compiler.py:401(_simple)
      231    0.000    0.000    0.000    0.000 {built-in method _imp.acquire_lock}
       14    0.000    0.000    0.000    0.000 di.py:230(combine)
      103    0.000    0.000    0.000    0.000 {method '__exit__' of '_thread.RLock' objects}
        1    0.000    0.000    0.000    0.000 resolver.py:6(symbol_mapping)
      173    0.000    0.000    0.000    0.000 compiler.py:497(<genexpr>)
       45    0.000    0.000    0.000    0.000 {built-in method fromkeys}
       31    0.000    0.000    0.000    0.000 statement_compound.py:567(match_feature)
       55    0.000    0.000    0.000    0.000 statement_compound.py:548(is_abstract)
      231    0.000    0.000    0.000    0.000 {built-in method _imp.release_lock}
      182    0.000    0.000    0.000    0.000 _parser.py:112(__init__)
       22    0.000    0.000    0.000    0.000 statement_compound.py:141(symbols)
       58    0.000    0.000    0.000    0.000 compiler.py:384(temporary_identifier)
       31    0.000    0.000    0.000    0.000 runtime.py:559(__next__)
       28    0.000    0.000    0.004    0.000 statement_compound.py:67(statements)
      122    0.000    0.000    0.000    0.000 compiler.py:943(<genexpr>)
       75    0.000    0.000    0.001    0.000 <frozen importlib._bootstrap>:632(cached)
      202    0.000    0.000    0.000    0.000 environment.py:463(getitem)
       21    0.000    0.000    0.000    0.000 {built-in method _sre.compile}
        2    0.000    0.000    0.000    0.000 _statements_enum.j2:4(root)
      168    0.000    0.000    0.000    0.000 idtracking.py:235(__init__)
       14    0.000    0.000    0.001    0.000 entrypoints.py:42(entrypoint)
      118    0.000    0.000    0.000    0.000 _parser.py:82(groups)
       46    0.000    0.000    0.000    0.000 lexer.py:265(__eq__)
       27    0.000    0.000    0.001    0.000 py2cpp.py:1035(on_null_type)
    14/10    0.000    0.000    0.185    0.018 modules.py:80(__load_libraries)
       25    0.000    0.000    0.000    0.000 reflection.py:207(__eq__)
       10    0.000    0.000    0.002    0.000 typing.py:1748(__getitem__)
       21    0.000    0.000    0.000    0.000 statement_compound.py:803(_merged)
        1    0.000    0.000    0.000    0.000 pkgutil.py:1(<module>)
       64    0.000    0.000    0.000    0.000 compiler.py:422(start_write)
       48    0.000    0.000    0.000    0.000 move_assign_destruction.j2:4(root)
       19    0.000    0.000    0.013    0.001 reflections.py:614(on_sum)
       15    0.000    0.000    0.000    0.000 _compiler.py:470(_get_charset_prefix)
       37    0.000    0.000    0.000    0.000 <frozen importlib._bootstrap_external>:1233(path_stats)
       97    0.000    0.000    0.000    0.000 compiler.py:717(<genexpr>)
      122    0.000    0.000    0.000    0.000 <frozen codecs>:263(__init__)
       68    0.000    0.000    0.000    0.000 nodes.py:552(can_assign)
        8    0.000    0.000    0.000    0.000 functools.py:36(update_wrapper)
       45    0.000    0.000    0.000    0.000 <frozen importlib._bootstrap>:1128(find_spec)
       56    0.000    0.000    0.000    0.000 list_comp.j2:4(root)
       25    0.000    0.000    0.000    0.000 str_find.j2:4(root)
       15    0.000    0.000    0.000    0.000 str_format.j2:4(root)
        1    0.000    0.000    0.006    0.006 parser_frontends.py:1(<module>)
        1    0.000    0.000    0.002    0.002 earley.py:1(<module>)
       15    0.000    0.000    0.000    0.000 typing.py:1599(__mro_entries__)
       45    0.000    0.000    0.000    0.000 {built-in method _imp.find_frozen}
        1    0.000    0.000    0.000    0.000 lalr_analysis.py:1(<module>)
      221    0.000    0.000    0.000    0.000 {built-in method builtins.ord}
        7    0.000    0.000    0.000    0.000 compiler.py:1820(visit_CondExpr)
      254    0.000    0.000    0.000    0.000 parse_tree_builder.py:141(__init__)
       46    0.000    0.000    0.000    0.000 <frozen importlib._bootstrap>:420(__exit__)
      122    0.000    0.000    0.000    0.000 optimizer.py:28(__init__)
        2    0.000    0.000    0.007    0.004 py2cpp.py:707(on_delete)
       14    0.000    0.000    0.000    0.000 di.py:219(_clone)
      112    0.000    0.000    0.000    0.000 module.py:38(path)
       98    0.000    0.000    0.000    0.000 di.py:277(__register)
       91    0.000    0.000    0.000    0.000 {method 'find' of 'bytearray' objects}
       15    0.000    0.000    0.001    0.000 py2cpp.py:805(on_decl_class_param)
        3    0.000    0.000    0.010    0.003 py2cpp.py:524(proc_for_each)
       36    0.000    0.000    0.000    0.000 class_ref.j2:4(root)
       28    0.000    0.000    0.001    0.000 statement_compound.py:73(block)
       35    0.000    0.000    0.000    0.000 compiler.py:780(push_assign_tracking)
        4    0.000    0.000    0.000    0.000 _inherits.j2:4(root)
       27    0.000    0.000    0.000    0.000 enum.py:695(__call__)
      166    0.000    0.000    0.000    0.000 filters.py:1763(transfunc)
       28    0.000    0.000    0.000    0.000 module.py:53(in_storage)
       14    0.000    0.000    0.432    0.031 module.py:64(load)
       10    0.000    0.000    0.000    0.000 cpp_view_helper.py:31(parse)
       13    0.000    0.000    0.000    0.000 typing.py:1719(__getitem__)
       62    0.000    0.000    0.000    0.000 _parser.py:171(__setitem__)
      166    0.000    0.000    0.000    0.000 filters.py:1561(<lambda>)
        8    0.000    0.000    0.000    0.000 typing.py:1733(__getitem_inner__)
       21    0.000    0.000    0.001    0.000 inspect.py:621(getmembers)
        1    0.000    0.000    0.000    0.000 lark.py:194(__init__)
       39    0.000    0.000    0.000    0.000 unary_operator.j2:4(root)
     11/4    0.000    0.000    0.000    0.000 {built-in method _abc._abc_subclasscheck}
       38    0.000    0.000    0.000    0.000 _parser.py:97(closegroup)
       15    0.000    0.000    0.000    0.000 statement_compound.py:506(class_types)
       30    0.000    0.000    0.019    0.001 general.py:35(statements)
       17    0.000    0.000    0.002    0.000 py2cpp.py:1500(on_tuple)
       22    0.000    0.000    0.002    0.000 statement_compound.py:152(statements)
       25    0.000    0.000    0.000    0.000 reflections.py:599(on_comparison)
       14    0.000    0.000    0.004    0.000 persistent.py:66(stored)
       14    0.000    0.000    0.041    0.003 entry.py:153(loads)
       84    0.000    0.000    0.000    0.000 {built-in method from_bytes}
       28    0.000    0.000    0.000    0.000 list_insert.j2:4(root)
       27    0.000    0.000    0.000    0.000 enum.py:1152(__new__)
       42    0.000    0.000    0.000    0.000 <frozen importlib._bootstrap_external>:190(_path_abspath)
       72    0.000    0.000    0.000    0.000 typing.py:1765(__eq__)
       22    0.000    0.000    0.000    0.000 _parser.py:230(__init__)
       98    0.000    0.000    0.000    0.000 {built-in method _thread.get_ident}
     11/5    0.000    0.000    0.004    0.001 <frozen importlib._bootstrap>:1390(_handle_fromlist)
        5    0.000    0.000    0.000    0.000 trait.py:35(impl_methods)
       28    0.000    0.000    0.000    0.000 di.py:272(__init__)
       42    0.000    0.000    0.000    0.000 ternary_operator.j2:4(root)
        1    0.000    0.000    0.002    0.002 parse_tree_builder.py:1(<module>)
        3    0.000    0.000    0.000    0.000 statement_compound.py:668(constructor_exists)
       46    0.000    0.000    0.000    0.000 <frozen importlib._bootstrap>:982(find_spec)
       19    0.000    0.000    0.000    0.000 compiler.py:1746(visit_Slice)
       10    0.000    0.000    0.003    0.000 py2cpp.py:792(on_decl_this_var_forward)
       24    0.000    0.000    0.000    0.000 reflections.py:536(on_null_type)
       10    0.000    0.000    0.000    0.000 enum.py:1592(__or__)
        1    0.000    0.000    0.000    0.000 earley_forest.py:1(<module>)
       56    0.000    0.000    0.000    0.000 aug_assign.j2:4(root)
       92    0.000    0.000    0.000    0.000 typing.py:1096(__eq__)
       10    0.000    0.000    0.003    0.000 py2cpp.py:795(on_decl_this_var)
       22    0.000    0.000    0.000    0.000 statement_compound.py:162(block)
       38    0.000    0.000    0.000    0.000 statement_simple.py:67(value)
        7    0.000    0.000    0.000    0.000 compiler.py:1618(visit_NSRef)
       14    0.000    0.000    0.001    0.000 py2cpp.py:1331(on_for_in)
       49    0.000    0.000    0.000    0.000 <frozen importlib._bootstrap>:173(__exit__)
        9    0.000    0.000    0.000    0.000 _parser.py:273(getuntil)
        8    0.000    0.000    0.001    0.000 py2cpp.py:704(on_aug_assign)
        1    0.000    0.000    0.000    0.000 {method 'disable' of '_lsprof.Profiler' objects}
       34    0.000    0.000    0.004    0.000 literal.py:151(values)
        3    0.000    0.000    0.000    0.000 statement_compound.py:673(constructor)
       24    0.000    0.000    0.000    0.000 import.j2:4(root)
       31    0.000    0.000    0.000    0.000 typing.py:351(_deduplicate)
        1    0.000    0.000    0.000    0.000 lark.py:47(LarkOptions)
       53    0.000    0.000    0.000    0.000 cvars.py:211(contains)
       14    0.000    0.000    0.000    0.000 statement_simple.py:180(symbols)
       36    0.000    0.000    0.000    0.000 reflections.py:73(get_object)
       18    0.000    0.000    0.000    0.000 comp_for.j2:4(root)
        1    0.000    0.000    0.000    0.000 lark.py:254(Lark)
       42    0.000    0.000    0.000    0.000 _compiler.py:573(isstring)
        3    0.000    0.000    0.001    0.000 statement_compound.py:689(this_vars)
       10    0.000    0.000    0.004    0.000 py2cpp.py:822(on_import_as_name)
       14    0.000    0.000    0.002    0.000 py2cpp.py:470(on_else)
       63    0.000    0.000    0.000    0.000 nodes.py:890(const)
       49    0.000    0.000    0.000    0.000 {method 'remove' of 'list' objects}
       14    0.000    0.000    0.000    0.000 nodes.py:650(as_const)
        1    0.000    0.000    0.025    0.025 parser.py:1(<module>)
       28    0.000    0.000    0.000    0.000 di.py:57(unbind)
        1    0.000    0.000    0.000    0.000 tree.py:1(<module>)
       21    0.000    0.000    0.000    0.000 nodes.py:706(as_const)
       15    0.000    0.000    0.000    0.000 reflections.py:527(on_custom_type)
       48    0.000    0.000    0.000    0.000 <frozen importlib._bootstrap>:599(__init__)
       21    0.000    0.000    0.001    0.000 <frozen _collections_abc>:866(_from_iterable)
       40    0.000    0.000    0.000    0.000 _decl_this_var.j2:4(root)
       28    0.000    0.000    0.000    0.000 for_in.j2:4(root)
    12/10    0.000    0.000    0.185    0.018 modules.py:26(libralies)
       49    0.000    0.000    0.000    0.000 {built-in method _weakref._remove_dead_weakref}
        2    0.000    0.000    0.007    0.003 compiler.py:1320(visit_Macro)
       31    0.000    0.000    0.000    0.000 idtracking.py:291(visit_For)
        1    0.000    0.000    2.598    2.598 transpile.py:311(_run_impl)
       18    0.000    0.000    0.000    0.000 statement_simple.py:149(via)
       20    0.000    0.000    0.000    0.000 primary.py:592(for_in)
        1    0.000    0.000    0.002    0.002 lalr_parser.py:1(<module>)
       54    0.000    0.000    0.000    0.000 null_type.j2:4(root)
       11    0.000    0.000    0.000    0.000 typing.py:1023(__init__)
       82    0.000    0.000    0.000    0.000 decorator.py:149(__init__)
       30    0.000    0.000    0.000    0.000 decl_class_param.j2:4(root)
        7    0.000    0.000    0.001    0.000 statement_compound.py:746(collect)
        2    0.000    0.000    0.006    0.003 parser.py:443(parse_macro)
       12    0.000    0.000    0.001    0.000 statement_compound.py:128(statements)
        2    0.000    0.000    0.000    0.000 parser.py:357(parse_import)
       14    0.000    0.000    0.000    0.000 di.py:387(_clone)
       14    0.000    0.000    0.000    0.000 compiler.py:389(buffer)
       26    0.000    0.000    0.002    0.000 primary.py:377(primary_type)
       18    0.000    0.000    0.000    0.000 dict.j2:4(root)
      110    0.000    0.000    0.000    0.000 nodes.py:722(<genexpr>)
        1    0.000    0.000    0.000    0.000 lexer.py:142(Token)
        1    0.000    0.000    0.002    0.002 query.py:1(<module>)
       14    0.000    0.000    0.002    0.000 operator.py:17(operator)
       28    0.000    0.000    0.000    0.000 di.py:291(__unregister)
        1    0.000    0.000    0.000    0.000 serializer.py:1(<module>)
       20    0.000    0.000    0.000    0.000 list.j2:4(root)
        1    0.000    0.000    0.001    0.001 grammar_analysis.py:1(<module>)
        4    0.000    0.000    0.000    0.000 <frozen importlib._bootstrap_external>:1487(_path_hooks)
       14    0.000    0.000    0.000    0.000 statement_compound.py:366(symbol)
       46    0.000    0.000    0.000    0.000 compiler.py:134(<genexpr>)
       42    0.000    0.000    0.000    0.000 {method 'startswith' of 'bytes' objects}
       14    0.000    0.000    0.000    0.000 _parser.py:448(_uniq)
       15    0.000    0.000    0.000    0.000 statement_compound.py:502(is_override)
        2    0.000    0.000    0.000    0.000 parser.py:406(parse_signature)
       22    0.000    0.000    0.000    0.000 _delete.j2:4(root)
        1    0.000    0.000    0.005    0.005 exceptions.py:1(<module>)
       21    0.000    0.000    0.000    0.000 cvar_new_smart.j2:4(root)
        4    0.000    0.000    0.000    0.000 <frozen importlib._bootstrap_external>:1598(__init__)
       12    0.000    0.000    0.000    0.000 _signature_constructor.j2:4(root)
       24    0.000    0.000    0.000    0.000 literalize.j2:4(root)
        1    0.000    0.000    0.000    0.000 dataclasses.py:470(add_fns_to_class)
       33    0.000    0.000    0.000    0.000 typing.py:1221(<genexpr>)
        4    0.000    0.000    0.000    0.000 <frozen zipimport>:68(__init__)
       17    0.000    0.000    0.000    0.000 typing.py:1773(__hash__)
       24    0.000    0.000    0.000    0.000 literal.py:125(values)
       10    0.000    0.000    0.001    0.000 lexer.py:483(c)
        1    0.000    0.000    0.000    0.000 lalr_parser_state.py:1(<module>)
        1    0.000    0.000    0.000    0.000 common.py:1(<module>)
        1    0.000    0.000    0.001    0.001 __init__.py:71(search_function)
        1    0.000    0.000    0.000    0.000 entry.py:1(<module>)
    15/13    0.000    0.000    0.000    0.000 nodes.py:996(as_const)
        3    0.000    0.000    0.007    0.002 py2cpp.py:1356(on_list_comp)
       30    0.000    0.000    0.000    0.000 decl_this_var.j2:4(root)
        4    0.000    0.000    0.004    0.001 {built-in method builtins.__import__}
       10    0.000    0.000    0.002    0.000 primary.py:197(symbol)
        1    0.000    0.000    0.000    0.000 cyk.py:1(<module>)
       28    0.000    0.000    0.000    0.000 cache.py:256(decorator)
        1    0.000    0.000    0.000    0.000 xearley.py:1(<module>)
        2    0.000    0.000    0.000    0.000 typing.py:3240(TypedDict)
       26    0.000    0.000    0.002    0.000 primary.py:389(value_type)
        1    0.000    0.000    0.000    0.000 entry.py:9(EntryOfLark)
       10    0.000    0.000    0.000    0.000 primary.py:621(fors)
        1    0.000    0.000    0.000    0.000 enum.py:1455(_missing_)
        1    0.000    0.000    0.000    0.000 dataclasses.py:610(_init_fn)
       46    0.000    0.000    0.000    0.000 {built-in method _thread.allocate_lock}
        9    0.000    0.000    0.004    0.000 <frozen importlib._bootstrap_external>:1085(source_to_code)
       21    0.000    0.000    0.000    0.000 _parser.py:954(fix_flags)
       34    0.000    0.000    0.000    0.000 general.py:25(scope)
        1    0.000    0.000    0.003    0.003 lark.py:482(_prepare_callbacks)
        1    0.000    0.000    0.000    0.000 parser_frontends.py:154(_get_lexer_callbacks)
        1    0.000    0.000    0.000    0.000 trait.py:70(__ensure_traits)
    14/11    0.000    0.000    0.000    0.000 nodes.py:1006(as_const)
        1    0.000    0.000    0.000    0.000 __init__.py:43(normalize_encoding)
       10    0.000    0.000    0.000    0.000 primary.py:586(symbols)
       10    0.000    0.000    0.004    0.000 py2cpp.py:1476(on_list)
        4    0.000    0.000    0.000    0.000 _prepare.j2:4(root)
        1    0.000    0.000    0.002    0.002 py2cpp.py:461(on_entrypoint)
        4    0.000    0.000    0.000    0.000 default.j2:1(<module>)
        1    0.000    0.000    0.000    0.000 load_grammar.py:1086(GrammarBuilder)
        3    0.000    0.000    0.000    0.000 dataclasses.py:768(_get_field)
       10    0.000    0.000    0.002    0.000 primary.py:206(alias)
       20    0.000    0.000    0.000    0.000 decl_this_var_forward.j2:4(root)
       54    0.000    0.000    0.000    0.000 _compiler.py:31(_combine_flags)
        8    0.000    0.000    0.000    0.000 lexer.py:362(skip)
       10    0.000    0.000    0.000    0.000 str_join.j2:4(root)
       46    0.000    0.000    0.000    0.000 <frozen importlib._bootstrap>:412(__init__)
        6    0.000    0.000    0.000    0.000 dataclasses.py:437(add_fn)
        2    0.000    0.000    0.000    0.000 compiler.py:1099(visit_Import)
        1    0.000    0.000    0.022    0.022 parser_frontends.py:47(_deserialize_parsing_frontend)
       30    0.000    0.000    0.000    0.000 typing.py:1757(<genexpr>)
       32    0.000    0.000    0.000    0.000 {method 'index' of 'list' objects}
        8    0.000    0.000    0.000    0.000 typing.py:1715(copy_with)
       10    0.000    0.000    0.000    0.000 enumerate.j2:4(root)
        8    0.000    0.000    0.000    0.000 _classify.j2:4(root)
        7    0.000    0.000    0.001    0.000 py2cpp.py:786(on_argument_label)
        2    0.000    0.000    0.000    0.000 resolver.py:1(<module>)
       26    0.000    0.000    0.001    0.000 compiler.py:1173(<genexpr>)
        7    0.000    0.000    0.001    0.000 py2cpp.py:1450(on_ternary_operator)
        1    0.000    0.000    0.000    0.000 {built-in method _imp.exec_dynamic}
       93    0.000    0.000    0.000    0.000 module.py:33(module_path)
        1    0.000    0.000    0.000    0.000 writer.py:39(_flush)
        8    0.000    0.000    0.000    0.000 runtime.py:406(__init__)
       14    0.000    0.000    0.001    0.000 semantics.py:43(handler)
       53    0.000    0.000    0.000    0.000 {method 'count' of 'tuple' objects}
        1    0.000    0.000    0.001    0.001 dataclasses.py:1294(wrap)
        1    0.000    0.000    0.002    0.002 load_grammar.py:679(Grammar)
       10    0.000    0.000    0.000    0.000 str_count.j2:4(root)
       25    0.000    0.000    0.000    0.000 {method '__contains__' of 'frozenset' objects}
        7    0.000    0.000    0.000    0.000 primary.py:611(domain_name)
        7    0.000    0.000    0.012    0.002 py2cpp.py:1378(on_or_compare)
        1    0.000    0.000    0.000    0.000 indenter.py:15(Indenter)
        5    0.000    0.000    0.011    0.002 py2cpp.py:1381(on_and_compare)
       56    0.000    0.000    0.000    0.000 compiler.py:774(parameter_is_undeclared)
       11    0.000    0.000    0.000    0.000 reflections.py:393(on_argument_label)
        1    0.000    0.000    0.000    0.000 getpass.py:1(<module>)
        1    0.000    0.000    0.001    0.001 lalr_interactive_parser.py:1(<module>)
       28    0.000    0.000    0.000    0.000 decorator.py:11(__init__)
       10    0.000    0.000    0.001    0.000 py2cpp.py:1375(on_not_compare)
        7    0.000    0.000    0.001    0.000 statement_compound.py:343(_decl_vars_with)
       12    0.000    0.000    0.000    0.000 {method '__typing_prepare_subst__' of 'typing.TypeVar' objects}
        4    0.000    0.000    0.000    0.000 <frozen importlib._bootstrap_external>:1716(path_hook_for_FileFinder)
        1    0.000    0.000    0.000    0.000 query.py:13(Nodes)
       12    0.000    0.000    0.000    0.000 typing.py:310(_check_generic_specialization)
       12    0.000    0.000    0.000    0.000 statement_compound.py:134(block)
       10    0.000    0.000    0.000    0.000 pair.j2:4(root)
       15    0.000    0.000    0.000    0.000 statement_compound.py:498(is_abstract)
        3    0.000    0.000    0.004    0.001 py2cpp.py:1336(<lambda>)
        3    0.000    0.000    0.001    0.000 py2cpp.py:752(on_comment)
        2    0.000    0.000    0.000    0.000 _parser.py:1005(addliteral)
       14    0.000    0.000    0.003    0.000 __init__.py:287(compile)
        1    0.000    0.000    0.000    0.000 functools.py:826(singledispatch)
        5    0.000    0.000    0.001    0.000 compiler.py:85(visitor)
        2    0.000    0.000    0.000    0.000 reflections.py:667(on_list)
        1    0.000    0.000    0.000    0.000 indenter.py:1(<module>)
        8    0.000    0.000    0.000    0.000 statement_simple.py:85(operator)
       64    0.000    0.000    0.000    0.000 compiler.py:429(end_write)
        3    0.000    0.000    0.005    0.002 py2cpp.py:526(<lambda>)
        1    0.000    0.000    0.000    0.000 lalr_analysis.py:148(LALR_Analyzer)
        3    0.000    0.000    0.000    0.000 primary.py:554(can_resolve_super)
       20    0.000    0.000    0.000    0.000 accessible.py:37(operation_by)
       10    0.000    0.000    0.000    0.000 trait.py:21(implements)
        1    0.000    0.000    0.000    0.000 _parser.py:997(parse_template)
       14    0.000    0.000    0.000    0.000 definition.py:55(<lambda>)
       31    0.000    0.000    0.000    0.000 entrypoint.j2:4(root)
        1    0.000    0.000    0.000    0.000 __init__.py:374(_compile_template)
        6    0.000    0.000    0.000    0.000 statement_compound.py:527(class_types)
        1    0.000    0.000    0.000    0.000 grammar.py:1(<module>)
        4    0.000    0.000    0.001    0.000 visitors.py:456(_apply_v_args)
       14    0.000    0.000    0.000    0.000 argument_label.j2:4(root)
        1    0.000    0.000    0.000    0.000 tree.py:38(Tree)
       12    0.000    0.000    0.000    0.000 primary.py:597(iterates)
       60    0.000    0.000    0.000    0.000 primary.py:446(match_feature)
        1    0.000    0.000    0.000    0.000 environment.py:1526(__init__)
       15    0.000    0.000    0.000    0.000 cache.py:123(cache_exists)
       39    0.000    0.000    0.000    0.000 {method 'partition' of 'str' objects}
        6    0.000    0.000    0.000    0.000 statement_simple.py:97(targets)
        1    0.000    0.000    0.004    0.004 py2cpp.py:506(proc_for_enumerate)
        1    0.000    0.000    0.000    0.000 common.py:57(_deserialize)
        1    0.000    0.000    0.000    0.000 inspect.py:176(get_annotations)
       49    0.000    0.000    0.000    0.000 <frozen importlib._bootstrap>:158(__init__)
        4    0.000    0.000    0.000    0.000 types.py:334(__getattr__)
       14    0.000    0.000    0.000    0.000 db.py:135(on_complete)
        1    0.000    0.000    0.000    0.000 lalr_parser_state.py:32(ParserState)
        8    0.000    0.000    0.000    0.000 typing.py:2528(get_origin)
       10    0.000    0.000    0.002    0.000 primary.py:192(tokens)
        1    0.000    0.000    0.000    0.000 encoder.py:205(iterencode)
        5    0.000    0.000    0.001    0.000 py2cpp.py:1473(on_pair)
       20    0.000    0.000    0.000    0.000 accessible.py:47(arthmetical)
       16    0.000    0.000    0.000    0.000 <string>:1(<lambda>)
        2    0.000    0.000    0.000    0.000 compiler.py:1084(_import_common)
       76    0.000    0.000    0.000    0.000 parse_tree_builder.py:17(__init__)
        1    0.000    0.000    0.008    0.008 lalr_parser.py:27(deserialize)
        1    0.000    0.000    0.000    0.000 transpile.py:359(output_filepath)
       10    0.000    0.000    0.000    0.000 statement_simple.py:35(symbols)
        7    0.000    0.000    0.000    0.000 literal.py:40(as_int)
        4    0.000    0.000    0.000    0.000 decorator.py:187(any)
        2    0.000    0.000    0.000    0.000 _comment.j2:1(<module>)
       10    0.000    0.000    0.000    0.000 primary.py:202(entity_symbol)
        2    0.000    0.000    0.000    0.000 idtracking.py:160(dump_param_targets)
        3    0.000    0.000    0.000    0.000 cvars.py:219(to_move)
        6    0.000    0.000    0.002    0.000 py2cpp.py:476(on_while)
        1    0.000    0.000    0.000    0.000 finder.py:8(ASTFinder)
       14    0.000    0.000    0.000    0.000 operator.py:22(value)
        3    0.000    0.000    0.000    0.000 reflections.py:550(on_super)
        1    0.000    0.000    0.000    0.000 serializer.py:14(ReflectionSerializer)
        2    0.000    0.000    0.000    0.000 tuple.j2:1(<module>)
       41    0.000    0.000    0.000    0.000 _compiler.py:431(_get_iscased)
       28    0.000    0.000    0.000    0.000 di.py:15(__init__)
        2    0.000    0.000    0.000    0.000 callable_type.j2:4(root)
       30    0.000    0.000    0.000    0.000 {method 'items' of 'mappingproxy' objects}
       12    0.000    0.000    0.000    0.000 idtracking.py:300(visit_FilterBlock)
        7    0.000    0.000    0.000    0.000 visitors.py:474(__init__)
       23    0.000    0.000    0.000    0.000 {built-in method _operator.neg}
       21    0.000    0.000    0.000    0.000 _parser.py:76(__init__)
       42    0.000    0.000    0.000    0.000 <frozen importlib._bootstrap>:653(has_location)
        1    0.000    0.000    0.000    0.000 writer.py:25(flush)
        2    0.000    0.000    0.000    0.000 compiler.py:697(macro_def)
        6    0.000    0.000    0.000    0.000 statement_compound.py:339(is_internal)
       21    0.000    0.000    0.000    0.000 inspect.py:302(isclass)
        1    0.000    0.000    0.000    0.000 common.py:27(LexerConf)
       37    0.000    0.000    0.000    0.000 <frozen importlib._bootstrap_external>:1209(get_filename)
        4    0.000    0.000    0.000    0.000 typing.py:2696(overload)
       11    0.000    0.000    0.000    0.000 statement_simple.py:72(symbols)
        2    0.000    0.000    0.000    0.000 __init__.py:930(__init__)
        2    0.000    0.000    0.000    0.000 cvar_to.j2:1(<module>)
       37    0.000    0.000    0.000    0.000 <frozen importlib._bootstrap_external>:1184(__init__)
        2    0.000    0.000    0.000    0.000 compiler.py:1647(visit_Tuple)
        1    0.000    0.000    0.000    0.000 lexer.py:33(Pattern)
        1    0.000    0.000    0.000    0.000 utils.py:52(Serialize)
        5    0.000    0.000    0.001    0.000 py2cpp.py:746(on_break)
        4    0.000    0.000    0.001    0.000 py2cpp.py:1470(on_falsy)
        1    0.000    0.000    0.000    0.000 {built-in method _imp.create_builtin}
        9    0.000    0.000    0.002    0.000 operator.py:81(primary)
        2    0.000    0.000    0.000    0.000 functools.py:878(register)
        2    0.000    0.000    0.000    0.000 py2cpp.py:275(__accessible_name_for_alt_class)
        3    0.000    0.000    0.000    0.000 compiler.py:1656(visit_List)
       20    0.000    0.000    0.000    0.000 lark.py:226(__getattr__)
        5    0.000    0.000    0.000    0.000 str_rfind.j2:4(root)
        1    0.000    0.000    0.000    0.000 lalr_parser_state.py:11(ParseConf)
       53    0.000    0.000    0.000    0.000 parse_tree_builder.py:95(__init__)
        5    0.000    0.000    0.000    0.000 str_startswith.j2:4(root)
        2    0.000    0.000    0.000    0.000 _compiler.py:394(_bytes_to_codes)
       19    0.000    0.000    0.000    0.000 typing.py:1742(<genexpr>)
        1    0.000    0.000    0.000    0.000 utils.py:308(FS)
        1    0.000    0.000    0.000    0.000 parser_frontends.py:58(ParsingFrontend)
        1    0.000    0.000    0.000    0.000 exceptions.py:37(UnexpectedInput)
        2    0.000    0.000    0.000    0.000 _accessor.j2:1(<module>)
        2    0.000    0.000    0.000    0.000 _template_types.j2:1(<module>)
        8    0.000    0.000    0.001    0.000 primary.py:616(projection)
        2    0.000    0.000    0.000    0.000 primary.py:438(sub_types)
        1    0.000    0.000    0.000    0.000 __init__.py:183(dumps)
       14    0.000    0.000    0.000    0.000 entrypoints.py:35(<lambda>)
       15    0.000    0.000    0.000    0.000 cache.py:51(__init__)
       21    0.000    0.000    0.000    0.000 typing.py:553(__repr__)
        5    0.000    0.000    0.000    0.000 compiler.py:1866(visit_Keyword)
        1    0.000    0.000    0.000    0.000 entry.py:112(Serialization)
        1    0.000    0.000    0.000    0.000 __init__.py:1846(LoggerAdapter)
       37    0.000    0.000    0.000    0.000 <frozen importlib._bootstrap_external>:1017(create_module)
        2    0.000    0.000    0.000    0.000 functools.py:867(_is_union_type)
        2    0.000    0.000    0.000    0.000 typing.py:709(ClassVar)
        1    0.000    0.000    0.000    0.000 weakref.py:104(__init__)
        1    0.000    0.000    0.000    0.000 lexer.py:213(compile_rules)
        7    0.000    0.000    0.000    0.000 translation.py:17(import_dsn)
        6    0.000    0.000    0.000    0.000 reflections.py:518(on_list_type)
        1    0.000    0.000    0.000    0.000 __init__.py:1110(StreamHandler)
        1    0.000    0.000    0.000    0.000 lalr_analysis.py:34(ParseTableBase)
        2    0.000    0.000    0.000    0.000 cache.py:1(<module>)
        8    0.000    0.000    0.000    0.000 module.py:136(elements)
        5    0.000    0.000    0.001    0.000 statement_compound.py:643(comment)
        1    0.000    0.000    0.000    0.000 unicode_escape.py:1(<module>)
        9    0.000    0.000    0.000    0.000 comment.j2:4(root)
        4    0.000    0.000    0.000    0.000 _constructor_inherits.j2:4(root)
        5    0.000    0.000    0.000    0.000 cast_str_to_bin.j2:4(root)
        9    0.000    0.000    0.000    0.000 operator.py:86(condition)
       32    0.000    0.000    0.000    0.000 <frozen importlib._bootstrap_external>:1604(<genexpr>)
        1    0.000    0.000    0.000    0.000 parser.py:17(SyntaxParserOfLark)
        1    0.000    0.000    0.000    0.000 lexer.py:542(BasicLexer)
        2    0.000    0.000    0.000    0.000 _decorators.j2:1(<module>)
        1    0.000    0.000    0.000    0.000 delete.j2:1(<module>)
       31    0.000    0.000    0.000    0.000 {built-in method _sre.unicode_iscased}
       12    0.000    0.000    0.000    0.000 {method 'index' of 'tuple' objects}
       32    0.000    0.000    0.000    0.000 {method '__init_subclass__' of 'object' objects}
        2    0.000    0.000    0.000    0.000 dict_type.j2:4(root)
        1    0.000    0.000    0.000    0.000 module.py:107(handler)
        1    0.000    0.000    1.995    1.995 py2cpp.py:138(transpile)
        1    0.000    0.000    0.000    0.000 _str_format.j2:4(root)
        1    0.000    0.000    0.000    0.000 load_grammar.py:821(FromPackageLoader)
       14    0.000    0.000    0.000    0.000 module.py:14(__init__)
       24    0.000    0.000    0.000    0.000 inspect.py:758(getmro)
        1    0.000    0.000    0.000    0.000 py2cpp.py:428(make_depends)
        1    0.000    0.000    0.000    0.000 grammar.py:91(Rule)
        1    0.000    0.000    0.000    0.000 throw.j2:1(<module>)
       40    0.000    0.000    0.000    0.000 {built-in method _sre.unicode_tolower}
        1    0.000    0.000    0.000    0.000 encoder.py:183(encode)
        8    0.000    0.000    0.001    0.000 statement_simple.py:80(receiver)
        2    0.000    0.000    0.000    0.000 idtracking.py:273(visit_Import)
        1    0.000    0.000    0.000    0.000 utils.py:99(SerializeMemoizer)
        1    0.000    0.000    0.000    0.000 callable_type.j2:1(<module>)
        1    0.000    0.000    0.000    0.000 grammar.py:9(Symbol)
        1    0.000    0.000    0.000    0.000 utils.py:164(TextSlice)
        2    0.000    0.000    0.000    0.000 __init__.py:1477(__init__)
        1    0.000    0.000    0.000    0.000 finder.py:1(<module>)
        1    0.000    0.000    0.000    0.000 transpile.py:373(fetch_output_path)
        3    0.000    0.000    0.000    0.000 _compiler.py:410(_generate_overlap_table)
       29    0.000    0.000    0.000    0.000 module.py:43(entrypoint)
       14    0.000    0.000    0.000    0.000 resolver.py:44(__init__)
        1    0.000    0.000    0.000    0.000 grammar.py:66(RuleOptions)
        1    0.000    0.000    0.000    0.000 unicode_escape.py:37(getregentry)
       14    0.000    0.000    0.000    0.000 cache.py:8(__init__)
        1    0.000    0.000    0.000    0.000 lalr_interactive_parser.py:13(InteractiveParser)
        1    0.000    0.000    0.000    0.000 cache.py:5(EntryCache)
        1    0.000    0.000    0.000    0.000 import_as_name.j2:1(<module>)
        9    0.000    0.000    0.000    0.000 _parser.py:303(checkgroupname)
        9    0.000    0.000    0.000    0.000 typing.py:1105(__hash__)
        1    0.000    0.000    0.000    0.000 __init__.py:600(__init__)
        1    0.000    0.000    0.000    0.000 lark.py:529(_deserialize_lexer_conf)
        1    0.000    0.000    0.000    0.000 __init__.py:1361(getLogger)
        1    0.000    0.000    0.039    0.039 parser.py:127(load)
       10    0.000    0.000    0.000    0.000 break.j2:4(root)
        1    0.000    0.000    0.000    0.000 slice_string.j2:1(<module>)
     11/4    0.000    0.000    0.000    0.000 <frozen abc>:121(__subclasscheck__)
        3    0.000    0.000    0.000    0.000 enum.py:1435(_iter_member_by_value_)
        1    0.000    0.000    0.000    0.000 <frozen ntpath>:222(split)
       12    0.000    0.000    0.000    0.000 compiler.py:1369(_default_finalize)
       14    0.000    0.000    0.000    0.000 parser.py:151(__init__)
        1    0.000    0.000    0.000    0.000 cache.py:5(<generic parameters of EntryCache>)
        1    0.000    0.000    0.000    0.000 _initializer.j2:1(<module>)
        1    0.000    0.000    0.000    0.000 comp_for.j2:1(<module>)
        1    0.000    0.000    0.000    0.000 _delete.j2:1(<module>)
        1    0.000    0.000    0.000    0.000 list_insert.j2:1(<module>)
        8    0.000    0.000    0.000    0.000 {method 'translate' of 'bytearray' objects}
        6    0.000    0.000    0.000    0.000 <frozen importlib._bootstrap_external>:169(_path_isdir)
        1    0.000    0.000    0.000    0.000 header.py:77(to_json)
        1    0.000    0.000    0.000    0.000 __init__.py:1446(_clear_cache)
        1    0.000    0.000    0.000    0.000 <string>:1(__create_fn__)
        1    0.000    0.000    0.000    0.000 semantics.py:24(<lambda>)
        1    0.000    0.000    0.000    0.000 xearley.py:30(Parser)
        1    0.000    0.000    0.000    0.000 visitors.py:74(Transformer)
        1    0.000    0.000    0.000    0.000 earley.py:27(Parser)
        1    0.000    0.000    0.000    0.000 ternary_operator.j2:1(<module>)
        1    0.000    0.000    0.000    0.000 comment.j2:1(<module>)
        8    0.000    0.000    0.001    0.000 statement_simple.py:89(value)
        2    0.000    0.000    0.000    0.000 compiler.py:736(push_parameter_definitions)
        1    0.000    0.000    0.002    0.002 py2cpp.py:1327(on_super)
        1    0.000    0.000    0.001    0.001 py2cpp.py:789(on_decl_class_var)
        3    0.000    0.000    0.000    0.000 py2cpp.py:1731(sub_cvar_to)
        1    0.000    0.000    0.000    0.000 parser_frontends.py:143(_validate_frontend_args)
        1    0.000    0.000    0.000    0.000 load_grammar.py:197(FindRuleSize)
        1    0.000    0.000    0.000    0.000 lexer.py:448(LexerThread)
        1    0.000    0.000    0.000    0.000 resolver.py:8(NodeResolver)
        4    0.000    0.000    0.001    0.000 visitors.py:569(_visitor_args_dec)
        1    0.000    0.000    0.000    0.000 visitors.py:360(Visitor)
        1    0.000    0.000    0.000    0.000 enum.j2:1(<module>)
        1    0.000    0.000    0.000    0.000 custom_type.j2:1(<module>)
        1    0.000    0.000    0.000    0.000 class_method.j2:1(<module>)
        1    0.000    0.000    0.000    0.000 _str_format.j2:1(<module>)
        1    0.000    0.000    0.000    0.000 _block_constructor.j2:1(<module>)
        1    0.000    0.000    0.000    0.000 group.j2:1(<module>)
        1    0.000    0.000    0.000    0.000 enumerate.j2:1(<module>)
        3    0.000    0.000    0.000    0.000 <frozen importlib._bootstrap>:463(_lock_unlock_module)
        1    0.000    0.000    0.003    0.003 py2cpp.py:1007(on_callable_type)
        1    0.000    0.000    0.000    0.000 cpp_view_helper.py:19(parse)
        1    0.000    0.000    0.000    0.000 environment.py:1395(make_module)
        7    0.000    0.000    0.000    0.000 compiler.py:1824(write_expr2)
        1    0.000    0.000    0.009    0.009 py2cpp.py:637(on_enum)
        1    0.000    0.000    0.000    0.000 utils.py:389(OrderedSet)
        1    0.000    0.000    0.000    0.000 earley_forest.py:25(SymbolNode)
        8    0.000    0.000    0.000    0.000 falsy.j2:4(root)
        1    0.000    0.000    0.000    0.000 cast_bin_to_str.j2:1(<module>)
        1    0.000    0.000    0.000    0.000 list_comp.j2:1(<module>)
        2    0.000    0.000    0.000    0.000 idtracking.py:270(visit_Macro)
        2    0.000    0.000    0.000    0.000 reflections.py:579(on_list_comp)
        1    0.000    0.000    0.000    0.000 lexer.py:525(AbstractBasicLexer)
        1    0.000    0.000    0.000    0.000 __init__.py:2128(getLogger)
        1    0.000    0.000    0.000    0.000 earley_forest.py:501(ForestToParseTree)
        1    0.000    0.000    0.000    0.000 __init__.py:921(Handler)
        2    0.000    0.000    0.000    0.000 __init__.py:898(_addHandlerRef)
        1    0.000    0.000    0.000    0.000 grammar_analysis.py:12(RulePtr)
        1    0.000    0.000    0.000    0.000 lalr_parser.py:17(LALR_Parser)
        1    0.000    0.000    0.000    0.000 lexer.py:649(ContextualLexer)
        1    0.000    0.000    0.000    0.000 class.j2:1(<module>)
        1    0.000    0.000    0.000    0.000 _method_body.j2:1(<module>)
        1    0.000    0.000    0.000    0.000 str_startswith.j2:1(<module>)
        2    0.000    0.000    0.000    0.000 super.j2:4(root)
        1    0.000    0.000    0.000    0.000 dataclasses.py:407(_fields_in_init_order)
        1    0.000    0.000    0.000    0.000 dataclasses.py:886(_hash_add)
        9    0.000    0.000    0.000    0.000 operator.py:91(secondary)
        1    0.000    0.000    0.000    0.000 __init__.py:1462(Logger)
        1    0.000    0.000    0.000    0.000 load_grammar.py:616(TerminalTreeToPattern)
        1    0.000    0.000    0.000    0.000 lark.py:40(PostLex)
        1    0.000    0.000    0.000    0.000 common.py:72(ParserConf)
        1    0.000    0.000    0.000    0.000 visitors.py:407(Interpreter)
        1    0.000    0.000    0.000    0.000 anno_assign.j2:1(<module>)
        1    0.000    0.000    0.000    0.000 if.j2:1(<module>)
        1    0.000    0.000    0.000    0.000 cast_char.j2:1(<module>)
        1    0.000    0.000    0.000    0.000 _constructor_inherits.j2:1(<module>)
        1    0.000    0.000    0.000    0.000 _decl_this_var.j2:1(<module>)
        1    0.000    0.000    0.000    0.000 super.j2:1(<module>)
        1    0.000    0.000    0.000    0.000 str_format.j2:1(<module>)
        1    0.000    0.000    0.000    0.000 for_in.j2:1(<module>)
        1    0.000    0.000    0.000    0.000 truthy.j2:1(<module>)
        9    0.000    0.000    0.000    0.000 {method 'copy' of 'list' objects}
        1    0.000    0.000    0.000    0.000 weakref.py:367(__init__)
        6    0.000    0.000    0.000    0.000 typing.py:3119(_get_typeddict_qualifiers)
        7    0.000    0.000    0.000    0.000 dataclasses.py:865(_set_new_attribute)
        3    0.000    0.000    0.000    0.000 threading.py:122(RLock)
       14    0.000    0.000    0.000    0.000 resolver.py:85(fallback)
        1    0.000    0.000    0.000    0.000 doc_string.j2:1(<module>)
        1    0.000    0.000    0.000    0.000 _block.j2:1(<module>)
        1    0.000    0.000    0.000    0.000 list.j2:1(<module>)
        1    0.000    0.000    0.000    0.000 len.j2:1(<module>)
        1    0.000    0.000    0.000    0.000 constructor.j2:1(<module>)
        1    0.000    0.000    0.000    0.000 decl_class_var.j2:1(<module>)
        1    0.000    0.000    0.000    0.000 dict.j2:1(<module>)
        2    0.000    0.000    0.000    0.000 <frozen _collections_abc>:971(clear)
        1    0.000    0.000    0.603    0.603 transpile.py:335(by_entrypoint)
        3    0.000    0.000    0.000    0.000 dataclasses.py:383(field)
        4    0.000    0.000    0.000    0.000 statement_compound.py:685(class_vars)
        3    0.000    0.000    0.000    0.000 statement_compound.py:523(is_override)
        3    0.000    0.000    0.000    0.000 statement_simple.py:169(text)
        2    0.000    0.000    0.000    0.000 nodes.py:637(can_assign)
        7    0.000    0.000    0.000    0.000 idtracking.py:249(visit_NSRef)
        2    0.000    0.000    0.000    0.000 reflections.py:406(on_decl_local_var)
        1    0.000    0.000    0.000    0.000 __init__.py:444(PercentStyle)
        1    0.000    0.000    0.000    0.000 lark.py:239(deserialize)
        1    0.000    0.000    0.000    0.000 visitors.py:379(Visitor_Recursive)
        1    0.000    0.000    0.000    0.000 import.j2:1(<module>)
        1    0.000    0.000    0.000    0.000 types_name.j2:1(<module>)
        1    0.000    0.000    0.000    0.000 move_assign_declare.j2:1(<module>)
        1    0.000    0.000    0.000    0.000 binary_operator.j2:1(<module>)
        1    0.000    0.000    0.000    0.000 list_extend.j2:1(<module>)
        1    0.000    0.000    0.000    0.000 cast_str_to_bin.j2:1(<module>)
        1    0.000    0.000    0.000    0.000 argument_label.j2:1(<module>)
        1    0.000    0.000    0.000    0.000 method.j2:1(<module>)
        1    0.000    0.000    0.000    0.000 range.j2:1(<module>)
        1    0.000    0.000    0.000    0.000 str_join.j2:1(<module>)
        1    0.000    0.000    0.000    0.000 _decl_class_var.j2:1(<module>)
        1    0.000    0.000    0.000    0.000 transpile.py:200(make_parser_setting)
        1    0.000    0.000    0.000    0.000 typing.py:1326(__mro_entries__)
        9    0.000    0.000    0.000    0.000 typing.py:1230(<genexpr>)
        2    0.000    0.000    0.000    0.000 weakref.py:495(popitem)
        3    0.000    0.000    0.000    0.000 py2cpp.py:1372(on_factor)
        6    0.000    0.000    0.000    0.000 alt_class.j2:4(root)
        1    0.000    0.000    0.000    0.000 __init__.py:1337(Manager)
        1    0.000    0.000    0.000    0.000 load_grammar.py:382(SimplifyRule_Visitor)
       14    0.000    0.000    0.000    0.000 restore_symbols.py:12(__init__)
        5    0.000    0.000    0.000    0.000 traits.py:34(__init__)
        1    0.000    0.000    0.000    0.000 import_i18n.j2:1(<module>)
        1    0.000    0.000    0.000    0.000 class_ref.j2:1(<module>)
        1    0.000    0.000    0.000    0.000 alt_class.j2:1(<module>)
        1    0.000    0.000    0.000    0.000 parameter.j2:1(<module>)
        1    0.000    0.000    0.000    0.000 _params.j2:1(<module>)
        1    0.000    0.000    0.000    0.000 while.j2:1(<module>)
        1    0.000    0.000    0.000    0.000 unary_operator.j2:1(<module>)
        1    0.000    0.000    0.000    0.000 continue.j2:1(<module>)
        1    0.000    0.000    0.000    0.000 _before.j2:1(<module>)
        1    0.000    0.000    0.000    0.000 _statements.j2:1(<module>)
        1    0.000    0.000    0.000    0.000 _after.j2:1(<module>)
        1    0.000    0.000    0.000    0.000 decl_this_param.j2:1(<module>)
        1    0.000    0.000    0.000    0.000 entrypoint.j2:1(<module>)
        1    0.000    0.000    0.000    0.000 cvar_new_smart.j2:1(<module>)
        1    0.000    0.000    0.000    0.000 else.j2:1(<module>)
        1    0.000    0.000    0.000    0.000 null.j2:1(<module>)
        1    0.000    0.000    0.000    0.000 str_rfind.j2:1(<module>)
        1    0.000    0.000    0.000    0.000 <frozen importlib._bootstrap>:662(spec_from_loader)
        1    0.000    0.000    0.000    0.000 <frozen codecs>:94(__new__)
        1    0.000    0.000    0.000    0.000 <frozen ntpath>:50(normcase)
        3    0.000    0.000    0.000    0.000 dataclasses.py:531(_field_init)
        2    0.000    0.000    0.000    0.000 primary.py:428(parameters)
        6    0.000    0.000    0.000    0.000 statement_compound.py:123(condition)
        1    0.000    0.000    0.001    0.001 py2cpp.py:815(on_alt_types_name)
        1    0.000    0.000    0.000    0.000 var_of_type.j2:1(<module>)
        1    0.000    0.000    0.000    0.000 _statements_enum.j2:1(<module>)
        1    0.000    0.000    0.000    0.000 decorator.j2:1(<module>)
        1    0.000    0.000    0.000    0.000 list_type.j2:1(<module>)
        1    0.000    0.000    0.000    0.000 argument.j2:1(<module>)
        1    0.000    0.000    0.000    0.000 return.j2:1(<module>)
        1    0.000    0.000    0.000    0.000 move_assign_destruction.j2:1(<module>)
        1    0.000    0.000    0.000    0.000 else_if.j2:1(<module>)
        1    0.000    0.000    0.000    0.000 break.j2:1(<module>)
        1    0.000    0.000    0.000    0.000 _definition_class.j2:1(<module>)
        1    0.000    0.000    0.000    0.000 _classify.j2:1(<module>)
        1    0.000    0.000    0.000    0.000 _inherits.j2:1(<module>)
        1    0.000    0.000    0.000    0.000 dict_type.j2:1(<module>)
        1    0.000    0.000    0.000    0.000 this_ref.j2:1(<module>)
       13    0.000    0.000    0.000    0.000 <frozen abc>:7(abstractmethod)
        2    0.000    0.000    0.000    0.000 primary.py:519(type_params)
        1    0.000    0.000    0.000    0.000 dataclasses.py:668(_frozen_get_del_attr)
        4    0.000    0.000    0.000    0.000 compiler.py:749(mark_parameter_stored)
        1    0.000    0.000    0.001    0.001 py2cpp.py:641(on_alt_class)
        1    0.000    0.000    0.002    0.002 py2cpp.py:1003(on_dict_type)
        2    0.000    0.000    0.000    0.000 reflections.py:638(on_ternary_operator)
        1    0.000    0.000    0.000    0.000 tree.py:18(Meta)
        1    0.000    0.000    0.011    0.011 utils.py:114(deserialize)
        1    0.000    0.000    0.000    0.000 visitors.py:47(_Decoratable)
        1    0.000    0.000    0.000    0.000 decl_local_var.j2:1(<module>)
        1    0.000    0.000    0.000    0.000 integer.j2:1(<module>)
        1    0.000    0.000    0.000    0.000 alt_types_name.j2:1(<module>)
        1    0.000    0.000    0.000    0.000 var.j2:1(<module>)
        1    0.000    0.000    0.000    0.000 _signature_common.j2:1(<module>)
        1    0.000    0.000    0.000    0.000 _return_type.j2:1(<module>)
        1    0.000    0.000    0.000    0.000 str_find.j2:1(<module>)
        1    0.000    0.000    0.000    0.000 falsy.j2:1(<module>)
        1    0.000    0.000    0.000    0.000 _signature_prefix.j2:1(<module>)
        1    0.000    0.000    0.000    0.000 _signature_constructor.j2:1(<module>)
        1    0.000    0.000    0.000    0.000 literalize.j2:1(<module>)
        1    0.000    0.000    0.000    0.000 str_count.j2:1(<module>)
        1    0.000    0.000    0.000    0.000 <frozen importlib._bootstrap>:501(_requires_builtin_wrapper)
        3    0.000    0.000    0.000    0.000 enum.py:1445(_iter_member_by_def_)
        1    0.000    0.000    0.000    0.000 copyreg.py:107(_slotnames)
        5    0.000    0.000    0.000    0.000 primary.py:626(condition)
        5    0.000    0.000    0.001    0.000 literal.py:107(first)
        3    0.000    0.000    0.000    0.000 statement_compound.py:519(is_abstract)
        2    0.000    0.000    0.005    0.003 reflections.py:187(__from_comprehension)
        8    0.000    0.000    0.000    0.000 runtime.py:428(_to_iterator)
        4    0.000    0.000    0.000    0.000 decorator.py:167(__len__)
        1    0.000    0.000    0.000    0.000 lexer.py:410(LexerState)
        1    0.000    0.000    0.000    0.000 grammar.py:38(Terminal)
        6    0.000    0.000    0.000    0.000 __init__.py:205(_checkLevel)
        2    0.000    0.000    0.000    0.000 __init__.py:957(createLock)
        1    0.000    0.000    0.001    0.001 __init__.py:477(StrFormatStyle)
        1    0.000    0.000    0.000    0.000 grammar_analysis.py:52(LR0ItemSet)
        1    0.000    0.000    0.000    0.000 visitors.py:255(TransformerChain)
        1    0.000    0.000    0.000    0.000 grammar_analysis.py:140(GrammarAnalyzer)
        1    0.000    0.000    0.000    0.000 string.j2:1(<module>)
        1    0.000    0.000    0.000    0.000 decl_this_var_forward.j2:1(<module>)
        1    0.000    0.000    0.000    0.000 decl_this_var.j2:1(<module>)
        1    0.000    0.000    0.000    0.000 pair.j2:1(<module>)
        1    0.000    0.000    0.000    0.000 _signature_suffix.j2:1(<module>)
        1    0.000    0.000    0.000    0.000 lexer.py:93(PatternRE)
        1    0.000    0.000    0.000    0.000 load_grammar.py:226(EBNF_to_BNF)
        1    0.000    0.000    0.000    0.000 exceptions.py:211(UnexpectedToken)
        1    0.000    0.000    0.000    0.000 move_assign.j2:1(<module>)
        1    0.000    0.000    0.000    0.000 aug_assign.j2:1(<module>)
        1    0.000    0.000    0.000    0.000 _prepare.j2:1(<module>)
        1    0.000    0.000    0.000    0.000 null_type.j2:1(<module>)
        1    0.000    0.000    0.000    0.000 {built-in method _winapi.LCMapStringEx}
        2    0.000    0.000    0.000    0.000 <frozen importlib._bootstrap_external>:1363(__init__)
        1    0.000    0.000    0.000    0.000 _parser.py:1013(addgroup)
        5    0.000    0.000    0.000    0.000 typing.py:1127(_is_typevar_like)
        2    0.000    0.000    0.000    0.000 lexer.py:461(__new__)
        1    0.000    0.000    0.000    0.000 __init__.py:554(Formatter)
        1    0.000    0.000    0.000    0.000 visitors.py:465(_VArgsWrapper)
        1    0.000    0.000    0.000    0.000 lalr_parser.py:73(_Parser)
        1    0.000    0.000    0.000    0.000 _definition_enum.j2:1(<module>)
        1    0.000    0.000    0.000    0.000 decl_class_param.j2:1(<module>)
        1    0.000    0.000    0.000    0.000 reprlib.py:12(decorating_function)
        1    0.000    0.000    0.000    0.000 lexer.py:116(TerminalDef)
        1    0.000    0.000    0.000    0.000 __init__.py:458(validate)
        1    0.000    0.000    0.000    0.000 cyk.py:215(UnitSkipRule)
        1    0.000    0.000    0.000    0.000 lalr_analysis.py:78(IntParseTable)
        1    0.000    0.000    0.000    0.000 cache.py:4(cache_setting)
        1    0.000    0.000    0.000    0.000 _post_definition.j2:1(<module>)
        1    0.000    0.000    0.000    0.000 __init__.py:174(search)
        3    0.000    0.000    0.000    0.000 enum.py:115(_iter_bits_lsb)
        1    0.000    0.000    0.000    0.000 weakref.py:289(update)
        3    0.000    0.000    0.000    0.000 primary.py:568(_fetch_decl_class)
        5    0.000    0.000    0.000    0.000 literal.py:112(second)
        4    0.000    0.000    0.000    0.000 dataclasses.py:673(<genexpr>)
        2    0.000    0.000    0.000    0.000 compiler.py:158(__init__)
       14    0.000    0.000    0.000    0.000 entrypoints.py:36(<lambda>)
        1    0.000    0.000    0.000    0.000 lexer.py:76(PatternStr)
        1    0.000    0.000    0.000    0.000 exceptions.py:170(UnexpectedCharacters)
        1    0.000    0.000    0.000    0.000 utils.py:264(Enumerator)
        4    0.000    0.000    0.000    0.000 _decl_class_var.j2:4(root)
        1    0.000    0.000    0.000    0.000 visitors.py:274(Transformer_InPlace)
        4    0.000    0.000    0.000    0.000 group.j2:4(root)
        3    0.000    0.000    0.000    0.000 _definition_enum.j2:4(root)
        1    0.000    0.000    0.000    0.000 <frozen importlib._bootstrap_external>:1318(create_module)
        1    0.000    0.000    0.000    0.000 <frozen ntpath>:261(dirname)
        6    0.000    0.000    0.000    0.000 compiler.py:699(<genexpr>)
        1    0.000    0.000    0.000    0.000 grammar.py:55(NonTerminal)
        1    0.000    0.000    0.000    0.000 parser.py:116(LarkStored)
        1    0.000    0.000    0.000    0.000 earley_forest.py:110(PackedNode)
        2    0.000    0.000    0.000    0.000 earley_forest.py:461(__init__)
        1    0.000    0.000    0.000    0.000 earley_common.py:5(Item)
        4    0.000    0.000    0.000    0.000 _before.j2:4(root)
        4    0.000    0.000    0.000    0.000 _after.j2:4(root)
        4    0.000    0.000    0.000    0.000 _post_definition.j2:4(root)
        7    0.000    0.000    0.000    0.000 {built-in method sys.intern}
        7    0.000    0.000    0.000    0.000 __init__.py:432(<genexpr>)
       19    0.000    0.000    0.000    0.000 annotation.py:5(implements)
        2    0.000    0.000    0.000    0.000 compiler.py:394(return_buffer_contents)
        1    0.000    0.000    0.000    0.000 encoder.py:105(__init__)
        1    0.000    0.000    0.000    0.000 header.py:45(__init__)
        1    0.000    0.000    0.000    0.000 reflections.py:661(on_falsy)
        1    0.000    0.000    0.001    0.001 py2cpp.py:749(on_continue)
        1    0.000    0.000    0.000    0.000 earley_forest.py:364(ForestTransformer)
        1    0.000    0.000    0.000    0.000 earley_forest.py:641(TreeForestTransformer)
        1    0.000    0.000    0.000    0.000 cyk.py:21(Rule)
        2    0.000    0.000    0.000    0.000 {method 'tolist' of 'memoryview' objects}
        3    0.000    0.000    0.000    0.000 _parser.py:294(seek)
        1    0.000    0.000    0.000    0.000 header.py:85(to_header_str)
        1    0.000    0.000    0.000    0.000 py2cpp.py:132(meta)
        1    0.000    0.000    0.001    0.001 py2cpp.py:1467(on_truthy)
        1    0.000    0.000    0.000    0.000 py2cpp.py:1503(on_null)
        1    0.000    0.000    0.001    0.001 py2cpp.py:1511(on_group)
        4    0.000    0.000    0.000    0.000 __init__.py:819(__init__)
        1    0.000    0.000    0.000    0.000 __init__.py:511(StringTemplateStyle)
        1    0.000    0.000    0.000    0.000 __init__.py:1490(setLevel)
        1    0.000    0.000    0.000    0.000 lexer.py:478(Lexer)
        1    0.000    0.000    0.000    0.000 visitors.py:289(Transformer_NonRecursive)
        2    0.000    0.000    0.000    0.000 decl_class_var.j2:4(root)
        1    0.000    0.000    0.000    0.000 dataclasses.py:416(_tuple_str)
        1    0.000    0.000    0.000    0.000 ast.py:1831(__getattr__)
        1    0.000    0.000    0.003    0.003 py2cpp.py:1497(on_dict)
        1    0.000    0.000    0.000    0.000 reflections.py:691(on_null)
        1    0.000    0.000    0.000    0.000 visitors.py:494(__set_name__)
        2    0.000    0.000    0.000    0.000 import_i18n.j2:4(root)
        6    0.000    0.000    0.000    0.000 {method 'has_default' of 'typing.TypeVar' objects}
       14    0.000    0.000    0.000    0.000 {method 'isalnum' of 'str' objects}
        2    0.000    0.000    0.000    0.000 typing.py:1973(_caller)
        3    0.000    0.000    0.000    0.000 dataclasses.py:691(_is_classvar)
        3    0.000    0.000    0.000    0.000 dataclasses.py:519(_field_assign)
        1    0.000    0.000    0.000    0.000 load_grammar.py:440(PrepareAnonTerminals)
        1    0.000    0.000    0.000    0.000 parser.py:148(EntryStored)
        1    0.000    0.000    0.000    0.000 lexer.py:356(Scanner)
        2    0.000    0.000    0.000    0.000 alt_types_name.j2:4(root)
        1    0.000    0.000    0.000    0.000 <frozen importlib._bootstrap_external>:1326(exec_module)
        2    0.000    0.000    0.000    0.000 functools.py:871(_is_valid_dispatch_type)
        2    0.000    0.000    0.000    0.000 typing.py:1754(<genexpr>)
        2    0.000    0.000    0.000    0.000 literal.py:138(items)
        2    0.000    0.000    0.000    0.000 compiler.py:745(pop_parameter_definitions)
        8    0.000    0.000    0.000    0.000 runtime.py:556(__iter__)
        1    0.000    0.000    0.000    0.000 __init__.py:286(LogRecord)
        1    0.000    0.000    0.000    0.000 __init__.py:1277(__init__)
        1    0.000    0.000    0.000    0.000 __init__.py:2264(NullHandler)
        1    0.000    0.000    0.000    0.000 __init__.py:1342(__init__)
        1    0.000    0.000    0.000    0.000 visitors.py:21(_DiscardType)
        1    0.000    0.000    0.000    0.000 earley_forest.py:480(PackedData)
        1    0.000    0.000    0.000    0.000 indenter.py:131(PythonIndenter)
        1    0.000    0.000    0.000    0.000 unicode_escape.py:13(Codec)
        3    0.000    0.000    0.000    0.000 {method 'get' of 'mappingproxy' objects}
       13    0.000    0.000    0.000    0.000 {method 'isascii' of 'str' objects}
        1    0.000    0.000    0.000    0.000 <frozen importlib._bootstrap>:989(create_module)
        3    0.000    0.000    0.000    0.000 dataclasses.py:591(_init_param)
        1    0.000    0.000    0.000    0.000 trait.py:60(__init__)
        1    0.000    0.000    0.000    0.000 traits.py:16(export_classes)
        1    0.000    0.000    0.000    0.000 __init__.py:1271(_StderrHandler)
        1    0.000    0.000    0.000    0.000 __init__.py:1835(__init__)
        1    0.000    0.000    0.000    0.000 earley_common.py:1(<module>)
        1    0.000    0.000    0.000    0.000 earley_forest.py:204(ForestVisitor)
        1    0.000    0.000    0.000    0.000 lexer.py:274(LineCounter)
        1    0.000    0.000    0.000    0.000 load_grammar.py:835(__init__)
        2    0.000    0.000    0.000    0.000 {method 'popitem' of 'dict' objects}
        4    0.000    0.000    0.000    0.000 {built-in method sys._getframemodulename}
        4    0.000    0.000    0.000    0.000 annotation.py:41(injectable)
        1    0.000    0.000    0.000    0.000 primary.py:402(key_type)
        1    0.000    0.000    0.000    0.000 __init__.py:1409(_fixupParents)
        1    0.000    0.000    0.000    0.000 statement_compound.py:377(actual_type)
        1    0.000    0.000    0.000    0.000 dataclasses.py:646(<genexpr>)
        2    0.000    0.000    0.000    0.000 lexer.py:259(__init__)
        2    0.000    0.000    0.000    0.000 reflections.py:576(on_comp_for)
        1    0.000    0.000    0.000    0.000 exceptions.py:146(UnexpectedEOF)
        1    0.000    0.000    0.000    0.000 exceptions.py:263(VisitError)
        1    0.000    0.000    0.000    0.000 lalr_analysis.py:21(Action)
        1    0.000    0.000    0.000    0.000 lalr_analysis.py:39(__init__)
        1    0.000    0.000    0.000    0.000 earley_forest.py:725(ForestToPyDotVisitor)
        1    0.000    0.000    0.000    0.000 lalr_interactive_parser.py:130(ImmutableInteractiveParser)
        1    0.000    0.000    0.000    0.000 serializer.py:25(__init__)
        2    0.000    0.000    0.000    0.000 <frozen _collections_abc>:439(__subclasshook__)
        3    0.000    0.000    0.000    0.000 annotation.py:16(duck_typed)
        3    0.000    0.000    0.000    0.000 dataclasses.py:288(__init__)
        7    0.000    0.000    0.000    0.000 element.py:48(declare)
        1    0.000    0.000    0.000    0.000 primary.py:433(return_type)
        3    0.000    0.000    0.000    0.000 dataclasses.py:699(_is_initvar)
        4    0.000    0.000    0.000    0.000 dataclasses.py:411(<genexpr>)
        7    0.000    0.000    0.000    0.000 nodes.py:563(can_assign)
        1    0.000    0.000    0.000    0.000 __init__.py:1119(__init__)
        1    0.000    0.000    0.000    0.000 persistent.py:53(__init__)
        1    0.000    0.000    0.000    0.000 visitors.py:513(v_args)
        1    0.000    0.000    0.000    0.000 parser_frontends.py:162(PostLexConnector)
        1    0.000    0.000    0.000    0.000 earley_forest.py:445(ForestSumVisitor)
        1    0.000    0.000    0.000    0.000 cyk.py:79(Parser)
        1    0.000    0.000    0.000    0.000 visitors.py:579(CollapseAmbiguities)
        1    0.000    0.000    0.000    0.000 parser_frontends.py:247(CYK_FrontEnd)
        1    0.000    0.000    0.000    0.000 load_grammar.py:427(RuleTreeToText)
        1    0.000    0.000    0.000    0.000 load_grammar.py:908(PrepareGrammar)
        2    0.000    0.000    0.000    0.000 null.j2:4(root)
        2    0.000    0.000    0.000    0.000 {method 'setter' of 'property' objects}
        2    0.000    0.000    0.000    0.000 {method 'cast' of 'memoryview' objects}
        1    0.000    0.000    0.000    0.000 <frozen ntpath>:34(_get_bothseps)
        2    0.000    0.000    0.000    0.000 enum.py:1452(<lambda>)
        1    0.000    0.000    0.000    0.000 primary.py:407(value_type)
        1    0.000    0.000    0.000    0.000 ast.py:21(source_provider)
        1    0.000    0.000    0.000    0.000 <string>:2(__init__)
        1    0.000    0.000    0.000    0.000 __init__.py:735(BufferingFormatter)
        1    0.000    0.000    0.000    0.000 __init__.py:814(Filterer)
        1    0.000    0.000    0.000    0.000 load_grammar.py:495(_ReplaceSymbols)
        1    0.000    0.000    0.000    0.000 parser.py:20(__init__)
        1    0.000    0.000    0.000    0.000 __init__.py:451(__init__)
        1    0.000    0.000    0.000    0.000 __init__.py:1189(FileHandler)
        1    0.000    0.000    0.000    0.000 __init__.py:1682(addHandler)
        1    0.000    0.000    0.000    0.000 exceptions.py:11(LarkError)
        1    0.000    0.000    0.000    0.000 parser_frontends.py:194(EarleyRegexpMatcher)
        2    0.000    0.000    0.000    0.000 earley_forest.py:223(__init__)
        2    0.000    0.000    0.000    0.000 lalr_analysis.py:22(__init__)
        1    0.000    0.000    0.000    0.000 parse_tree_builder.py:83(make_propagate_positions)
        1    0.000    0.000    0.000    0.000 lexer.py:307(UnlessCallback)
        1    0.000    0.000    0.000    0.000 earley_forest.py:174(TokenNode)
        1    0.000    0.000    0.000    0.000 parse_tree_builder.py:16(ExpandSingleChild)
        2    0.000    0.000    0.000    0.000 continue.j2:4(root)
        2    0.000    0.000    0.000    0.000 truthy.j2:4(root)
        1    0.000    0.000    0.000    0.000 {built-in method atexit.register}
        1    0.000    0.000    0.000    0.000 {built-in method time.time_ns}
        1    0.000    0.000    0.000    0.000 <frozen importlib._bootstrap>:997(exec_module)
        1    0.000    0.000    0.000    0.000 expression.py:7(expression)
        4    0.000    0.000    0.000    0.000 dataclasses.py:1172(<genexpr>)
        1    0.000    0.000    0.000    0.000 writer.py:17(put)
        3    0.000    0.000    0.000    0.000 dataclasses.py:705(_is_kw_only)
        1    0.000    0.000    0.000    0.000 writer.py:8(__init__)
        1    0.000    0.000    0.000    0.000 runtime.py:247(get_exported)
        1    0.000    0.000    0.000    0.000 getpass.py:25(GetPassWarning)
        3    0.000    0.000    0.000    0.000 exceptions.py:19(assert_config)
        1    0.000    0.000    0.000    0.000 visitors.py:243(InlineTransformer)
        1    0.000    0.000    0.000    0.000 visitors.py:345(VisitorBase)
        1    0.000    0.000    0.000    0.000 parser_frontends.py:163(__init__)
        1    0.000    0.000    0.000    0.000 earley_forest.py:106(StableSymbolNode)
        1    0.000    0.000    0.000    0.000 lalr_parser.py:78(__init__)
        1    0.000    0.000    0.000    0.000 cyk.py:66(RuleNode)
        1    0.000    0.000    0.000    0.000 lalr_analysis.py:70(ParseTable)
        1    0.000    0.000    0.000    0.000 parse_tree_builder.py:28(PropagatePositions)
        1    0.000    0.000    0.000    0.000 parse_tree_builder.py:331(ParseTreeBuilder)
        1    0.000    0.000    0.000    0.000 __init__.py:1829(RootLogger)
        1    0.000    0.000    0.000    0.000 load_grammar.py:513(ApplyTemplates)
        1    0.000    0.000    0.000    0.000 load_grammar.py:667(ValidateSymbols)
        1    0.000    0.000    0.000    0.000 cyk.py:49(Grammar)
        1    0.000    0.000    0.000    0.000 {method 'insert' of 'list' objects}
        1    0.000    0.000    0.000    0.000 reprlib.py:9(recursive_repr)
        1    0.000    0.000    0.000    0.000 typing.py:3719(override)
        1    0.000    0.000    0.000    0.000 primary.py:412(primary_type)
        4    0.000    0.000    0.000    0.000 dataclasses.py:1111(<genexpr>)
        1    0.000    0.000    0.000    0.000 dataclasses.py:1277(dataclass)
        1    0.000    0.000    0.000    0.000 reflections.py:587(on_factor)
        1    0.000    0.000    0.000    0.000 cache.py:218(__init__)
        1    0.000    0.000    0.000    0.000 __init__.py:777(Filter)
        1    0.000    0.000    0.000    0.000 semantics.py:15(trait_provider)
        1    0.000    0.000    0.000    0.000 indenter.py:83(always_accept)
        1    0.000    0.000    0.000    0.000 tree.py:229(SlottedTree)
        1    0.000    0.000    0.000    0.000 earley_forest.py:22(ForestNode)
        1    0.000    0.000    0.000    0.000 indenter.py:12(DedentError)
        1    0.000    0.000    0.000    0.000 __init__.py:1295(PlaceHolder)
        1    0.000    0.000    0.000    0.000 load_grammar.py:599(PrepareLiterals)
        1    0.000    0.000    0.000    0.000 load_grammar.py:1079(Definition)
        1    0.000    0.000    0.000    0.000 lexer.py:318(CallChain)
        1    0.000    0.000    0.000    0.000 parse_tree_builder.py:94(ChildFilter)
        1    0.000    0.000    0.000    0.000 parse_tree_builder.py:117(ChildFilterLALR)
        1    0.000    0.000    0.000    0.000 parse_tree_builder.py:139(ChildFilterLALR_NoPlaceholders)
        1    0.000    0.000    0.000    0.000 parse_tree_builder.py:190(AmbiguousExpander)
        1    0.000    0.000    0.000    0.000 cyk.py:184(CnfWrapper)
        1    0.000    0.000    0.000    0.000 unicode_escape.py:20(IncrementalEncoder)
        1    0.000    0.000    0.000    0.000 unicode_escape.py:24(IncrementalDecoder)
        1    0.000    0.000    0.000    0.000 {built-in method _sre.template}
        1    0.000    0.000    0.000    0.000 {method 'setdefault' of 'dict' objects}
        2    0.000    0.000    0.000    0.000 {method 'isdisjoint' of 'set' objects}
        1    0.000    0.000    0.000    0.000 {built-in method _imp.exec_builtin}
        1    0.000    0.000    0.000    0.000 <frozen abc>:146(update_abstractmethods)
        2    0.000    0.000    0.000    0.000 typing.py:3155(<genexpr>)
        1    0.000    0.000    0.000    0.000 dataclasses.py:412(<genexpr>)
        1    0.000    0.000    0.000    0.000 parser.py:119(__init__)
        1    0.000    0.000    0.000    0.000 exceptions.py:32(LexError)
        1    0.000    0.000    0.000    0.000 grammar.py:15(__init__)
        1    0.000    0.000    0.000    0.000 utils.py:319(fzset)
        1    0.000    0.000    0.000    0.000 visitors.py:336(Transformer_InPlaceRecursive)
        3    0.000    0.000    0.000    0.000 visitors.py:70(__class_getitem__)
        1    0.000    0.000    0.000    0.000 __init__.py:1357(disable)
        1    0.000    0.000    0.000    0.000 parse_tree_builder.py:230(AmbiguousIntermediateExpander)
        1    0.000    0.000    0.000    0.000 unicode_escape.py:31(StreamReader)
        1    0.000    0.000    0.000    0.000 {built-in method builtins.vars}
        1    0.000    0.000    0.000    0.000 <frozen importlib._bootstrap>:1014(is_package)
        2    0.000    0.000    0.000    0.000 <frozen importlib._bootstrap_external>:1439(exec_module)
        1    0.000    0.000    0.000    0.000 dataclasses.py:429(__init__)
        1    0.000    0.000    0.000    0.000 dataclasses.py:351(__init__)
        1    0.000    0.000    0.000    0.000 exceptions.py:28(ParseError)
        1    0.000    0.000    0.000    0.000 exceptions.py:24(GrammarError)
        1    0.000    0.000    0.000    0.000 exceptions.py:15(ConfigurationError)
        1    0.000    0.000    0.000    0.000 exceptions.py:288(MissingVariableError)
        1    0.000    0.000    0.000    0.000 <string>:1(<module>)
        2    0.000    0.000    0.000    0.000 __init__.py:257(_register_at_fork_reinit_lock)
        1    0.000    0.000    0.000    0.000 earley_forest.py:485(_NoData)
        1    0.000    0.000    0.000    0.000 unicode_escape.py:28(StreamWriter)
        2    0.000    0.000    0.000    0.000 {method 'clear' of 'dict' objects}
        1    0.000    0.000    0.000    0.000 <frozen importlib._bootstrap_external>:1307(__init__)
        1    0.000    0.000    0.000    0.000 annotation.py:24(decorator)


